dataset_index,filename,city,total_pixels,bare_pixels,bare_fraction,B2_mean,B2_std,B2_min,B2_median,B2_max,B3_mean,B3_std,B3_min,B3_median,B3_max,B4_mean,B4_std,B4_min,B4_median,B4_max,B8_mean,B8_std,B8_min,B8_median,B8_max,B11_mean,B11_std,B11_min,B11_median,B11_max,B12_mean,B12_std,B12_min,B12_median,B12_max
0,GeoVision_Jaipur_tile_65.tif,Jaipur,65536,4272,0.065185546875,0.14536388218402863,0.02828969620168209,0.03635000064969063,0.14184999465942383,0.40540000796318054,0.18980862200260162,0.03113383986055851,0.062449999153614044,0.18790000677108765,0.4405499994754791,0.23220525681972504,0.0377487950026989,0.05429999902844429,0.23315000534057617,0.4562000036239624,0.29476577043533325,0.04206284508109093,0.07609999924898148,0.29967498779296875,0.43630000948905945,0.34942033886909485,0.043445151299238205,0.10244999825954437,0.3534500002861023,0.5078999996185303,0.32425656914711,0.044598884880542755,0.08330000191926956,0.3269999921321869,0.5041999816894531
1,GeoVision_Jaipur_tile_157.tif,Jaipur,65536,469,0.0071563720703125,0.1482895463705063,0.030117707327008247,0.0925000011920929,0.14239999651908875,0.2912999987602234,0.19578027725219727,0.031325459480285645,0.11890000104904175,0.19249999523162842,0.33000001311302185,0.24881000816822052,0.03363121300935745,0.13255000114440918,0.24889999628067017,0.3783999979496002,0.3149518072605133,0.029561355710029602,0.19654999673366547,0.3160499930381775,0.44644999504089355,0.3777906894683838,0.029014063999056816,0.2635999917984009,0.37755000591278076,0.45500001311302185,0.3546018898487091,0.03293206915259361,0.2405499964952469,0.35519999265670776,0.4557499885559082
2,GeoVision_Chennai_tile_77.tif,Chennai,65536,0,0.0,,,,,,,,,,,,,,,,,,,,,,,,,,,,,,
3,GeoVision_Delhi_tile_8.tif,Delhi,65536,2795,0.0426483154296875,0.13127079606056213,0.03080638311803341,0.045899998396635056,0.12647272646427155,0.3628000020980835,0.17157140374183655,0.031608518213033676,0.05620000138878822,0.17080000042915344,0.42820000648498535,0.20502369105815887,0.03685460984706879,0.062449999153614044,0.20804999768733978,0.4533250033855438,0.26840195059776306,0.040130969136953354,0.07800000160932541,0.27601999044418335,0.4670666456222534,0.3006535470485687,0.044389400631189346,0.1006999984383583,0.3068000078201294,0.5005750060081482,0.2729377746582031,0.04531192034482956,0.08467499911785126,0.2788333296775818,0.4878999888896942
4,GeoVision_Delhi_tile_144.tif,Delhi,65536,0,0.0,,,,,,,,,,,,,,,,,,,,,,,,,,,,,,
5,GeoVision_Ahmedabad_tile_24.tif,Ahmedabad,65536,564,0.00860595703125,0.1481403112411499,0.07289836555719376,0.029820000752806664,0.14315000176429749,0.41839998960494995,0.18631654977798462,0.07526616007089615,0.04710625112056732,0.18312498927116394,0.49129998683929443,0.20760668814182281,0.09218265116214752,0.03487391397356987,0.21674999594688416,0.5424000024795532,0.26773199439048767,0.10461705923080444,0.0470714308321476,0.29622501134872437,0.5941500067710876,0.2931210398674011,0.11462237685918808,0.04033749923110008,0.30320000648498535,0.5545250177383423,0.2577172815799713,0.11879753321409225,0.027540000155568123,0.25677499175071716,0.5958499908447266
6,GeoVision_Hyderabad_tile_54.tif,Hyderabad,65536,692,0.01055908203125,0.1278325766324997,0.0584026463329792,0.04573333263397217,0.13539999723434448,0.3643999993801117,0.157583087682724,0.06278473883867264,0.0683249980211258,0.1701500117778778,0.414000004529953,0.1755279153585434,0.08333512395620346,0.04839999973773956,0.20069999992847443,0.43479999899864197,0.22200925648212433,0.10085909068584442,0.055799998342990875,0.2601333260536194,0.4323999881744385,0.2570295035839081,0.13659653067588806,0.024900000542402267,0.31415000557899475,0.5287333726882935,0.23259809613227844,0.12932421267032623,0.019899999722838402,0.27959999442100525,0.501800000667572
7,GeoVision_Mumbai_tile_50.tif,Mumbai,65536,1148,0.01751708984375,0.1084849089384079,0.038579776883125305,0.05939999967813492,0.09900526702404022,0.2729499936103821,0.1313484013080597,0.044265732169151306,0.07446666806936264,0.12070000171661377,0.30660000443458557,0.15161460638046265,0.05102379620075226,0.06530000269412994,0.14255499839782715,0.3400000035762787,0.17886552214622498,0.05132027715444565,0.06859999895095825,0.17432498931884766,0.3709999918937683,0.2114374041557312,0.07125528901815414,0.07684999704360962,0.1963150054216385,0.5142999887466431,0.19917534291744232,0.08362755179405212,0.05779999867081642,0.1772874891757965,0.5775666236877441
8,GeoVision_Delhi_tile_2.tif,Delhi,65536,2146,0.032745361328125,0.1291518658399582,0.033435240387916565,0.051600001752376556,0.12269999831914902,0.352400004863739,0.17323215305805206,0.031874556094408035,0.06539999693632126,0.17069999873638153,0.3928000032901764,0.21478629112243652,0.03430968150496483,0.0786999985575676,0.21559999883174896,0.41760000586509705,0.2819259464740753,0.03250441700220108,0.10760000348091125,0.28439998626708984,0.4004000127315521,0.3252013921737671,0.0370902381837368,0.12960000336170197,0.32670000195503235,0.5436000227928162,0.2991088926792145,0.04515059292316437,0.09489999711513519,0.29809999465942383,0.5791000127792358
9,GeoVision_Bengaluru_tile_83.tif,Bengaluru,65536,249,0.0037994384765625,0.11579076200723648,0.03957630321383476,0.033149998635053635,0.10970000177621841,0.3702000081539154,0.15862710773944855,0.048382315784692764,0.03819999843835831,0.15940000116825104,0.4214000105857849,0.21327409148216248,0.07256466895341873,0.0515500009059906,0.2222999930381775,0.4266499876976013,0.2627228796482086,0.08218037337064743,0.05909999832510948,0.2728999853134155,0.4323999881744385,0.3176421821117401,0.1099587231874466,0.11050000041723251,0.29585000872612,0.5322999954223633,0.2773439884185791,0.09596464782953262,0.09560000151395798,0.2536500096321106,0.46015000343322754
10,GeoVision_Hyderabad_tile_83.tif,Hyderabad,65536,199,0.0030364990234375,0.12576714158058167,0.020295580849051476,0.06636666506528854,0.12620000541210175,0.17839999496936798,0.16731859743595123,0.03191544488072395,0.07850000262260437,0.1753000020980835,0.22130000591278076,0.2178151160478592,0.05480773374438286,0.07846666872501373,0.2393999993801117,0.2964000105857849,0.2788683772087097,0.06819715350866318,0.10429999977350235,0.311516672372818,0.36160001158714294,0.33566001057624817,0.08343632519245148,0.16548000276088715,0.37014999985694885,0.44064998626708984,0.30319520831108093,0.07783833146095276,0.12349999696016312,0.3278000056743622,0.40849998593330383
11,GeoVision_Ahmedabad_tile_16.tif,Ahmedabad,65536,959,0.0146331787109375,0.16314683854579926,0.06489133834838867,0.049687501043081284,0.15076665580272675,0.31966668367385864,0.19823169708251953,0.07084519416093826,0.08061666786670685,0.18636000156402588,0.36500000953674316,0.22974269092082977,0.08004394918680191,0.07090000063180923,0.2243500053882599,0.4260750114917755,0.2772647440433502,0.07972615957260132,0.07145000249147415,0.27755001187324524,0.5019999742507935,0.3153321444988251,0.07926702499389648,0.102566659450531,0.32155001163482666,0.5030750036239624,0.29849332571029663,0.08966390788555145,0.07419999688863754,0.30329999327659607,0.524566650390625
12,GeoVision_Kolkata_tile_100.tif,Kolkata,65536,279,0.0042572021484375,0.06072939187288284,0.01553840097039938,0.03799999877810478,0.05559999868273735,0.13840000331401825,0.08475268632173538,0.018000299111008644,0.05730000138282776,0.08139999955892563,0.16920000314712524,0.07089964300394058,0.024193663150072098,0.0414000004529953,0.06499999761581421,0.2062000036239624,0.08628244698047638,0.032854966819286346,0.053700000047683716,0.07769999653100967,0.2955999970436096,0.06581505388021469,0.04797586426138878,0.02239999920129776,0.05310000106692314,0.2883000075817108,0.046304307878017426,0.044092100113630295,0.014499999582767487,0.03350000083446503,0.22709999978542328
13,GeoVision_Bengaluru_tile_54.tif,Bengaluru,65536,131,0.0019989013671875,0.12460459768772125,0.05172541365027428,0.047200001776218414,0.1152999997138977,0.37400001287460327,0.15661868453025818,0.05531309172511101,0.05640000104904175,0.15109999477863312,0.3885999917984009,0.1912904530763626,0.0650782436132431,0.05615000054240227,0.1907999962568283,0.38600000739097595,0.23929694294929504,0.07106444984674454,0.0791499987244606,0.25084999203681946,0.382099986076355,0.29321643710136414,0.0909467563033104,0.10689999908208847,0.2944999933242798,0.4652000069618225,0.2623278498649597,0.08920776098966599,0.07975000143051147,0.25529998540878296,0.4493499994277954
14,GeoVision_Mumbai_tile_107.tif,Mumbai,65536,786,0.011993408203125,0.10402923822402954,0.01921197772026062,0.05605882406234741,0.10387691855430603,0.1775333434343338,0.1254858672618866,0.021158725023269653,0.06861110776662827,0.1253499984741211,0.19671110808849335,0.14626124501228333,0.025127414613962173,0.0685785710811615,0.14849695563316345,0.23430000245571136,0.17688210308551788,0.026563292369246483,0.09071999788284302,0.17735908925533295,0.28611427545547485,0.19866006076335907,0.02995148114860058,0.08950357139110565,0.20001429319381714,0.2895199954509735,0.17981766164302826,0.031336165964603424,0.07214545458555222,0.18071499466896057,0.28002142906188965
15,GeoVision_Mumbai_tile_117.tif,Mumbai,65536,118,0.001800537109375,0.09654074907302856,0.014976662583649158,0.06920000165700912,0.094200000166893,0.14380000531673431,0.11304109543561935,0.015326728112995625,0.08449999988079071,0.11169999837875366,0.1597999930381775,0.11742203682661057,0.01734704151749611,0.08389999717473984,0.11630000174045563,0.16140000522136688,0.14545591175556183,0.021998565644025803,0.06949999928474426,0.14829999208450317,0.19820000231266022,0.14430831372737885,0.025300508365035057,0.051899999380111694,0.14910000562667847,0.179299995303154,0.11572272330522537,0.02155114896595478,0.050700001418590546,0.1185000017285347,0.14790000021457672
16,GeoVision_Delhi_tile_122.tif,Delhi,65536,178,0.002716064453125,0.15034465491771698,0.023792879655957222,0.03994999825954437,0.1514500081539154,0.2084999978542328,0.17241880297660828,0.022613290697336197,0.07164999842643738,0.1746000051498413,0.23849999904632568,0.1870289444923401,0.026649631559848785,0.05009999871253967,0.18889999389648438,0.25290000438690186,0.22592416405677795,0.03153267502784729,0.04984999820590019,0.22345000505447388,0.29789999127388,0.22156743705272675,0.037158891558647156,0.05824999883770943,0.2113499939441681,0.32019999623298645,0.20179690420627594,0.03363639861345291,0.04574999958276749,0.19734999537467957,0.289249986410141
17,GeoVision_Mumbai_tile_177.tif,Mumbai,65536,317,0.0048370361328125,0.10786246508359909,0.05150178447365761,0.038100000470876694,0.09619999676942825,0.3476000130176544,0.12690220773220062,0.05956306681036949,0.041200000792741776,0.11640000343322754,0.40720000863075256,0.14376939833164215,0.07075320184230804,0.04019999876618385,0.13420000672340393,0.4620000123977661,0.1738053560256958,0.08193039149045944,0.04800000041723251,0.1615999937057495,0.519599974155426,0.18099874258041382,0.08139587193727493,0.046799998730421066,0.17399999499320984,0.4844000041484833,0.16091230511665344,0.07940036058425903,0.03660000115633011,0.15410000085830688,0.4683000147342682
18,GeoVision_Kolkata_tile_78.tif,Kolkata,65536,121,0.0018463134765625,0.1307504028081894,0.028960099443793297,0.08699999749660492,0.12200000137090683,0.21960000693798065,0.155547097325325,0.031123807653784752,0.1103999987244606,0.14900000393390656,0.2542000114917755,0.18134380877017975,0.033779166638851166,0.125,0.17560000717639923,0.29159998893737793,0.24126692116260529,0.03942469134926796,0.15839999914169312,0.24199999868869781,0.3479999899864197,0.288932204246521,0.03345942497253418,0.21719999611377716,0.2838999927043915,0.38580000400543213,0.26163139939308167,0.04192211478948593,0.19439999759197235,0.25529998540878296,0.42899999022483826
19,GeoVision_Chennai_tile_69.tif,Chennai,65536,548,0.00836181640625,0.11725547164678574,0.034411802887916565,0.04839999973773956,0.12014999985694885,0.28630000352859497,0.13576506078243256,0.03994790092110634,0.05364999920129776,0.14034999907016754,0.3116999864578247,0.14522545039653778,0.052139606326818466,0.04230000078678131,0.15520000457763672,0.34790000319480896,0.19154880940914154,0.06842483580112457,0.04255000129342079,0.20569999516010284,0.400299996137619,0.2300916165113449,0.07997094094753265,0.0430000014603138,0.2591499984264374,0.36945000290870667,0.19781677424907684,0.07339227199554443,0.029850000515580177,0.22222499549388885,0.342849999666214
20,GeoVision_Hyderabad_tile_77.tif,Hyderabad,65536,322,0.004913330078125,0.12758348882198334,0.033000774681568146,0.05183333158493042,0.1299000084400177,0.2775999903678894,0.16651254892349243,0.04005378484725952,0.06719999760389328,0.17299999296665192,0.323199987411499,0.21073073148727417,0.061652544885873795,0.05339999869465828,0.22606666386127472,0.35446667671203613,0.2727867662906647,0.07968049496412277,0.04580000042915344,0.29512500762939453,0.3750666677951813,0.3348695635795593,0.0994301438331604,0.03680000081658363,0.36269164085388184,0.45239999890327454,0.29051896929740906,0.0932193249464035,0.026200000196695328,0.30924999713897705,0.40639999508857727
21,GeoVision_Mumbai_tile_164.tif,Mumbai,65536,0,0.0,,,,,,,,,,,,,,,,,,,,,,,,,,,,,,
22,GeoVision_Jaipur_tile_165.tif,Jaipur,65536,307,0.0046844482421875,0.1358809620141983,0.023439479991793633,0.08389999717473984,0.13289999961853027,0.20239999890327454,0.18242737650871277,0.02324683964252472,0.11940000206232071,0.18199999630451202,0.2517000138759613,0.23267443478107452,0.03165863826870918,0.1387999951839447,0.23180000483989716,0.33755001425743103,0.3027547299861908,0.03185669705271721,0.23229999840259552,0.3018999993801117,0.4159500002861023,0.36618372797966003,0.04661719128489494,0.2836500108242035,0.35910001397132874,0.46639999747276306,0.3272472321987152,0.05030801147222519,0.24095000326633453,0.3156000077724457,0.44190001487731934
23,GeoVision_Ahmedabad_tile_55.tif,Ahmedabad,65536,1299,0.0198211669921875,0.1575230062007904,0.06518992781639099,0.039427272975444794,0.1445000022649765,0.3794666826725006,0.19122757017612457,0.06869543343782425,0.07544545084238052,0.17739999294281006,0.4265333414077759,0.21774278581142426,0.07585622370243073,0.04913749918341637,0.21220000088214874,0.4406999945640564,0.2666824162006378,0.07766100764274597,0.04610000178217888,0.2748500108718872,0.48774999380111694,0.2921709716320038,0.07661010324954987,0.04833666607737541,0.30344998836517334,0.4972499907016754,0.26935717463493347,0.07872828841209412,0.033525001257658005,0.2760249972343445,0.5018500089645386
24,GeoVision_Mumbai_tile_152.tif,Mumbai,65536,1918,0.029266357421875,0.09955412149429321,0.02664870023727417,0.04479999840259552,0.09670714288949966,0.22619999945163727,0.11925632506608963,0.032976459711790085,0.04793333262205124,0.11634249985218048,0.25859999656677246,0.13486382365226746,0.041013479232788086,0.046433333307504654,0.13177499175071716,0.30959999561309814,0.16585874557495117,0.05037650093436241,0.04735000059008598,0.16290000081062317,0.39640000462532043,0.1779104620218277,0.04837912693619728,0.045899998396635056,0.1776999980211258,0.40139999985694885,0.15738502144813538,0.04808453097939491,0.032499998807907104,0.15727499127388,0.3781999945640564
25,GeoVision_Ahmedabad_tile_117.tif,Ahmedabad,65536,1501,0.0229034423828125,0.11360844224691391,0.037625547498464584,0.02590000070631504,0.12025000154972076,0.2798500061035156,0.14304594695568085,0.047437429428100586,0.036775000393390656,0.15049999952316284,0.323199987411499,0.1652848869562149,0.06534320116043091,0.02824999950826168,0.16891665756702423,0.3689333200454712,0.20279553532600403,0.08327613025903702,0.028049999848008156,0.20454999804496765,0.39774999022483826,0.22332356870174408,0.0886773094534874,0.0326399989426136,0.20749999582767487,0.4546000063419342,0.21268180012702942,0.08669870346784592,0.02423333190381527,0.19740000367164612,0.4311999976634979
26,GeoVision_Jaipur_tile_1.tif,Jaipur,65536,118,0.001800537109375,0.13083390891551971,0.02516852505505085,0.08330000191926956,0.1315000057220459,0.2046000063419342,0.1850254386663437,0.03352303057909012,0.12160000205039978,0.188400000333786,0.24959999322891235,0.2314186543226242,0.04806055501103401,0.12880000472068787,0.23430000245571136,0.30660000443458557,0.3017635941505432,0.05679655075073242,0.1446000039577484,0.31299999356269836,0.3871999979019165,0.38156360387802124,0.05185617506504059,0.25600001215934753,0.38350000977516174,0.46320000290870667,0.3535975217819214,0.05646149441599846,0.22439999878406525,0.35420000553131104,0.45500001311302185
27,GeoVision_Jaipur_tile_173.tif,Jaipur,65536,96,0.00146484375,0.19171667098999023,0.039881426841020584,0.06700000166893005,0.19589999318122864,0.26409998536109924,0.21872656047344208,0.03741695359349251,0.09539999812841415,0.21889999508857727,0.3165999948978424,0.24402447044849396,0.038731563836336136,0.09605000168085098,0.23890000581741333,0.34549999237060547,0.3058067560195923,0.032228417694568634,0.15389999747276306,0.3061249852180481,0.38989999890327454,0.3298250138759613,0.03564769774675369,0.21699999272823334,0.32919999957084656,0.3988499939441681,0.2705880105495453,0.04125072434544563,0.1684499979019165,0.26669999957084656,0.366100013256073
28,GeoVision_Chennai_tile_142.tif,Chennai,65536,0,0.0,,,,,,,,,,,,,,,,,,,,,,,,,,,,,,
29,GeoVision_Mumbai_tile_178.tif,Mumbai,65536,1060,0.01617431640625,0.09456688165664673,0.023542707785964012,0.03819999843835831,0.09350000321865082,0.186599999666214,0.11497791856527328,0.028512433171272278,0.04800000041723251,0.1145000010728836,0.22519999742507935,0.1331949084997177,0.035985007882118225,0.0414000004529953,0.1340000033378601,0.2524000108242035,0.1667785942554474,0.04135314002633095,0.054499998688697815,0.17000000178813934,0.27959999442100525,0.17641007900238037,0.041542794555425644,0.04839999973773956,0.17800000309944153,0.25609999895095825,0.15400056540966034,0.041713930666446686,0.0333000011742115,0.1554499864578247,0.23759999871253967
30,GeoVision_Hyderabad_tile_76.tif,Hyderabad,65536,485,0.0074005126953125,0.1223679929971695,0.038611289113759995,0.03759999945759773,0.11720000207424164,0.3240000009536743,0.1591757833957672,0.04056107625365257,0.04349999874830246,0.16099999845027924,0.3215999901294708,0.20708470046520233,0.056445103138685226,0.03280000016093254,0.21979999542236328,0.3603000044822693,0.27459436655044556,0.07084347307682037,0.032600000500679016,0.29280000925064087,0.41499999165534973,0.35118988156318665,0.09775105863809586,0.032099999487400055,0.39125001430511475,0.4438999891281128,0.2982116937637329,0.08771076053380966,0.022600000724196434,0.33070001006126404,0.4327999949455261
31,GeoVision_Delhi_tile_38.tif,Delhi,65536,5408,0.08251953125,0.1315627247095108,0.023913146927952766,0.043699998408555984,0.1306000053882599,0.29120001196861267,0.16887980699539185,0.027329377830028534,0.05770000070333481,0.1695999950170517,0.34119999408721924,0.19841669499874115,0.03465811535716057,0.06199999898672104,0.19979999959468842,0.3747999966144562,0.2563764750957489,0.043165422976017,0.08290000259876251,0.2639999985694885,0.4244000017642975,0.2880232632160187,0.04901905357837677,0.10509999841451645,0.29190000891685486,0.41929998993873596,0.2616187036037445,0.0491345152258873,0.07989999651908875,0.2632000148296356,0.3912999927997589
32,GeoVision_Mumbai_tile_179.tif,Mumbai,65536,2593,0.0395660400390625,0.09636111557483673,0.018346132710576057,0.04050000011920929,0.09399999678134918,0.21991999447345734,0.11632658541202545,0.02056320570409298,0.05460000038146973,0.11460000276565552,0.2513999938964844,0.13630278408527374,0.02488030306994915,0.042500000447034836,0.13619999587535858,0.2895500063896179,0.16769996285438538,0.030147774145007133,0.05987999960780144,0.16811999678611755,0.35359999537467957,0.18321043252944946,0.032038941979408264,0.06515000015497208,0.18195000290870667,0.39783331751823425,0.16352349519729614,0.03323797509074211,0.04699999839067459,0.164000004529953,0.409074991941452
33,GeoVision_Ahmedabad_tile_31.tif,Ahmedabad,65536,1313,0.0200347900390625,0.12940897047519684,0.024574756622314453,0.06835833191871643,0.12999999523162842,0.30533331632614136,0.1677454710006714,0.03017817996442318,0.0917000025510788,0.1680999994277954,0.3561333119869232,0.21510960161685944,0.04190642759203911,0.10193333029747009,0.2168000042438507,0.42500001192092896,0.28226953744888306,0.04765476658940315,0.13830000162124634,0.28780001401901245,0.46665000915527344,0.3290803134441376,0.059227555990219116,0.1563500016927719,0.3325499892234802,0.47609999775886536,0.30229485034942627,0.058523859828710556,0.14259999990463257,0.30344998836517334,0.43607500195503235
34,GeoVision_Ahmedabad_tile_127.tif,Ahmedabad,65536,865,0.0131988525390625,0.1422334760427475,0.032666727900505066,0.029224999248981476,0.1492999941110611,0.2395000010728836,0.20368145406246185,0.04543222859501839,0.05415000021457672,0.21629999577999115,0.31823331117630005,0.25636857748031616,0.06550705432891846,0.039400000125169754,0.2739500105381012,0.3621000051498413,0.32144895195961,0.07741226255893707,0.032999999821186066,0.34119999408721924,0.4198000133037567,0.386974960565567,0.0889875590801239,0.03734999895095825,0.4081999957561493,0.4953500032424927,0.3539697527885437,0.0876944288611412,0.024949999526143074,0.3778499960899353,0.45323336124420166
35,GeoVision_Mumbai_tile_73.tif,Mumbai,65536,0,0.0,,,,,,,,,,,,,,,,,,,,,,,,,,,,,,
36,GeoVision_Bengaluru_tile_79.tif,Bengaluru,65536,350,0.005340576171875,0.14100199937820435,0.05244940146803856,0.05770000070333481,0.13120000064373016,0.4113999903202057,0.18245698511600494,0.0534304641187191,0.08275000005960464,0.17329999804496765,0.41620001196861267,0.23046299815177917,0.06149257719516754,0.08004999905824661,0.2222749888896942,0.41874998807907104,0.29663845896720886,0.06446792930364609,0.09835000336170197,0.28837502002716064,0.4305500090122223,0.3549501299858093,0.08134139329195023,0.16564999520778656,0.34735000133514404,0.5319499969482422,0.32150354981422424,0.08361515402793884,0.13334999978542328,0.30877500772476196,0.5001000165939331
37,GeoVision_Delhi_tile_72.tif,Delhi,65536,236,0.00360107421875,0.14839978516101837,0.033357616513967514,0.04899999871850014,0.14630000293254852,0.2980000078678131,0.17964152991771698,0.033716559410095215,0.0803999975323677,0.17870000004768372,0.3540000021457672,0.20707033574581146,0.040659818798303604,0.0828000009059906,0.2061000019311905,0.3763999938964844,0.2700122892856598,0.038950081914663315,0.17579999566078186,0.272599995136261,0.397599995136261,0.2911042273044586,0.043328750878572464,0.18045000731945038,0.2964000105857849,0.39250001311302185,0.25980573892593384,0.04995916411280632,0.13459999859333038,0.26684999465942383,0.41690000891685486
38,GeoVision_Kolkata_tile_170.tif,Kolkata,65536,308,0.00469970703125,0.08153722435235977,0.02114136703312397,0.037700001150369644,0.07890000194311142,0.1702166646718979,0.09953770041465759,0.025637291371822357,0.04670000076293945,0.09772500395774841,0.1892400085926056,0.11736813932657242,0.031084496527910233,0.04202499985694885,0.11792619526386261,0.21240000426769257,0.15391364693641663,0.040437083691358566,0.04600000008940697,0.1551249921321869,0.2856200039386749,0.18795683979988098,0.05338704586029053,0.04039999842643738,0.18147501349449158,0.37299999594688416,0.17066590487957,0.056906361132860184,0.02655000053346157,0.1621749997138977,0.39079999923706055
39,GeoVision_Jaipur_tile_161.tif,Jaipur,65536,1030,0.015716552734375,0.1321856677532196,0.04671935364603996,0.050050001591444016,0.12764999270439148,0.2928999960422516,0.16944795846939087,0.054989513009786606,0.0608999989926815,0.16769999265670776,0.3400000035762787,0.20257286727428436,0.06586577743291855,0.0693499967455864,0.20475000143051147,0.39629998803138733,0.2567428946495056,0.07168690115213394,0.09369999915361404,0.2730749845504761,0.4487999975681305,0.3003791868686676,0.0720691829919815,0.16314999759197235,0.275299996137619,0.48330000042915344,0.2786298990249634,0.07960902154445648,0.14159999787807465,0.24899999797344208,0.5199499726295471
40,GeoVision_Mumbai_tile_14.tif,Mumbai,65536,1,1.52587890625e-05,0.0840499997138977,0.0,0.0840499997138977,0.0840499997138977,0.0840499997138977,0.10939999669790268,0.0,0.10939999669790268,0.10939999669790268,0.10939999669790268,0.13429999351501465,0.0,0.13429999351501465,0.13429999351501465,0.13429999351501465,0.16990000009536743,0.0,0.16990000009536743,0.16990000009536743,0.16990000009536743,0.19580000638961792,0.0,0.19580000638961792,0.19580000638961792,0.19580000638961792,0.16120000183582306,0.0,0.16120000183582306,0.16120000183582306,0.16120000183582306
41,GeoVision_Jaipur_tile_170.tif,Jaipur,65536,22,0.000335693359375,0.12641364336013794,0.030778616666793823,0.09529999643564224,0.1124500036239624,0.19130000472068787,0.17044545710086823,0.029775287955999374,0.14030000567436218,0.15604999661445618,0.2337999939918518,0.21319998800754547,0.030968904495239258,0.17430000007152557,0.20272499322891235,0.2734000086784363,0.2901068329811096,0.02662993222475052,0.22930000722408295,0.29307499527931213,0.33765000104904175,0.3533318340778351,0.018216516822576523,0.32260000705718994,0.35692501068115234,0.3880000114440918,0.31109997630119324,0.01875782571732998,0.27204999327659607,0.31564998626708984,0.3452000021934509
42,GeoVision_Bengaluru_tile_102.tif,Bengaluru,65536,1895,0.0289154052734375,0.14587539434432983,0.039744433015584946,0.0328500010073185,0.1421000063419342,0.32030001282691956,0.18788953125476837,0.04314979910850525,0.04910000041127205,0.18709999322891235,0.35109999775886536,0.22278214991092682,0.05408754199743271,0.04255000129342079,0.22339999675750732,0.3901999890804291,0.2704078257083893,0.06219017133116722,0.035100001841783524,0.2750000059604645,0.4426000118255615,0.3388332426548004,0.07379040867090225,0.04625000059604645,0.3413499891757965,0.5571500062942505,0.29551148414611816,0.05954584851861,0.032999999821186066,0.3012999892234802,0.4622499942779541
43,GeoVision_Chennai_tile_118.tif,Chennai,65536,426,0.006500244140625,0.16127711534500122,0.046406541019678116,0.05270000174641609,0.15115000307559967,0.3160000145435333,0.18578732013702393,0.049206770956516266,0.05745000019669533,0.17625001072883606,0.3447999954223633,0.20274707674980164,0.050704505294561386,0.05195000022649765,0.19499999284744263,0.3668000102043152,0.2588898837566376,0.05143649876117706,0.05874999985098839,0.2554500102996826,0.423799991607666,0.297189325094223,0.049930110573768616,0.05844999849796295,0.29680001735687256,0.4417000114917755,0.2582498788833618,0.05061742663383484,0.043150000274181366,0.2561749815940857,0.4152500033378601
44,GeoVision_Ahmedabad_tile_90.tif,Ahmedabad,65536,341,0.0052032470703125,0.16200917959213257,0.05482719466090202,0.0433555543422699,0.15193000435829163,0.3806000053882599,0.19907821714878082,0.05581832304596901,0.093299999833107,0.19439999759197235,0.41659998893737793,0.2314341962337494,0.06132132187485695,0.062300000339746475,0.23565000295639038,0.47440001368522644,0.28721165657043457,0.06848566234111786,0.07769999653100967,0.3007250130176544,0.5305333733558655,0.31836891174316406,0.07277750968933105,0.06422500312328339,0.3273000121116638,0.5029799938201904,0.28980395197868347,0.07460561394691467,0.04231666401028633,0.2983333170413971,0.4962500035762787
45,GeoVision_Jaipur_tile_63.tif,Jaipur,65536,935,0.0142669677734375,0.1681719720363617,0.04600745439529419,0.07739999890327454,0.1551000028848648,0.2800999879837036,0.21629571914672852,0.04574346914887428,0.12219999730587006,0.2092999964952469,0.3183000087738037,0.2587476372718811,0.04285988584160805,0.1423500031232834,0.2605000138282776,0.35225000977516174,0.3204877972602844,0.034215494990348816,0.20055000483989716,0.32589998841285706,0.397599995136261,0.36547139286994934,0.03898019343614578,0.15025000274181366,0.36945000290870667,0.4670499861240387,0.34246817231178284,0.04543033614754677,0.1197500005364418,0.357450008392334,0.4352000057697296
46,GeoVision_Delhi_tile_110.tif,Delhi,65536,249,0.0037994384765625,0.1314631700515747,0.03528144955635071,0.05950000137090683,0.1281999945640564,0.30309998989105225,0.16586802899837494,0.03364810720086098,0.08820000290870667,0.16680000722408295,0.34220001101493835,0.1923251897096634,0.036519527435302734,0.0828000009059906,0.19200000166893005,0.35475000739097595,0.25046467781066895,0.03966326639056206,0.09825000166893005,0.24975000321865082,0.42800000309944153,0.2729620635509491,0.0386221669614315,0.1441500037908554,0.27790001034736633,0.424699991941452,0.24064970016479492,0.0400320403277874,0.1152999997138977,0.24250000715255737,0.39114999771118164
47,GeoVision_Hyderabad_tile_93.tif,Hyderabad,65536,1416,0.0216064453125,0.1417415291070938,0.042469751089811325,0.06970000267028809,0.13923333585262299,0.3716000020503998,0.17258696258068085,0.04586002230644226,0.09139999747276306,0.17304998636245728,0.42879998683929443,0.1964602917432785,0.0641828253865242,0.06700000166893005,0.2069000005722046,0.47304999828338623,0.23893152177333832,0.0791911780834198,0.07039999961853027,0.26202499866485596,0.5419999957084656,0.28354305028915405,0.11066390573978424,0.031133335083723068,0.31540000438690186,0.44999998807907104,0.25685232877731323,0.1035374104976654,0.02370000071823597,0.29009997844696045,0.4327999949455261
48,GeoVision_Mumbai_tile_101.tif,Mumbai,65536,4570,0.069732666015625,0.09656684845685959,0.014267963357269764,0.04255000129342079,0.09574999660253525,0.16099999845027924,0.11346538364887238,0.015852119773626328,0.05550000071525574,0.11240000277757645,0.18619999289512634,0.1288824826478958,0.017203301191329956,0.04270000010728836,0.12919999659061432,0.1995999962091446,0.13886643946170807,0.016278421506285667,0.061900001019239426,0.13779999315738678,0.2433999925851822,0.14778468012809753,0.015986785292625427,0.046933334320783615,0.14675000309944153,0.28349998593330383,0.13035643100738525,0.016699088737368584,0.03797999769449234,0.12911666929721832,0.23639999330043793
49,GeoVision_Delhi_tile_143.tif,Delhi,65536,25,0.0003814697265625,0.13549000024795532,0.02314591221511364,0.08855000138282776,0.13230000436306,0.17870000004768372,0.18400199711322784,0.02111574076116085,0.1273999959230423,0.18279999494552612,0.21439999341964722,0.20936599373817444,0.029904017224907875,0.13609999418258667,0.21660000085830688,0.25839999318122864,0.2820039987564087,0.019311368465423584,0.24584999680519104,0.2843500077724457,0.3183000087738037,0.2937780022621155,0.04616372659802437,0.19339999556541443,0.30250000953674316,0.35339999198913574,0.26793399453163147,0.05042431503534317,0.1657000035047531,0.2720000147819519,0.3422999978065491
50,GeoVision_Mumbai_tile_168.tif,Mumbai,65536,1373,0.0209503173828125,0.09497034549713135,0.023478396236896515,0.0348999984562397,0.09326666593551636,0.18770000338554382,0.11332583427429199,0.028088534250855446,0.03880000114440918,0.112533338367939,0.21359999477863312,0.12985315918922424,0.035771071910858154,0.03720000013709068,0.12960000336170197,0.24420000612735748,0.16420722007751465,0.04235212877392769,0.041099999099969864,0.16699999570846558,0.2906000018119812,0.17894600331783295,0.04458964243531227,0.04554999992251396,0.18029999732971191,0.30036666989326477,0.1580064594745636,0.04341242462396622,0.03312499821186066,0.15839999914169312,0.2678000032901764
51,GeoVision_Jaipur_tile_174.tif,Jaipur,65536,38,0.000579833984375,0.14175790548324585,0.02758152410387993,0.08295000344514847,0.14010000228881836,0.2134999930858612,0.18697893619537354,0.02856990322470665,0.12809999287128448,0.19440001249313354,0.2572000026702881,0.2343631535768509,0.03351908177137375,0.17659999430179596,0.2381500005722046,0.288100004196167,0.31423550844192505,0.033243607729673386,0.25119999051094055,0.3147500157356262,0.3732999861240387,0.3672815263271332,0.02829434536397457,0.3215000033378601,0.3669250011444092,0.4404500126838684,0.34221845865249634,0.03307768329977989,0.2874000072479248,0.3384249806404114,0.4314500093460083
52,GeoVision_Delhi_tile_82.tif,Delhi,65536,2688,0.041015625,0.16433382034301758,0.04496331885457039,0.05920000001788139,0.15119999647140503,0.3596000075340271,0.21823176741600037,0.05134691298007965,0.0794999971985817,0.2054000049829483,0.3928000032901764,0.25839173793792725,0.05862880498170853,0.06679999828338623,0.24740000069141388,0.43320000171661377,0.30656173825263977,0.049153927713632584,0.06310000270605087,0.3004000186920166,0.44839999079704285,0.36246588826179504,0.05910441651940346,0.09070000052452087,0.36169999837875366,0.5676000118255615,0.3386852443218231,0.06383530050516129,0.07540000230073929,0.3371500074863434,0.583299994468689
53,GeoVision_Delhi_tile_65.tif,Delhi,65536,305,0.0046539306640625,0.12561671435832977,0.0182119682431221,0.07010000199079514,0.1273999959230423,0.2231999933719635,0.16199803352355957,0.022844379767775536,0.09759999811649323,0.16539999842643738,0.26840001344680786,0.19840361177921295,0.032361265271902084,0.1088000014424324,0.20419999957084656,0.31200000643730164,0.2522921562194824,0.0388556607067585,0.14059999585151672,0.2630000114440918,0.3628000020980835,0.29005706310272217,0.04517129808664322,0.1648000031709671,0.30329999327659607,0.41029998660087585,0.2632836103439331,0.04240219667553902,0.1535000056028366,0.27379998564720154,0.38100001215934753
54,GeoVision_Bengaluru_tile_90.tif,Bengaluru,65536,2191,0.0334320068359375,0.13088765740394592,0.04209113121032715,0.039000000804662704,0.12780000269412994,0.4036000072956085,0.18685273826122284,0.04666336625814438,0.05054999887943268,0.18050000071525574,0.4611999988555908,0.2555937170982361,0.06034331023693085,0.05285000056028366,0.2511500120162964,0.4790000021457672,0.30576133728027344,0.06297808885574341,0.06274999678134918,0.30320000648498535,0.5001000165939331,0.3960251808166504,0.0884098932147026,0.10599999874830246,0.39570000767707825,0.6240000128746033,0.31608253717422485,0.06009536609053612,0.08619999885559082,0.31380000710487366,0.5661500096321106
55,GeoVision_Delhi_tile_13.tif,Delhi,65536,114,0.001739501953125,0.09443289041519165,0.02662094682455063,0.042100001126527786,0.08374999463558197,0.20499999821186066,0.12786665558815002,0.02629915066063404,0.08829999715089798,0.11779999732971191,0.24079999327659607,0.14755529165267944,0.02773215062916279,0.06830000132322311,0.14100000262260437,0.25040000677108765,0.19422894716262817,0.03990348428487778,0.0658000037074089,0.1785999983549118,0.29580000042915344,0.22137457132339478,0.03625345602631569,0.08190000057220459,0.21250000596046448,0.29899999499320984,0.1855894923210144,0.03580082207918167,0.053599998354911804,0.1753000020980835,0.26809999346733093
56,GeoVision_Delhi_tile_163.tif,Delhi,65536,13,0.0001983642578125,0.1463538259267807,0.02321665920317173,0.10819999873638153,0.14229999482631683,0.18279999494552612,0.1835307478904724,0.025317473337054253,0.1396999955177307,0.1923000067472458,0.2240999937057495,0.21132692694664001,0.03234134986996651,0.14380000531673431,0.225600004196167,0.257999986410141,0.2928076982498169,0.029182681813836098,0.2303999960422516,0.29840001463890076,0.3343999981880188,0.30636924505233765,0.04064503312110901,0.22994999587535858,0.30799999833106995,0.37540000677108765,0.26769232749938965,0.04155614972114563,0.19085000455379486,0.2644500136375427,0.33924999833106995
57,GeoVision_Chennai_tile_151.tif,Chennai,65536,736,0.01123046875,0.14362779259681702,0.05845331773161888,0.06080000102519989,0.13230000436306,0.34439998865127563,0.16347329318523407,0.059184011071920395,0.07135000079870224,0.15354999899864197,0.39489999413490295,0.1751628965139389,0.0691196545958519,0.057100001722574234,0.16995000839233398,0.4235999882221222,0.21661779284477234,0.08127488195896149,0.060350000858306885,0.22519999742507935,0.43220001459121704,0.26246827840805054,0.09894892573356628,0.051649998873472214,0.2706249952316284,0.5260000228881836,0.2379290759563446,0.10152288526296616,0.04064999893307686,0.24427500367164612,0.5388000011444092
58,GeoVision_Ahmedabad_tile_174.tif,Ahmedabad,65536,43,0.0006561279296875,0.12556181848049164,0.05898652225732803,0.02655714377760887,0.12273333966732025,0.2999333143234253,0.15775752067565918,0.06400317698717117,0.03556666523218155,0.16599999368190765,0.3206399977207184,0.18123002350330353,0.07795104384422302,0.021829411387443542,0.20749999582767487,0.3382999897003174,0.2537437081336975,0.10448744148015976,0.02355000004172325,0.28917500376701355,0.37404999136924744,0.2650769352912903,0.09416743367910385,0.05620000138878822,0.28859999775886536,0.36230000853538513,0.22690187394618988,0.09063651412725449,0.04638750106096268,0.24735000729560852,0.3429499864578247
59,GeoVision_Jaipur_tile_94.tif,Jaipur,65536,18,0.000274658203125,0.16159997880458832,0.023339662700891495,0.09769999980926514,0.17225000262260437,0.19429999589920044,0.1904444396495819,0.01821303553879261,0.1454000025987625,0.19679999351501465,0.21979999542236328,0.20952779054641724,0.013040655292570591,0.18469999730587006,0.2098499983549118,0.2379000037908554,0.29223334789276123,0.015213103033602238,0.260699987411499,0.28917500376701355,0.32945001125335693,0.3009222447872162,0.028870021924376488,0.265500009059906,0.2878499925136566,0.3600499927997589,0.2463916689157486,0.03530857712030411,0.21154999732971191,0.22667500376701355,0.32580000162124634
60,GeoVision_Hyderabad_tile_14.tif,Hyderabad,65536,2149,0.0327911376953125,0.12109535187482834,0.02943955734372139,0.04129999876022339,0.11680000275373459,0.2757999897003174,0.16031068563461304,0.030419500544667244,0.05090000107884407,0.1576666682958603,0.30720001459121704,0.20779173076152802,0.036378636956214905,0.048500001430511475,0.20970000326633453,0.3400000035762787,0.26181939244270325,0.045570310205221176,0.0421999990940094,0.26635000109672546,0.39079999923706055,0.33937373757362366,0.06132286787033081,0.11429999768733978,0.3472000062465668,0.49939998984336853,0.2924753427505493,0.05164390429854393,0.08373332768678665,0.299699991941452,0.49763333797454834
61,GeoVision_Bengaluru_tile_127.tif,Bengaluru,65536,1393,0.0212554931640625,0.18176551163196564,0.09218794852495193,0.030549999326467514,0.15189999341964722,0.6236000061035156,0.22978265583515167,0.08812859654426575,0.04455000162124634,0.2087000012397766,0.66839998960495,0.2909356355667114,0.08749635517597198,0.037450000643730164,0.28139999508857727,0.7103999853134155,0.3402101695537567,0.07249179482460022,0.05874999985098839,0.33809998631477356,0.7271999716758728,0.4219362139701843,0.08995632827281952,0.09669999778270721,0.4287000000476837,0.669950008392334,0.33430215716362,0.08018259704113007,0.06069999933242798,0.3226499855518341,0.5958999991416931
62,GeoVision_Jaipur_tile_166.tif,Jaipur,65536,410,0.006256103515625,0.12326976656913757,0.0163237564265728,0.06459999829530716,0.12335000187158585,0.18019999563694,0.17781072854995728,0.021609634160995483,0.09179999679327011,0.17880000174045563,0.23770000040531158,0.23274633288383484,0.036266930401325226,0.08720000088214874,0.23137500882148743,0.3116999864578247,0.308651328086853,0.038091883063316345,0.15860000252723694,0.3147749900817871,0.3792499899864197,0.36864709854125977,0.05056266859173775,0.14045000076293945,0.3695000112056732,0.45445001125335693,0.32849985361099243,0.05404335632920265,0.12555000185966492,0.32580000162124634,0.42800000309944153
63,GeoVision_Delhi_tile_114.tif,Delhi,65536,594,0.009063720703125,0.1335955411195755,0.01757960207760334,0.05770000070333481,0.1378999948501587,0.17499999701976776,0.18199150264263153,0.02606712095439434,0.08474999666213989,0.1876000016927719,0.21875,0.23003670573234558,0.04299669340252876,0.07930000126361847,0.23794999718666077,0.2906000018119812,0.30019479990005493,0.05145811289548874,0.09939999878406525,0.3105999827384949,0.35910001397132874,0.3422616124153137,0.06681153178215027,0.10034999996423721,0.35850000381469727,0.4263499975204468,0.3123060464859009,0.0706714317202568,0.0689999982714653,0.3346000015735626,0.4147999882698059
64,GeoVision_Kolkata_tile_25.tif,Kolkata,65536,35,0.0005340576171875,0.07534857839345932,0.06620176136493683,0.03350000083446503,0.042399998754262924,0.2635999917984009,0.09465999901294708,0.07096729427576065,0.04899999871850014,0.05590000003576279,0.3009999990463257,0.09291715174913406,0.08854203671216965,0.03500000014901161,0.049400001764297485,0.3628000020980835,0.12586000561714172,0.11328591406345367,0.044199999421834946,0.06210000067949295,0.4185999929904938,0.12064571678638458,0.11222299188375473,0.02979999966919422,0.060600001364946365,0.362199991941452,0.09103715419769287,0.09097306430339813,0.01889999955892563,0.039900001138448715,0.2838999927043915
65,GeoVision_Chennai_tile_15.tif,Chennai,65536,0,0.0,,,,,,,,,,,,,,,,,,,,,,,,,,,,,,
66,GeoVision_Bengaluru_tile_39.tif,Bengaluru,65536,1053,0.0160675048828125,0.13807910680770874,0.03607649356126785,0.051350001245737076,0.1347000002861023,0.2842000126838684,0.18532046675682068,0.03496987372636795,0.07890000194311142,0.1860000044107437,0.3239000141620636,0.23870232701301575,0.035567305982112885,0.08789999783039093,0.23899999260902405,0.3968999981880188,0.2927241325378418,0.0359223298728466,0.05544999986886978,0.2925499975681305,0.422650009393692,0.4035051763057709,0.0568697489798069,0.08640000224113464,0.40790000557899475,0.5371999740600586,0.3583947718143463,0.05322152376174927,0.05820000171661377,0.36594998836517334,0.5360000133514404
67,GeoVision_Ahmedabad_tile_54.tif,Ahmedabad,65536,461,0.0070343017578125,0.1979971081018448,0.06376855075359344,0.06859090924263,0.19374999403953552,0.34279999136924744,0.23326176404953003,0.06573231518268585,0.09459999948740005,0.22750000655651093,0.3862999975681305,0.26216357946395874,0.06438160687685013,0.10589999705553055,0.258525013923645,0.4078666865825653,0.31705889105796814,0.04659375548362732,0.1835000067949295,0.3165999948978424,0.42013999819755554,0.3463590443134308,0.044082045555114746,0.25235000252723694,0.341949999332428,0.49300000071525574,0.3210967481136322,0.054172370582818985,0.20315000414848328,0.3150666654109955,0.5214124917984009
68,GeoVision_Jaipur_tile_83.tif,Jaipur,65536,1550,0.023651123046875,0.14420738816261292,0.03171014040708542,0.04879999905824661,0.14229999482631683,0.28450000286102295,0.18749196827411652,0.033659130334854126,0.07029999792575836,0.18799999356269836,0.3237999975681305,0.23084016144275665,0.04356950893998146,0.0617000013589859,0.2360749989748001,0.3388499915599823,0.29910174012184143,0.05263945087790489,0.08030000329017639,0.31045001745224,0.40799999237060547,0.3590588867664337,0.05680607631802559,0.14020000398159027,0.36765000224113464,0.4710499942302704,0.32940053939819336,0.05974870175123215,0.10745000094175339,0.33614999055862427,0.44519999623298645
69,GeoVision_Ahmedabad_tile_35.tif,Ahmedabad,65536,569,0.0086822509765625,0.1406826227903366,0.0323646180331707,0.06844999641180038,0.13259999454021454,0.28200000524520874,0.17846490442752838,0.03511641174554825,0.08152499794960022,0.17180000245571136,0.32339999079704285,0.22270718216896057,0.04094405472278595,0.10010000318288803,0.22020000219345093,0.36820000410079956,0.2826876938343048,0.04572174698114395,0.12964999675750732,0.28290000557899475,0.42471665143966675,0.3260144293308258,0.04541413113474846,0.1821250021457672,0.3224250078201294,0.467054158449173,0.300287127494812,0.0457969531416893,0.1611499935388565,0.30116668343544006,0.43767499923706055
70,GeoVision_Bengaluru_tile_30.tif,Bengaluru,65536,404,0.00616455078125,0.13229022920131683,0.043879084289073944,0.03824999928474426,0.12604999542236328,0.3278999924659729,0.17715854942798615,0.04920394346117973,0.043949998915195465,0.17790000140666962,0.35199999809265137,0.22257734835147858,0.06385397166013718,0.052000001072883606,0.23319999873638153,0.36980000138282776,0.28454354405403137,0.07515481859445572,0.06235000118613243,0.3044250011444092,0.41769999265670776,0.3487367630004883,0.09699876606464386,0.06769999861717224,0.352649986743927,0.5307499766349792,0.30163922905921936,0.08160640299320221,0.052549999207258224,0.30882498621940613,0.46470001339912415
71,GeoVision_Chennai_tile_130.tif,Chennai,65536,2002,0.030548095703125,0.10804225504398346,0.027968524023890495,0.03629999980330467,0.1046999990940094,0.4259999990463257,0.15878376364707947,0.030729733407497406,0.060600001364946365,0.15479999780654907,0.4339999854564667,0.21640707552433014,0.03847632184624672,0.04340000078082085,0.21400000154972076,0.45399999618530273,0.2658329904079437,0.04246840253472328,0.05350000038743019,0.26260000467300415,0.4607999920845032,0.36901283264160156,0.07893695682287216,0.11980000138282776,0.3637000024318695,0.6807000041007996,0.29535502195358276,0.05395166203379631,0.08500000089406967,0.2964000105857849,0.7193999886512756
72,GeoVision_Delhi_tile_28.tif,Delhi,65536,3269,0.0498809814453125,0.1223180741071701,0.02928784117102623,0.02823333442211151,0.12327778339385986,0.258899986743927,0.16285650432109833,0.035494741052389145,0.03582499921321869,0.16920000314712524,0.29946666955947876,0.19995959103107452,0.046859074383974075,0.04297500103712082,0.2097499966621399,0.3248000144958496,0.25704696774482727,0.06160249188542366,0.05260000005364418,0.2734333276748657,0.3880000114440918,0.2962888181209564,0.07132106274366379,0.06355000287294388,0.3075999915599823,0.41830000281333923,0.2712399959564209,0.06864258646965027,0.050450000911951065,0.2831999957561493,0.39454999566078186
73,GeoVision_Delhi_tile_79.tif,Delhi,65536,402,0.006134033203125,0.0989999994635582,0.026452401652932167,0.05290000140666962,0.09520000219345093,0.2282000035047531,0.129744291305542,0.030940016731619835,0.0738999992609024,0.12385000288486481,0.2526000142097473,0.14527562260627747,0.04125022515654564,0.06440000236034393,0.13459999859333038,0.27959999442100525,0.18699577450752258,0.05704063922166824,0.07169999927282333,0.17759999632835388,0.35519999265670776,0.2077987790107727,0.06409180164337158,0.07819999754428864,0.1964000016450882,0.3831000030040741,0.18019476532936096,0.06412170082330704,0.05660000070929527,0.16619999706745148,0.365200012922287
74,GeoVision_Kolkata_tile_135.tif,Kolkata,65536,879,0.0134124755859375,0.15493294596672058,0.07082895189523697,0.03305000066757202,0.1316000074148178,0.3531999886035919,0.17781631648540497,0.0708654448390007,0.046566665172576904,0.1554500013589859,0.38519999384880066,0.19675447046756744,0.07429946213960648,0.04084999859333038,0.17813333868980408,0.426800012588501,0.22855079174041748,0.07323282212018967,0.05067500099539757,0.2181333303451538,0.45660001039505005,0.2710566520690918,0.10312076658010483,0.039250001311302185,0.23800000548362732,0.6046000123023987,0.26195284724235535,0.11259319633245468,0.02669999934732914,0.22602500021457672,0.6409000158309937
75,GeoVision_Kolkata_tile_123.tif,Kolkata,65536,185,0.0028228759765625,0.07565823942422867,0.028756743296980858,0.03425714373588562,0.0738999992609024,0.14982222020626068,0.09404966980218887,0.03422394394874573,0.04012000188231468,0.0924299955368042,0.1876000016927719,0.09976363182067871,0.047014351934194565,0.04031666740775108,0.09780000150203705,0.2125999927520752,0.13524846732616425,0.0675535723567009,0.040566664189100266,0.13529999554157257,0.2743000090122223,0.15750381350517273,0.07727205753326416,0.05249999836087227,0.15511666238307953,0.36070001125335693,0.1355082094669342,0.0804717019200325,0.03290000185370445,0.12356666475534439,0.36596667766571045
76,GeoVision_Jaipur_tile_143.tif,Jaipur,65536,402,0.006134033203125,0.12506380677223206,0.038286030292510986,0.04104999825358391,0.12309999763965607,0.3409000039100647,0.15964701771736145,0.044660527259111404,0.06785000115633011,0.16019999980926514,0.3781999945640564,0.19802461564540863,0.06020139157772064,0.05674999952316284,0.19612500071525574,0.40959998965263367,0.25936630368232727,0.07160860300064087,0.06340000033378601,0.26612502336502075,0.44780001044273376,0.28783270716667175,0.07959182560443878,0.13095000386238098,0.28792500495910645,0.4454500079154968,0.2546621859073639,0.07752460241317749,0.10639999806880951,0.24914999306201935,0.4347499907016754
77,GeoVision_Bengaluru_tile_8.tif,Bengaluru,65536,1094,0.016693115234375,0.15048551559448242,0.054730672389268875,0.026149999350309372,0.14344999194145203,0.4399999976158142,0.1991381198167801,0.06342194974422455,0.051350001245737076,0.186599999666214,0.4943999946117401,0.2478572428226471,0.07375890761613846,0.06134999915957451,0.23477500677108765,0.5202500224113464,0.30396485328674316,0.07721462845802307,0.10769999772310257,0.2903999984264374,0.5349500179290771,0.37650829553604126,0.09566055983304977,0.1741500049829483,0.3668749928474426,0.6591500043869019,0.3147134482860565,0.07254614681005478,0.15735000371932983,0.30742502212524414,0.5044999718666077
78,GeoVision_Ahmedabad_tile_64.tif,Ahmedabad,65536,1174,0.017913818359375,0.11911843717098236,0.03588585928082466,0.029650000855326653,0.12502500414848328,0.3190000057220459,0.15189792215824127,0.04692012071609497,0.03290000185370445,0.16130000352859497,0.36719998717308044,0.18550819158554077,0.0627731904387474,0.03334999829530716,0.2004999965429306,0.41119998693466187,0.24778063595294952,0.08049312233924866,0.05195000022649765,0.27562081813812256,0.4618000090122223,0.28340020775794983,0.09566962718963623,0.04170000180602074,0.3113750219345093,0.4386500120162964,0.2556249499320984,0.0950494036078453,0.030150000005960464,0.2779499888420105,0.4055750072002411
79,GeoVision_Hyderabad_tile_5.tif,Hyderabad,65536,2402,0.036651611328125,0.16240926086902618,0.05106339976191521,0.0689999982714653,0.14926667511463165,0.41760000586509705,0.20141950249671936,0.05012222006917,0.091279998421669,0.19403749704360962,0.46639999747276306,0.24299104511737823,0.05158726125955582,0.10719999670982361,0.24420000612735748,0.5114666223526001,0.29204803705215454,0.052592549473047256,0.12729999423027039,0.3014333248138428,0.5455999970436096,0.35828348994255066,0.06106029078364372,0.1776999980211258,0.3700999915599823,0.5457333326339722,0.3227793574333191,0.05901539698243141,0.15860000252723694,0.3265250027179718,0.4438000023365021
80,GeoVision_Jaipur_tile_91.tif,Jaipur,65536,665,0.0101470947265625,0.1412612795829773,0.0354694239795208,0.06800000369548798,0.13210000097751617,0.2840000092983246,0.1942179799079895,0.03532661497592926,0.1002499982714653,0.1867000013589859,0.29679998755455017,0.25053706765174866,0.034965742379426956,0.1164499968290329,0.2496500015258789,0.3239000141620636,0.3162112236022949,0.031750842928886414,0.14090000092983246,0.32100000977516174,0.42719998955726624,0.3760553300380707,0.03765515610575676,0.19059999287128448,0.37770000100135803,0.4670499861240387,0.3485335409641266,0.03999161347746849,0.16384999454021454,0.3506999909877777,0.4498000144958496
81,GeoVision_Kolkata_tile_148.tif,Kolkata,65536,1068,0.01629638671875,0.08588863909244537,0.03700665012001991,0.038983333855867386,0.09000000357627869,0.30160000920295715,0.10781301558017731,0.043057337403297424,0.04390000179409981,0.11043749749660492,0.3400000035762787,0.11450567841529846,0.05725262314081192,0.039900001138448715,0.12369166314601898,0.38019999861717224,0.14862851798534393,0.07156115025281906,0.04335714504122734,0.16143333911895752,0.43320000171661377,0.17469443380832672,0.10028377175331116,0.02727142907679081,0.1988999992609024,0.4196999967098236,0.14875227212905884,0.09490934759378433,0.017283333465456963,0.17000000178813934,0.41255712509155273
82,GeoVision_Hyderabad_tile_85.tif,Hyderabad,65536,256,0.00390625,0.1318368911743164,0.028910376131534576,0.04320000112056732,0.1297599971294403,0.2142000049352646,0.17516371607780457,0.03400782495737076,0.05835999920964241,0.17900000512599945,0.24899999797344208,0.23193563520908356,0.0555616095662117,0.04639999940991402,0.23045000433921814,0.3508000075817108,0.2960643470287323,0.06106416881084442,0.043299999088048935,0.2930874824523926,0.38519999384880066,0.3533991277217865,0.06934602558612823,0.05779999867081642,0.35452499985694885,0.4805999994277954,0.3236289620399475,0.06673146784305573,0.04255000129342079,0.33660000562667847,0.4424999952316284
83,GeoVision_Kolkata_tile_65.tif,Kolkata,65536,35,0.0005340576171875,0.07722000032663345,0.04424605146050453,0.04280000180006027,0.057999998331069946,0.19020000100135803,0.09810571372509003,0.0501171238720417,0.05460000038146973,0.08110000193119049,0.22859999537467957,0.09753714501857758,0.06171438470482826,0.05119999870657921,0.0714000016450882,0.2619999945163727,0.12028857320547104,0.08248230814933777,0.05079999938607216,0.0737999975681305,0.3116999864578247,0.12847429513931274,0.0812881588935852,0.0364999994635582,0.0803999975323677,0.29109999537467957,0.10765714943408966,0.08450408279895782,0.022299999371170998,0.06729999929666519,0.26919999718666077
84,GeoVision_Ahmedabad_tile_56.tif,Ahmedabad,65536,80,0.001220703125,0.15039703249931335,0.0595354400575161,0.06398332864046097,0.13481250405311584,0.3402000069618225,0.19157573580741882,0.06288622319698334,0.08879999816417694,0.18031667172908783,0.3914666771888733,0.23108191788196564,0.06699395924806595,0.08860000222921371,0.23130999505519867,0.41280001401901245,0.3015342652797699,0.07402677088975906,0.07829999923706055,0.31409910321235657,0.4303399920463562,0.33524027466773987,0.07348199933767319,0.07874999940395355,0.35835000872612,0.40572500228881836,0.30254727602005005,0.07627490907907486,0.05646666884422302,0.31917500495910645,0.3861500024795532
85,GeoVision_Chennai_tile_50.tif,Chennai,65536,58,0.000885009765625,0.09701035171747208,0.034019965678453445,0.04560000076889992,0.10819999873638153,0.1873999983072281,0.12934312224388123,0.03838256001472473,0.06350000202655792,0.14069999754428864,0.20839999616146088,0.14423790574073792,0.05696072056889534,0.04039999842643738,0.16170001029968262,0.24199999868869781,0.18064138293266296,0.07707089185714722,0.03840000182390213,0.210099995136261,0.29980000853538513,0.22703103721141815,0.09477638453245163,0.03539999946951866,0.26350000500679016,0.4043999910354614,0.19028793275356293,0.09608868509531021,0.02239999920129776,0.21649999916553497,0.4343999922275543
86,GeoVision_Ahmedabad_tile_111.tif,Ahmedabad,65536,169,0.0025787353515625,0.13210658729076385,0.044668592512607574,0.026533333584666252,0.13294999301433563,0.2856000065803528,0.16465821862220764,0.04989058896899223,0.040049999952316284,0.1657000035047531,0.3418000042438507,0.19572198390960693,0.06076361984014511,0.031024999916553497,0.20270000398159027,0.3513000011444092,0.26353225111961365,0.0760999247431755,0.03135000169277191,0.2738499939441681,0.3944999873638153,0.29018843173980713,0.08145079761743546,0.040950000286102295,0.30607500672340393,0.44017499685287476,0.2539294958114624,0.07993846386671066,0.02710000053048134,0.26688748598098755,0.4185500144958496
87,GeoVision_Chennai_tile_155.tif,Chennai,65536,229,0.0034942626953125,0.12076157331466675,0.013910685665905476,0.07919999957084656,0.12219999730587006,0.21400000154972076,0.1721598207950592,0.026902135461568832,0.1120000034570694,0.17399999499320984,0.22540000081062317,0.2373877763748169,0.05427391827106476,0.12780000269412994,0.24379999935626984,0.3077999949455261,0.29587772488594055,0.0576164610683918,0.1459999978542328,0.3156000077724457,0.365200012922287,0.3872266113758087,0.09788288921117783,0.16990000009536743,0.40459999442100525,0.5235000252723694,0.3298833966255188,0.08105137944221497,0.14990000426769257,0.3578999936580658,0.44339999556541443
88,GeoVision_Delhi_tile_125.tif,Delhi,65536,5159,0.0787200927734375,0.14348070323467255,0.027593150734901428,0.037700001150369644,0.14219999313354492,0.3684000074863434,0.1826738715171814,0.032553862780332565,0.061000000685453415,0.1809999942779541,0.39879998564720154,0.21733026206493378,0.040325626730918884,0.04910000041127205,0.2172500044107437,0.42800000309944153,0.26970481872558594,0.04260339215397835,0.06084999814629555,0.27300000190734863,0.45159998536109924,0.31406933069229126,0.04824372008442879,0.06755000352859497,0.3177500069141388,0.45214998722076416,0.2865642011165619,0.04994259029626846,0.051350001245737076,0.28459998965263367,0.4394499957561493
89,GeoVision_Mumbai_tile_111.tif,Mumbai,65536,0,0.0,,,,,,,,,,,,,,,,,,,,,,,,,,,,,,
90,GeoVision_Delhi_tile_154.tif,Delhi,65536,106,0.001617431640625,0.12085047364234924,0.025682618841528893,0.048700001090765,0.11779999732971191,0.2160000056028366,0.15523017942905426,0.027134088799357414,0.07715000212192535,0.1590999960899353,0.21379999816417694,0.18570519983768463,0.03734973445534706,0.07810000330209732,0.188400000333786,0.2597000002861023,0.25038963556289673,0.043980102986097336,0.12319999933242798,0.26087498664855957,0.31520000100135803,0.2748197913169861,0.06126733124256134,0.1331000030040741,0.2892249822616577,0.37915000319480896,0.24108773469924927,0.05638695880770683,0.10875000059604645,0.2519000172615051,0.3403500020503998
91,GeoVision_Hyderabad_tile_158.tif,Hyderabad,65536,393,0.0059967041015625,0.12525205314159393,0.02839883603155613,0.07315000146627426,0.12680000066757202,0.25119999051094055,0.1591508388519287,0.03307504951953888,0.09160000085830688,0.1607999950647354,0.2965333163738251,0.20299100875854492,0.04906284809112549,0.11580000072717667,0.19679999351501465,0.34279999136924744,0.2661144435405731,0.0534190908074379,0.14219999313354492,0.2572999894618988,0.4108999967575073,0.33427879214286804,0.06543727964162827,0.2004999965429306,0.33742499351501465,0.4650000035762787,0.3025095760822296,0.06989073008298874,0.1647000014781952,0.2897999882698059,0.45702001452445984
92,GeoVision_Chennai_tile_169.tif,Chennai,65536,1138,0.017364501953125,0.13375870883464813,0.03137413039803505,0.07339999824762344,0.12620000541210175,0.34940001368522644,0.1547098457813263,0.03376789018511772,0.0885000005364418,0.147599995136261,0.373199999332428,0.17136195302009583,0.03861680254340172,0.06499999761581421,0.1670999974012375,0.39739999175071716,0.21550406515598297,0.045759353786706924,0.07020000368356705,0.20829999446868896,0.41839998960494995,0.26277706027030945,0.057396918535232544,0.052799999713897705,0.259799987077713,0.5480999946594238,0.23708999156951904,0.05683402344584465,0.039799999445676804,0.2332499921321869,0.5569000244140625
93,GeoVision_Delhi_tile_98.tif,Delhi,65536,326,0.004974365234375,0.14207147061824799,0.0160220954567194,0.08810000121593475,0.14375001192092896,0.17479999363422394,0.1716078221797943,0.016331909224390984,0.11729999631643295,0.17355000972747803,0.20200000703334808,0.18808220326900482,0.01878843829035759,0.1298999935388565,0.1932000070810318,0.21780000627040863,0.24674080312252045,0.019599363207817078,0.1696999967098236,0.25257501006126404,0.27489998936653137,0.27552422881126404,0.027659429237246513,0.17835000157356262,0.28220000863075256,0.31130000948905945,0.251541405916214,0.029386788606643677,0.15344999730587006,0.2562499940395355,0.2944999933242798
94,GeoVision_Jaipur_tile_13.tif,Jaipur,65536,2599,0.0396575927734375,0.17374096810817719,0.06318336725234985,0.032600000500679016,0.15539999306201935,0.46239998936653137,0.21224826574325562,0.05921955034136772,0.05719999969005585,0.19760000705718994,0.4747999906539917,0.24927015602588654,0.05589376017451286,0.04820000007748604,0.24199999868869781,0.4875999987125397,0.30026987195014954,0.048830676823854446,0.06210000067949295,0.3001999855041504,0.4803999960422516,0.36649009585380554,0.05465252697467804,0.08169999718666077,0.36480000615119934,0.5781999826431274,0.34070172905921936,0.0589105524122715,0.06549999862909317,0.33550000190734863,0.5975000262260437
95,GeoVision_Chennai_tile_71.tif,Chennai,65536,140,0.00213623046875,0.1397799849510193,0.03662711754441261,0.0653500035405159,0.13154999911785126,0.27129998803138733,0.1627439260482788,0.03432600200176239,0.07625000178813934,0.15869998931884766,0.3034999966621399,0.1809232234954834,0.03467588871717453,0.05835000053048134,0.1809999942779541,0.30660000443458557,0.23158855736255646,0.043279584497213364,0.07769999653100967,0.23145000636577606,0.39500001072883606,0.25958213210105896,0.042457371950149536,0.08399999886751175,0.26260000467300415,0.3420499861240387,0.22695676982402802,0.041649769991636276,0.056049998849630356,0.2326499968767166,0.2997500002384186
96,GeoVision_Jaipur_tile_33.tif,Jaipur,65536,261,0.0039825439453125,0.1386498063802719,0.02802138403058052,0.06885000318288803,0.13940000534057617,0.20759999752044678,0.18410229682922363,0.03236887603998184,0.08560000360012054,0.18690000474452972,0.25290000438690186,0.21729865670204163,0.04639258235692978,0.09364999830722809,0.22075000405311584,0.2903999984264374,0.2793830931186676,0.05961594358086586,0.11084999889135361,0.29394999146461487,0.3725999891757965,0.3136429190635681,0.06909584999084473,0.11230000108480453,0.31905001401901245,0.4426499903202057,0.28386417031288147,0.07225048542022705,0.07594999670982361,0.28084999322891235,0.43264999985694885
97,GeoVision_Hyderabad_tile_155.tif,Hyderabad,65536,784,0.011962890625,0.14325283467769623,0.027019498869776726,0.062300000339746475,0.14079999923706055,0.23819999396800995,0.17276249825954437,0.02913026697933674,0.07905999571084976,0.17059999704360962,0.2757999897003174,0.2033572643995285,0.036315012723207474,0.0869000032544136,0.2032666653394699,0.3041999936103821,0.24825428426265717,0.03838418051600456,0.11060000211000443,0.2512199878692627,0.35199999809265137,0.29965439438819885,0.04673142731189728,0.14820000529289246,0.3033500015735626,0.41530001163482666,0.272757887840271,0.04837184026837349,0.1216999962925911,0.2773999869823456,0.39399999380111694
98,GeoVision_Kolkata_tile_23.tif,Kolkata,65536,278,0.004241943359375,0.10365324467420578,0.025072062388062477,0.04179999977350235,0.09485000371932983,0.16359999775886536,0.12786906957626343,0.02853216975927353,0.052299998700618744,0.12139999866485596,0.1964000016450882,0.14433525502681732,0.03381506726145744,0.046799998730421066,0.13779999315738678,0.22439999878406525,0.18565575778484344,0.04365566745400429,0.05169999971985817,0.17965000867843628,0.28859999775886536,0.22820790112018585,0.052914779633283615,0.04859999939799309,0.22635000944137573,0.34779998660087585,0.20576906204223633,0.05392005667090416,0.032499998807907104,0.1984499990940094,0.32199999690055847
99,GeoVision_Ahmedabad_tile_25.tif,Ahmedabad,65536,333,0.0050811767578125,0.13362078368663788,0.04896337538957596,0.03984285518527031,0.13109999895095825,0.280266672372818,0.1709679365158081,0.0525239072740078,0.07209999859333038,0.16913333535194397,0.3287999927997589,0.19807873666286469,0.06906861811876297,0.0494111105799675,0.20471666753292084,0.3591499924659729,0.258895605802536,0.0824115052819252,0.05067500099539757,0.28002500534057617,0.39668333530426025,0.2817857563495636,0.08551982045173645,0.0421999990940094,0.2989250123500824,0.4275999963283539,0.2477998435497284,0.08291501551866531,0.032733336091041565,0.2598666846752167,0.42163336277008057
100,GeoVision_Bengaluru_tile_95.tif,Bengaluru,65536,290,0.004425048828125,0.13323913514614105,0.03793267160654068,0.03189999982714653,0.1348000019788742,0.23180000483989716,0.17427639663219452,0.045257698744535446,0.04064999893307686,0.1780499964952469,0.2879999876022339,0.22331568598747253,0.06759253144264221,0.03350000083446503,0.22235000133514404,0.3357999920845032,0.26888465881347656,0.07808773219585419,0.05290000140666962,0.26352500915527344,0.4185500144958496,0.3298381268978119,0.0967276319861412,0.05505000054836273,0.33364999294281006,0.5390499830245972,0.3012232780456543,0.09135345369577408,0.03999999910593033,0.29750001430511475,0.4945499897003174
101,GeoVision_Mumbai_tile_133.tif,Mumbai,65536,973,0.0148468017578125,0.1022147461771965,0.04024917632341385,0.048500001430511475,0.09080000221729279,0.28646668791770935,0.12222771346569061,0.046710237860679626,0.05501110851764679,0.1088000014424324,0.323199987411499,0.13928090035915375,0.056052934378385544,0.052799999713897705,0.12479999661445618,0.37959998846054077,0.1723875254392624,0.060744188725948334,0.06459999829530716,0.15826666355133057,0.42879998683929443,0.18940196931362152,0.057756002992391586,0.06464999914169312,0.18082499504089355,0.39195001125335693,0.16402968764305115,0.047518040984869,0.04740000143647194,0.15809999406337738,0.34540000557899475
102,GeoVision_Delhi_tile_81.tif,Delhi,65536,1022,0.015594482421875,0.11647984385490417,0.0251916591078043,0.03999999910593033,0.11299999803304672,0.21160000562667847,0.1616947203874588,0.03235887363553047,0.055399999022483826,0.16429999470710754,0.26919999718666077,0.19578032195568085,0.05557898059487343,0.051100000739097595,0.20730000734329224,0.30300000309944153,0.2580733895301819,0.06721961498260498,0.0551999993622303,0.2805500030517578,0.3675999939441681,0.2936561405658722,0.08513852953910828,0.07129999995231628,0.314300000667572,0.43050000071525574,0.2613218426704407,0.08806903660297394,0.06390000134706497,0.2797499895095825,0.4081000089645386
103,GeoVision_Hyderabad_tile_57.tif,Hyderabad,65536,957,0.0146026611328125,0.1353420466184616,0.033664535731077194,0.038100000470876694,0.13731999695301056,0.2556999921798706,0.16618667542934418,0.037289317697286606,0.05290000140666962,0.17000000178813934,0.28999999165534973,0.19646650552749634,0.04842320457100868,0.03970000147819519,0.20419999957084656,0.3089999854564667,0.25253328680992126,0.058759406208992004,0.040300000458955765,0.260699987411499,0.38199999928474426,0.3038708567619324,0.07285220921039581,0.028200000524520874,0.31299999356269836,0.474700003862381,0.26611337065696716,0.06919312477111816,0.019300000742077827,0.27627500891685486,0.4597666561603546
104,GeoVision_Kolkata_tile_82.tif,Kolkata,65536,117,0.0017852783203125,0.060523081570863724,0.027290398254990578,0.03750000149011612,0.04490000009536743,0.1316000074148178,0.0751606896519661,0.03481420502066612,0.04600000008940697,0.056299999356269836,0.17260000109672546,0.07662308216094971,0.045152947306632996,0.041600000113248825,0.04899999871850014,0.20880000293254852,0.10163760185241699,0.0670899823307991,0.04320000112056732,0.05990000069141388,0.2847000062465668,0.12024274468421936,0.07075851410627365,0.041999999433755875,0.09080000221729279,0.32839998602867126,0.09733930975198746,0.06931107491254807,0.0284000001847744,0.06719999760389328,0.3131999969482422
105,GeoVision_Kolkata_tile_26.tif,Kolkata,65536,34,0.000518798828125,0.06608235090970993,0.030911747366189957,0.034699998795986176,0.055299997329711914,0.1599999964237213,0.08740882575511932,0.03649887442588806,0.0421999990940094,0.07760000228881836,0.18379999697208405,0.08125293999910355,0.04627785086631775,0.03449999913573265,0.06710000336170197,0.19380000233650208,0.10122940689325333,0.07084234803915024,0.04650000110268593,0.059699997305870056,0.2741999924182892,0.09978530555963516,0.08368699997663498,0.0348999984562397,0.05350000038743019,0.2775000035762787,0.07852058857679367,0.07761672884225845,0.02290000021457672,0.03564999997615814,0.2533999979496002
106,GeoVision_Delhi_tile_176.tif,Delhi,65536,256,0.00390625,0.11236190795898438,0.028344783931970596,0.0560000017285347,0.11569999903440475,0.1590999960899353,0.14376503229141235,0.03870241343975067,0.0694499984383583,0.14945000410079956,0.20499999821186066,0.16881075501441956,0.053935661911964417,0.07119999825954437,0.17207500338554382,0.2676999866962433,0.22003008425235748,0.07055631279945374,0.06984999775886536,0.23054999113082886,0.3294000029563904,0.2319810539484024,0.07894318550825119,0.0839499980211258,0.23065000772476196,0.3813999891281128,0.20925194025039673,0.08349556475877762,0.0502999983727932,0.20839999616146088,0.3788500130176544
107,GeoVision_Mumbai_tile_65.tif,Mumbai,65536,4722,0.072052001953125,0.09900755435228348,0.012085736729204655,0.05688333138823509,0.09989999979734421,0.22269999980926514,0.11787933856248856,0.013846456073224545,0.06469999998807907,0.11800000071525574,0.2669999897480011,0.1343916654586792,0.01702611707150936,0.06599999964237213,0.13413333892822266,0.30320000648498535,0.15153327584266663,0.01901080831885338,0.07282499969005585,0.14810000360012054,0.32739999890327454,0.16168159246444702,0.01894458383321762,0.0873333290219307,0.15895000100135803,0.27950000762939453,0.14559297263622284,0.01921466737985611,0.06960000097751617,0.14350000023841858,0.24744999408721924
108,GeoVision_Chennai_tile_128.tif,Chennai,65536,419,0.0063934326171875,0.21376539766788483,0.12510555982589722,0.04399999976158142,0.1632000058889389,0.4875999987125397,0.23370715975761414,0.11921326816082001,0.06480000168085098,0.19059999287128448,0.49079999327659607,0.2442186325788498,0.11364423483610153,0.05339999869465828,0.20559999346733093,0.48559999465942383,0.27282553911209106,0.09631495922803879,0.04540000110864639,0.2533999979496002,0.462799996137619,0.34840527176856995,0.11221983283758163,0.04639999940991402,0.32749998569488525,0.6381000280380249,0.32720524072647095,0.1315915435552597,0.03310000151395798,0.28450000286102295,0.6568999886512756
109,GeoVision_Chennai_tile_73.tif,Chennai,65536,740,0.01129150390625,0.1204662099480629,0.04275940731167793,0.06350000202655792,0.11640000343322754,0.40720000863075256,0.14601527154445648,0.04503243789076805,0.07419999688863754,0.14730000495910645,0.44999998807907104,0.15226487815380096,0.05951148271560669,0.057999998331069946,0.1608000099658966,0.49959999322891235,0.18946662545204163,0.07771889120340347,0.06310000270605087,0.2069000005722046,0.5127999782562256,0.20987635850906372,0.08875676244497299,0.043299999088048935,0.22269999980926514,0.41819998621940613,0.1820567548274994,0.08451701700687408,0.03530000150203705,0.1931000053882599,0.3822999894618988
110,GeoVision_Kolkata_tile_134.tif,Kolkata,65536,213,0.0032501220703125,0.0736118033528328,0.028500724583864212,0.0430000014603138,0.0568000003695488,0.18039999902248383,0.09903547912836075,0.03437275066971779,0.05917777866125107,0.07957500219345093,0.20686668157577515,0.10126520693302155,0.05961067974567413,0.04336666688323021,0.06509999930858612,0.23319999873638153,0.1298884004354477,0.08017772436141968,0.05790000036358833,0.08363333344459534,0.30213332176208496,0.13766469061374664,0.12029851227998734,0.029774999246001244,0.06312499940395355,0.35452499985694885,0.1224052831530571,0.12451045215129852,0.02092222310602665,0.03970000147819519,0.3508000075817108
111,GeoVision_Kolkata_tile_173.tif,Kolkata,65536,341,0.0052032470703125,0.06757967919111252,0.02800213359296322,0.03734999895095825,0.058033332228660583,0.2223999947309494,0.08354531228542328,0.032586850225925446,0.04129999876022339,0.07180000096559525,0.22550000250339508,0.08386621624231339,0.04512801393866539,0.03714999929070473,0.06485000252723694,0.24250000715255737,0.1092180460691452,0.06307042390108109,0.042750000953674316,0.0835999995470047,0.2987000048160553,0.1185019463300705,0.07523966580629349,0.033675000071525574,0.0913499966263771,0.3546999990940094,0.09611725807189941,0.07691215723752975,0.02382499910891056,0.06440000236034393,0.361299991607666
112,GeoVision_Chennai_tile_106.tif,Chennai,65536,354,0.005401611328125,0.13012288510799408,0.04110370948910713,0.05849999934434891,0.12029999494552612,0.29280000925064087,0.15137316286563873,0.04603103920817375,0.06509999930858612,0.1419999897480011,0.34279999136924744,0.1679217517375946,0.061825942248106,0.05739999935030937,0.1551000028848648,0.487199991941452,0.21505282819271088,0.07105541974306107,0.05649999901652336,0.20329999923706055,0.5379999876022339,0.2445582002401352,0.06521981209516525,0.06639999896287918,0.23765000700950623,0.43849998712539673,0.21589182317256927,0.06366132944822311,0.0502999983727932,0.21160000562667847,0.4101000130176544
113,GeoVision_Ahmedabad_tile_37.tif,Ahmedabad,65536,13,0.0001983642578125,0.18094167113304138,0.031319718807935715,0.11299999803304672,0.1720000058412552,0.2237333208322525,0.21756336092948914,0.03595647215843201,0.14186666905879974,0.21619999408721924,0.2646400034427643,0.24828846752643585,0.042712073773145676,0.1577499955892563,0.2639000117778778,0.3027999997138977,0.3237825632095337,0.02863236702978611,0.2706499993801117,0.32774999737739563,0.36916667222976685,0.3206615447998047,0.022397970780730247,0.2929750084877014,0.3119499981403351,0.35155001282691956,0.2823109030723572,0.024582698941230774,0.23929999768733978,0.28226667642593384,0.3135499954223633
114,GeoVision_Jaipur_tile_136.tif,Jaipur,65536,606,0.009246826171875,0.15789827704429626,0.033384863287210464,0.05674999952316284,0.15915000438690186,0.4185999929904938,0.2236509919166565,0.03963060304522514,0.09030000120401382,0.23034998774528503,0.4296000003814697,0.28512680530548096,0.049130525439977646,0.0820000022649765,0.2976750135421753,0.4272499978542328,0.34993472695350647,0.04831409454345703,0.11034999787807465,0.3647000193595886,0.45135000348091125,0.4330250024795532,0.062388379126787186,0.2304999977350235,0.44589999318122864,0.5196499824523926,0.41401559114456177,0.06937015801668167,0.20890000462532043,0.42715001106262207,0.5120999813079834
115,GeoVision_Chennai_tile_76.tif,Chennai,65536,1,1.52587890625e-05,0.15880000591278076,0.0,0.15880000591278076,0.15880000591278076,0.15880000591278076,0.19460000097751617,0.0,0.19460000097751617,0.19460000097751617,0.19460000097751617,0.20419999957084656,0.0,0.20419999957084656,0.20419999957084656,0.20419999957084656,0.2134000062942505,0.0,0.2134000062942505,0.2134000062942505,0.2134000062942505,0.13359999656677246,0.0,0.13359999656677246,0.13359999656677246,0.13359999656677246,0.10509999841451645,0.0,0.10509999841451645,0.10509999841451645,0.10509999841451645
116,GeoVision_Hyderabad_tile_122.tif,Hyderabad,65536,2272,0.03466796875,0.13863086700439453,0.03797150403261185,0.039799999445676804,0.1378999948501587,0.3343999981880188,0.17046219110488892,0.04608655720949173,0.040800001472234726,0.17196667194366455,0.37560001015663147,0.20288708806037903,0.06056290492415428,0.033399999141693115,0.2079000025987625,0.4036000072956085,0.23905780911445618,0.07055088132619858,0.03020000085234642,0.2556000053882599,0.4021333158016205,0.2965828478336334,0.09115242213010788,0.029466666281223297,0.31454166769981384,0.4602000117301941,0.26492369174957275,0.08857239782810211,0.02446666732430458,0.27890002727508545,0.4165000021457672
117,GeoVision_Kolkata_tile_124.tif,Kolkata,65536,827,0.0126190185546875,0.07284603267908096,0.03596388176083565,0.030899999663233757,0.06682726740837097,0.1954333335161209,0.08958416432142258,0.04162471368908882,0.04126249998807907,0.08420000225305557,0.23170000314712524,0.09691454470157623,0.05460241809487343,0.03525000065565109,0.08054444938898087,0.2696000039577484,0.11826366186141968,0.06854771077632904,0.03714999929070473,0.10316666215658188,0.30660000443458557,0.14011640846729279,0.0795806273818016,0.022600000724196434,0.14482499659061432,0.33320000767707825,0.12825997173786163,0.07891066372394562,0.016899999231100082,0.14605000615119934,0.3274250030517578
118,GeoVision_Jaipur_tile_36.tif,Jaipur,65536,54,0.000823974609375,0.12182499468326569,0.02130979672074318,0.09629999846220016,0.11810000240802765,0.21789999306201935,0.17324723303318024,0.02250661887228489,0.14219999313354492,0.17135000228881836,0.2800999879837036,0.2310435175895691,0.025576002895832062,0.16740000247955322,0.23080000281333923,0.32065001130104065,0.30626481771469116,0.0220908522605896,0.256850004196167,0.30379998683929443,0.4007999897003174,0.3731546103954315,0.02757914550602436,0.31529998779296875,0.37674999237060547,0.43435001373291016,0.34138235449790955,0.03397588059306145,0.2659499943256378,0.3453499972820282,0.41100001335144043
119,GeoVision_Delhi_tile_90.tif,Delhi,65536,491,0.0074920654296875,0.13553720712661743,0.029569335281848907,0.062150001525878906,0.13030000030994415,0.34200000762939453,0.17722851037979126,0.03232705965638161,0.08354999870061874,0.17489999532699585,0.3725999891757965,0.21518585085868835,0.042887937277555466,0.0824500024318695,0.21610000729560852,0.38705000281333923,0.2811337113380432,0.044653892517089844,0.10989999771118164,0.28554999828338623,0.3871999979019165,0.30914151668548584,0.06171465292572975,0.17030000686645508,0.3227500021457672,0.4293999969959259,0.2772003412246704,0.06435451656579971,0.12639999389648438,0.2841250002384186,0.41005000472068787
120,GeoVision_Hyderabad_tile_175.tif,Hyderabad,65536,1020,0.01556396484375,0.14451417326927185,0.029909929260611534,0.06849999725818634,0.1404000073671341,0.25999999046325684,0.17478254437446594,0.030503930523991585,0.0947749987244606,0.17136666178703308,0.30320000648498535,0.20748834311962128,0.03641311824321747,0.093299999833107,0.20739999413490295,0.33719998598098755,0.25544440746307373,0.043717313557863235,0.10774999856948853,0.25235000252723694,0.43869999051094055,0.3057401776313782,0.049434203654527664,0.17714999616146088,0.30223333835601807,0.44209998846054077,0.27555596828460693,0.04802694916725159,0.15876665711402893,0.27092498540878296,0.41673335433006287
121,GeoVision_Kolkata_tile_0.tif,Kolkata,65536,2,3.0517578125e-05,0.06120000034570694,0.028700001537799835,0.032499998807907104,0.06120000034570694,0.08990000188350677,0.07649999856948853,0.030500000342726707,0.04600000008940697,0.07649999856948853,0.10700000077486038,0.07899999618530273,0.03460000082850456,0.04439999908208847,0.07899999618530273,0.1136000007390976,0.14980000257492065,0.047999996691942215,0.10180000215768814,0.14980000257492065,0.19779999554157257,0.15974999964237213,0.029850006103515625,0.1298999935388565,0.15974999964237213,0.18960000574588776,0.12845000624656677,0.023150000721216202,0.10530000180006027,0.12845000624656677,0.15160000324249268
122,GeoVision_Delhi_tile_105.tif,Delhi,65536,2039,0.0311126708984375,0.13103020191192627,0.022900093346834183,0.041850000619888306,0.13230000436306,0.3102000057697296,0.176458477973938,0.028150780126452446,0.055149998515844345,0.17890000343322754,0.34119999408721924,0.21435128152370453,0.03754812479019165,0.05674999952316284,0.21940000355243683,0.36000001430511475,0.2738945186138153,0.040125247091054916,0.06880000233650208,0.2809000015258789,0.38040000200271606,0.3170798718929291,0.04674522951245308,0.10159999877214432,0.3262999951839447,0.41780000925064087,0.29387959837913513,0.050689585506916046,0.07670000195503235,0.301800012588501,0.4106999933719635
123,GeoVision_Kolkata_tile_34.tif,Kolkata,65536,7,0.0001068115234375,0.11308570951223373,0.025225521996617317,0.06669999659061432,0.12300000339746475,0.1348000019788742,0.14655713737010956,0.028964601457118988,0.09030000120401382,0.16099999845027924,0.1687999963760376,0.1591428518295288,0.039750609546899796,0.08579999953508377,0.1842000037431717,0.19020000100135803,0.2135571539402008,0.07345645874738693,0.09769999980926514,0.25679999589920044,0.27239999175071716,0.21530000865459442,0.09524279832839966,0.05380000174045563,0.27309998869895935,0.2809000015258789,0.1883571445941925,0.09565360099077225,0.03280000016093254,0.2493000030517578,0.2535000145435333
124,GeoVision_Chennai_tile_117.tif,Chennai,65536,720,0.010986328125,0.1471025049686432,0.0465531051158905,0.04769999906420708,0.13680000603199005,0.3765000104904175,0.1701766699552536,0.04945627599954605,0.051350001245737076,0.1623000055551529,0.4374000132083893,0.18741752207279205,0.05451320856809616,0.04089999943971634,0.1825999915599823,0.4702000021934509,0.24755597114562988,0.06320243328809738,0.04104999825358391,0.24689999222755432,0.5088000297546387,0.2881803512573242,0.05892487242817879,0.0507499985396862,0.2902500033378601,0.46875,0.2512975037097931,0.05872676521539688,0.03660000115633011,0.25062501430511475,0.4733999967575073
125,GeoVision_Jaipur_tile_27.tif,Jaipur,65536,904,0.0137939453125,0.14785021543502808,0.03926118463277817,0.05869999900460243,0.13740000128746033,0.3747999966144562,0.19068506360054016,0.04033421725034714,0.09269999712705612,0.18240000307559967,0.41359999775886536,0.2291366159915924,0.043130990117788315,0.09019999951124191,0.22567500174045563,0.4196000099182129,0.29339364171028137,0.040858782827854156,0.10920000076293945,0.3018749952316284,0.4235999882221222,0.34490007162094116,0.044939011335372925,0.19370000064373016,0.35762500762939453,0.4583500027656555,0.31919610500335693,0.049021199345588684,0.1574999988079071,0.32510000467300415,0.4343000054359436
126,GeoVision_Ahmedabad_tile_142.tif,Ahmedabad,65536,486,0.007415771484375,0.164723739027977,0.049136534333229065,0.02914999984204769,0.1791749894618988,0.2217250019311905,0.22434566915035248,0.06384100019931793,0.04910000041127205,0.2469666600227356,0.30000001192092896,0.27354976534843445,0.08516644686460495,0.04010000079870224,0.30790001153945923,0.3615500032901764,0.333888977766037,0.10197844356298447,0.04165000095963478,0.37433749437332153,0.41920000314712524,0.40008461475372314,0.12058531492948532,0.049300000071525574,0.4495124816894531,0.5022500157356262,0.36263608932495117,0.11797930300235748,0.03137499839067459,0.40818333625793457,0.4634999930858612
127,GeoVision_Ahmedabad_tile_129.tif,Ahmedabad,65536,125,0.0019073486328125,0.1362779289484024,0.038441672921180725,0.0693499967455864,0.125900000333786,0.28369998931884766,0.17059221863746643,0.040029384195804596,0.09242500364780426,0.16019999980926514,0.32850000262260437,0.20901617407798767,0.038941189646720886,0.09459999948740005,0.20409999787807465,0.3476000130176544,0.2769549489021301,0.03952987119555473,0.18880000710487366,0.27182498574256897,0.40857499837875366,0.3113977611064911,0.028073394671082497,0.21017499268054962,0.314424991607666,0.37494999170303345,0.2784040868282318,0.02901187725365162,0.20403333008289337,0.2865999937057495,0.3433166742324829
128,GeoVision_Delhi_tile_24.tif,Delhi,65536,1812,0.02764892578125,0.125772625207901,0.025932392105460167,0.06880000233650208,0.12170000374317169,0.311599999666214,0.17423245310783386,0.026264406740665436,0.09700000286102295,0.1738000065088272,0.3084000051021576,0.2185210883617401,0.03395266458392143,0.11020000278949738,0.22025001049041748,0.34619998931884766,0.2772217094898224,0.033927638083696365,0.15279999375343323,0.2791999876499176,0.373199999332428,0.32126832008361816,0.04277321696281433,0.1673000007867813,0.32330000400543213,0.43720000982284546,0.3004452884197235,0.045231785625219345,0.14920000731945038,0.3012000024318695,0.4390000104904175
129,GeoVision_Bengaluru_tile_107.tif,Bengaluru,65536,372,0.00567626953125,0.1295469105243683,0.053107667714357376,0.06745000183582306,0.10854999721050262,0.3174999952316284,0.17058400809764862,0.040543559938669205,0.08869999647140503,0.16189999878406525,0.30070000886917114,0.22321167588233948,0.049262210726737976,0.09529999643564224,0.22599999606609344,0.33934998512268066,0.2782955765724182,0.05505533143877983,0.11595000326633453,0.29362499713897705,0.37540000677108765,0.347713828086853,0.0766821950674057,0.16619999706745148,0.3549000024795532,0.49004998803138733,0.3165796995162964,0.07261978089809418,0.14315000176429749,0.32442498207092285,0.4609000086784363
130,GeoVision_Jaipur_tile_148.tif,Jaipur,65536,2586,0.039459228515625,0.11284980177879333,0.02056046575307846,0.059050001204013824,0.11190000176429749,0.19689999520778656,0.16496118903160095,0.024024976417422295,0.08910000324249268,0.1647000014781952,0.2363000065088272,0.2263002097606659,0.031919851899147034,0.07320000231266022,0.2298249900341034,0.29840001463890076,0.2986704707145691,0.037217382341623306,0.05779999867081642,0.30250000953674316,0.3860499858856201,0.36996370553970337,0.043782781809568405,0.07479999959468842,0.3755500018596649,0.45239999890327454,0.3388519883155823,0.04588950425386429,0.05770000070333481,0.3452000021934509,0.4343999922275543
131,GeoVision_Ahmedabad_tile_49.tif,Ahmedabad,65536,2051,0.0312957763671875,0.12832210958003998,0.03129073977470398,0.03513333573937416,0.12273333966732025,0.32519999146461487,0.1596238911151886,0.03574897721409798,0.06055000051856041,0.1544800102710724,0.3700999915599823,0.19165116548538208,0.043438468128442764,0.0424249991774559,0.18729999661445618,0.42080000042915344,0.23750922083854675,0.05037033557891846,0.05973333120346069,0.2313999980688095,0.4739750027656555,0.2724606394767761,0.04978446289896965,0.051866669207811356,0.26965001225471497,0.4146000146865845,0.2564254701137543,0.0478912889957428,0.039340000599622726,0.2549999952316284,0.3937000036239624
132,GeoVision_Kolkata_tile_20.tif,Kolkata,65536,1,1.52587890625e-05,0.13279999792575836,0.0,0.13279999792575836,0.13279999792575836,0.13279999792575836,0.15219999849796295,0.0,0.15219999849796295,0.15219999849796295,0.15219999849796295,0.1573999971151352,0.0,0.1573999971151352,0.1573999971151352,0.1573999971151352,0.21850000321865082,0.0,0.21850000321865082,0.21850000321865082,0.21850000321865082,0.19359999895095825,0.0,0.19359999895095825,0.19359999895095825,0.19359999895095825,0.1648000031709671,0.0,0.1648000031709671,0.1648000031709671,0.1648000031709671
133,GeoVision_Ahmedabad_tile_106.tif,Ahmedabad,65536,36,0.00054931640625,0.1293160319328308,0.038614969700574875,0.059566669166088104,0.12613332271575928,0.23919999599456787,0.16608388721942902,0.0441884845495224,0.08375000208616257,0.1659500002861023,0.2815999984741211,0.20730583369731903,0.04905110225081444,0.09745000302791595,0.21369999647140503,0.30970001220703125,0.2830533981323242,0.04781297221779823,0.18230000138282776,0.29034167528152466,0.361299991607666,0.29447758197784424,0.05454181134700775,0.18917499482631683,0.28607916831970215,0.3812499940395355,0.250889390707016,0.06425295025110245,0.13740000128746033,0.24436500668525696,0.3522999882698059
134,GeoVision_Ahmedabad_tile_108.tif,Ahmedabad,65536,84,0.00128173828125,0.12206944823265076,0.03801712766289711,0.034299999475479126,0.12575000524520874,0.22529999911785126,0.15337848663330078,0.03840749338269234,0.058891668915748596,0.16345000267028809,0.2331250011920929,0.18841737508773804,0.05864652246236801,0.04610833525657654,0.19929999113082886,0.29440000653266907,0.2510802149772644,0.0797400027513504,0.04633999988436699,0.2734833359718323,0.38449999690055847,0.28468021750450134,0.08435025811195374,0.051500000059604645,0.2941499948501587,0.4152750074863434,0.24729637801647186,0.08142673224210739,0.035374999046325684,0.2500791549682617,0.37119999527931213
135,GeoVision_Kolkata_tile_28.tif,Kolkata,65536,8,0.0001220703125,0.07667499780654907,0.022049644961953163,0.041200000792741776,0.07919999957084656,0.10899999737739563,0.09732499718666077,0.020927898585796356,0.06340000033378601,0.10410000383853912,0.12540000677108765,0.12752500176429749,0.05238854140043259,0.052000001072883606,0.1264999955892563,0.210999995470047,0.1797875016927719,0.0810902938246727,0.061900001019239426,0.19659999012947083,0.27559998631477356,0.23035000264644623,0.07212071865797043,0.10540000349283218,0.2612999975681305,0.303600013256073,0.1838500052690506,0.06406182795763016,0.08009999990463257,0.20629999041557312,0.2517000138759613
136,GeoVision_Jaipur_tile_132.tif,Jaipur,65536,2043,0.0311737060546875,0.13691817224025726,0.030659133568406105,0.05494999885559082,0.13429999351501465,0.288100004196167,0.19631528854370117,0.041579775512218475,0.08065000176429749,0.19429999589920044,0.3774000108242035,0.2647480368614197,0.05923204869031906,0.0908999964594841,0.2639999985694885,0.5162000060081482,0.33278363943099976,0.06616093218326569,0.13089999556541443,0.335750013589859,0.6100500226020813,0.4166242182254791,0.07120338827371597,0.15625,0.4180999994277954,0.6268500089645386,0.3615333139896393,0.0639725923538208,0.11824999749660492,0.35850000381469727,0.5227000117301941
137,GeoVision_Chennai_tile_67.tif,Chennai,65536,30,0.000457763671875,0.11530331522226334,0.035790786147117615,0.05310000106692314,0.11840000003576279,0.20100000500679016,0.13908667862415314,0.03507415950298309,0.08070000261068344,0.1396999955177307,0.23019999265670776,0.15705667436122894,0.04181972146034241,0.08100000023841858,0.15369999408721924,0.24539999663829803,0.2265266478061676,0.05936002731323242,0.10050000250339508,0.2355000078678131,0.3310000002384186,0.25135332345962524,0.05234554037451744,0.14810000360012054,0.2475000023841858,0.3407000005245209,0.19447998702526093,0.04740464314818382,0.09480000287294388,0.20074999332427979,0.26919999718666077
138,GeoVision_Bengaluru_tile_67.tif,Bengaluru,65536,168,0.0025634765625,0.1288711279630661,0.05970390513539314,0.04969999939203262,0.11400000005960464,0.3587999939918518,0.16641876101493835,0.0638190358877182,0.05754999816417694,0.15720000863075256,0.4724000096321106,0.20028482377529144,0.06437134742736816,0.05685000121593475,0.19420000910758972,0.5195500254631042,0.2635437548160553,0.0660364031791687,0.08604999631643295,0.26684999465942383,0.5963000059127808,0.3123339116573334,0.07156571000814438,0.13109999895095825,0.3114500045776367,0.4724000096321106,0.2716943621635437,0.0731031522154808,0.10040000081062317,0.268449991941452,0.42875000834465027
139,GeoVision_Delhi_tile_168.tif,Delhi,65536,5078,0.077484130859375,0.12531839311122894,0.01843530684709549,0.03310000151395798,0.12250000238418579,0.2944999933242798,0.17409616708755493,0.0241912379860878,0.0385500006377697,0.17170000076293945,0.31060001254081726,0.21424871683120728,0.03259358927607536,0.03539999946951866,0.21254999935626984,0.32493332028388977,0.26594656705856323,0.0367349311709404,0.05000000074505806,0.26680999994277954,0.3621799945831299,0.32582923769950867,0.04413514584302902,0.038600001484155655,0.3305000066757202,0.43572500348091125,0.3029530942440033,0.045753054320812225,0.02995000034570694,0.30630001425743103,0.43094998598098755
140,GeoVision_Kolkata_tile_164.tif,Kolkata,65536,102,0.001556396484375,0.06006620079278946,0.009765272960066795,0.0421999990940094,0.06356874853372574,0.1034500002861023,0.08503513038158417,0.013729112222790718,0.058800000697374344,0.09197083115577698,0.12600000202655792,0.0725874975323677,0.015817495062947273,0.046566665172576904,0.08022500574588776,0.14569999277591705,0.08739138394594193,0.020608074963092804,0.05339999869465828,0.09145833551883698,0.196233332157135,0.060750409960746765,0.0301370732486248,0.03680000081658363,0.051899999380111694,0.2574000060558319,0.04281466454267502,0.024893013760447502,0.024450000375509262,0.03644999861717224,0.22466666996479034
141,GeoVision_Bengaluru_tile_120.tif,Bengaluru,65536,571,0.0087127685546875,0.12134858965873718,0.02793414518237114,0.05469999834895134,0.11959999799728394,0.24809999763965607,0.16721497476100922,0.031775325536727905,0.08709999918937683,0.16140000522136688,0.29249998927116394,0.2218339890241623,0.04998406767845154,0.09939999878406525,0.21844999492168427,0.37130001187324524,0.27709147334098816,0.058674156665802,0.11214999854564667,0.28060001134872437,0.44885000586509705,0.3622746765613556,0.08917319029569626,0.2024500072002411,0.36039999127388,0.5298500061035156,0.3087014853954315,0.06474734097719193,0.1659500002861023,0.30480000376701355,0.44964998960494995
142,GeoVision_Mumbai_tile_126.tif,Mumbai,65536,0,0.0,,,,,,,,,,,,,,,,,,,,,,,,,,,,,,
143,GeoVision_Kolkata_tile_175.tif,Kolkata,65536,522,0.007965087890625,0.08738812059164047,0.03393436223268509,0.04399999976158142,0.08037500083446503,0.2635999917984009,0.10289812833070755,0.04117896780371666,0.050850000232458115,0.0973999947309494,0.2750000059604645,0.110824353992939,0.049435362219810486,0.04645000025629997,0.10244999825954437,0.2842000126838684,0.14488646388053894,0.06815364211797714,0.04845000058412552,0.14607501029968262,0.33320000767707825,0.1645137220621109,0.061116497963666916,0.04938333481550217,0.1696583330631256,0.2906999886035919,0.13896743953227997,0.06000916659832001,0.033657144755125046,0.14198750257492065,0.27399998903274536
144,GeoVision_Hyderabad_tile_64.tif,Hyderabad,65536,879,0.0134124755859375,0.14582912623882294,0.03364471346139908,0.04690000042319298,0.1387999951839447,0.2761000096797943,0.17730294167995453,0.03348131105303764,0.05249999836087227,0.17080000042915344,0.31949999928474426,0.21071115136146545,0.03604162484407425,0.03997499868273735,0.20600000023841858,0.3494499921798706,0.26614129543304443,0.03632960841059685,0.05299999937415123,0.26350000500679016,0.3995000123977661,0.3217005431652069,0.037072136998176575,0.05894999951124191,0.3190999925136566,0.4424000084400177,0.28722307085990906,0.03834124282002449,0.039479997009038925,0.2829500138759613,0.4641999900341034
145,GeoVision_Jaipur_tile_12.tif,Jaipur,65536,1764,0.02691650390625,0.1707812398672104,0.05081406235694885,0.029500000178813934,0.16885000467300415,0.3499999940395355,0.22013232111930847,0.06217134743928909,0.03959999978542328,0.21514999866485596,0.40959998965263367,0.2657129168510437,0.06673981249332428,0.036649998277425766,0.2632000148296356,0.4203999936580658,0.3172384202480316,0.055738430470228195,0.05290000140666962,0.32295000553131104,0.44850000739097595,0.3612017035484314,0.060674622654914856,0.07005000114440918,0.37380000948905945,0.4920499920845032,0.34009459614753723,0.06847942620515823,0.05584999918937683,0.34780001640319824,0.4481000006198883
146,GeoVision_Jaipur_tile_112.tif,Jaipur,65536,5578,0.085113525390625,0.10941758751869202,0.01448930986225605,0.057500001043081284,0.10807500034570694,0.2538999915122986,0.1596624106168747,0.01777554489672184,0.08914999663829803,0.15940000116825104,0.2971000075340271,0.21695606410503387,0.027796471491456032,0.10289999842643738,0.218299999833107,0.31474998593330383,0.2913239598274231,0.0312957689166069,0.10585000365972519,0.289249986410141,0.4101000130176544,0.3545007109642029,0.03548172116279602,0.2202499955892563,0.3551500141620636,0.46274998784065247,0.3236617147922516,0.038708169013261795,0.17215000092983246,0.3260999917984009,0.4456999897956848
147,GeoVision_Delhi_tile_170.tif,Delhi,65536,5479,0.0836029052734375,0.1595619022846222,0.06255748122930527,0.06069999933242798,0.13255000114440918,0.3456000089645386,0.2049872726202011,0.06210287660360336,0.09000000357627869,0.18092499673366547,0.38359999656677246,0.24654290080070496,0.05949239432811737,0.10063750296831131,0.22872500121593475,0.4150499999523163,0.2884063124656677,0.04626624658703804,0.1287499964237213,0.28119999170303345,0.4236375093460083,0.343149334192276,0.038029756397008896,0.16246666014194489,0.34477499127388,0.4375,0.3263404965400696,0.04345725104212761,0.1544666588306427,0.3246999979019165,0.4248499870300293
148,GeoVision_Delhi_tile_92.tif,Delhi,65536,653,0.0099639892578125,0.12801584601402283,0.026436619460582733,0.038750000298023224,0.1315000057220459,0.22990000247955322,0.1632518470287323,0.035708948969841,0.04904999956488609,0.16680000722408295,0.2628999948501587,0.19855020940303802,0.05062949284911156,0.05810000002384186,0.2046000063419342,0.3100999891757965,0.2454359233379364,0.06557862460613251,0.06379999965429306,0.25404998660087585,0.37950000166893005,0.274414986371994,0.07097334414720535,0.0953499972820282,0.2796500027179718,0.4379499852657318,0.24765758216381073,0.06944940239191055,0.07800000160932541,0.2524000108242035,0.41624999046325684
149,GeoVision_Jaipur_tile_101.tif,Jaipur,65536,998,0.015228271484375,0.1482986956834793,0.03868090361356735,0.08540000021457672,0.13809999823570251,0.3400999903678894,0.18859298527240753,0.038270626217126846,0.11379999667406082,0.18195000290870667,0.41179999709129333,0.2310561090707779,0.04008248820900917,0.11940000206232071,0.22952499985694885,0.45019999146461487,0.2946797013282776,0.04044590890407562,0.18719999492168427,0.2934750020503998,0.49320000410079956,0.3479169011116028,0.040317602455616,0.23385000228881836,0.3487499952316284,0.46869999170303345,0.32067254185676575,0.044580671936273575,0.1858000010251999,0.3209249973297119,0.43799999356269836
150,GeoVision_Ahmedabad_tile_2.tif,Ahmedabad,65536,285,0.0043487548828125,0.10554912686347961,0.027202611789107323,0.035225000232458115,0.10930000245571136,0.24320285022258759,0.14279943704605103,0.031127946451306343,0.05517999827861786,0.1476999968290329,0.29293331503868103,0.18954135477542877,0.05356594920158386,0.03917999938130379,0.1979999989271164,0.328000009059906,0.25632143020629883,0.06614866852760315,0.05261538550257683,0.2689000070095062,0.3815166652202606,0.3083399832248688,0.0821036770939827,0.046160001307725906,0.32546666264533997,0.43843749165534973,0.2781997323036194,0.08340385556221008,0.032366666942834854,0.2930000126361847,0.44154998660087585
151,GeoVision_Hyderabad_tile_1.tif,Hyderabad,65536,256,0.00390625,0.05671841278672218,0.025845982134342194,0.03869999945163727,0.0489666685461998,0.23280000686645508,0.07579006254673004,0.030360812321305275,0.04960000142455101,0.07088333368301392,0.29100000858306885,0.06648536771535873,0.040677547454833984,0.03970000147819519,0.05389999970793724,0.3206000030040741,0.07298895716667175,0.05868436396121979,0.038600001484155655,0.04989999905228615,0.42080000042915344,0.09782518446445465,0.06832173466682434,0.02879999950528145,0.07905000448226929,0.35964998602867126,0.07398581504821777,0.05847949907183647,0.020600000396370888,0.05521249771118164,0.30586668848991394
152,GeoVision_Hyderabad_tile_89.tif,Hyderabad,65536,670,0.010223388671875,0.12462413311004639,0.041100792586803436,0.044599998742341995,0.11320000141859055,0.2964000105857849,0.1583857238292694,0.04223962128162384,0.05976666882634163,0.14920000731945038,0.3312000036239624,0.19925227761268616,0.04703502729535103,0.048233333975076675,0.19449999928474426,0.38760000467300415,0.261310875415802,0.05109792575240135,0.042500000447034836,0.2617499828338623,0.4415999948978424,0.3240249752998352,0.0586598739027977,0.03564999997615814,0.334199994802475,0.41029998660087585,0.28514814376831055,0.054602935910224915,0.024399999529123306,0.29407501220703125,0.4036000072956085
153,GeoVision_Kolkata_tile_68.tif,Kolkata,65536,129,0.0019683837890625,0.09153410792350769,0.0420646108686924,0.032499998807907104,0.0940999984741211,0.18279999494552612,0.11105968803167343,0.04802090674638748,0.04050000011920929,0.1128000020980835,0.21639999747276306,0.1177620142698288,0.058603834360837936,0.03799999877810478,0.1273999959230423,0.24979999661445618,0.15628992021083832,0.07996442168951035,0.04170000180602074,0.17589999735355377,0.2858999967575073,0.1699550300836563,0.08452403545379639,0.040800001472234726,0.18080000579357147,0.35989999771118164,0.14586588740348816,0.08373528718948364,0.026900000870227814,0.15289999544620514,0.3458999991416931
154,GeoVision_Chennai_tile_132.tif,Chennai,65536,917,0.0139923095703125,0.12434831261634827,0.037310462445020676,0.059700001031160355,0.11550000309944153,0.43320000171661377,0.1561143398284912,0.03813585638999939,0.07320000231266022,0.15160000324249268,0.44519999623298645,0.18893997371196747,0.04331038519740105,0.0544000007212162,0.18850000202655792,0.4970000088214874,0.2487049698829651,0.04719652608036995,0.05290000140666962,0.2524000108242035,0.5275999903678894,0.3228062689304352,0.06490714102983475,0.06885000318288803,0.3284499943256378,0.6262999773025513,0.2917247414588928,0.07253595441579819,0.04834999889135361,0.29614999890327454,0.6417999863624573
155,GeoVision_Ahmedabad_tile_100.tif,Ahmedabad,65536,2099,0.0320281982421875,0.12561112642288208,0.03710179403424263,0.02905000001192093,0.132874995470047,0.3659000098705292,0.16556689143180847,0.05221977084875107,0.042649999260902405,0.1680999994277954,0.40610000491142273,0.19991497695446014,0.07577726989984512,0.03451250120997429,0.1965833306312561,0.42980000376701355,0.24637220799922943,0.0924760177731514,0.03355555236339569,0.25066667795181274,0.4620499908924103,0.2683054208755493,0.10276507586240768,0.04291428625583649,0.26218751072883606,0.4673500061035156,0.25458309054374695,0.10192906856536865,0.03376666456460953,0.24422499537467957,0.45524999499320984
156,GeoVision_Hyderabad_tile_15.tif,Hyderabad,65536,330,0.005035400390625,0.08202499896287918,0.022015780210494995,0.05232499912381172,0.07891666889190674,0.16380000114440918,0.1029587835073471,0.0280422642827034,0.06790000200271606,0.09524999558925629,0.20679999887943268,0.1173250749707222,0.04642626643180847,0.04919999837875366,0.10940000414848328,0.27773332595825195,0.14293557405471802,0.06843516230583191,0.04544999822974205,0.12836667895317078,0.34803998470306396,0.1634962558746338,0.07626079022884369,0.04010000079870224,0.16112500429153442,0.37700000405311584,0.14278525114059448,0.07017713040113449,0.027160000056028366,0.14813749492168427,0.3382500112056732
157,GeoVision_Bengaluru_tile_0.tif,Bengaluru,65536,190,0.002899169921875,0.18417024612426758,0.07404404133558273,0.056699998676776886,0.17454999685287476,0.37619999051094055,0.21294473111629486,0.07492402195930481,0.07874999940395355,0.19705000519752502,0.4129999876022339,0.23866605758666992,0.06869663298130035,0.1034500002861023,0.22030000388622284,0.42239999771118164,0.2895534336566925,0.05763419717550278,0.1578499972820282,0.28082501888275146,0.4359999895095825,0.3408818244934082,0.060281168669462204,0.19584999978542328,0.3349500000476837,0.48454999923706055,0.300555020570755,0.05818888917565346,0.16934999823570251,0.2895749807357788,0.46540001034736633
158,GeoVision_Bengaluru_tile_55.tif,Bengaluru,65536,418,0.006378173828125,0.13107642531394958,0.0512886568903923,0.032499998807907104,0.12714999914169312,0.3853999972343445,0.1684722602367401,0.057225096970796585,0.04924999922513962,0.1679999977350235,0.43459999561309814,0.20535847544670105,0.0660589337348938,0.04845000058412552,0.21299999952316284,0.45535001158714294,0.2577955722808838,0.06670576333999634,0.08579999953508377,0.2691499888896942,0.4498499929904938,0.3123815655708313,0.07293533533811569,0.11779999732971191,0.3275499939918518,0.5133000016212463,0.280441015958786,0.07352496683597565,0.094200000166893,0.29269999265670776,0.5087000131607056
159,GeoVision_Delhi_tile_172.tif,Delhi,65536,119,0.0018157958984375,0.13509966433048248,0.02746475301682949,0.07146666944026947,0.13574999570846558,0.2084999978542328,0.1696760505437851,0.03172965720295906,0.08791110664606094,0.17440000176429749,0.24150000512599945,0.20256510376930237,0.03920894116163254,0.09179999679327011,0.2101999968290329,0.28119999170303345,0.2552046477794647,0.04749754071235657,0.11031999439001083,0.26899999380111694,0.3197999894618988,0.2728341817855835,0.049444105476140976,0.14634999632835388,0.2842000126838684,0.3411499857902527,0.2470502108335495,0.04841658100485802,0.133200004696846,0.2547000050544739,0.3153499960899353
160,GeoVision_Jaipur_tile_103.tif,Jaipur,65536,864,0.01318359375,0.13721302151679993,0.028911234810948372,0.07514999806880951,0.13234999775886536,0.31360000371932983,0.17775213718414307,0.028105013072490692,0.09189999848604202,0.1757499873638153,0.35440000891685486,0.22036631405353546,0.032309431582689285,0.0989999994635582,0.2199999988079071,0.3630000054836273,0.2875567078590393,0.03651485964655876,0.14149999618530273,0.29032498598098755,0.43720000982284546,0.337556391954422,0.03902100399136543,0.15809999406337738,0.33249998092651367,0.4638499915599823,0.312075674533844,0.04262132570147514,0.13985000550746918,0.3073999881744385,0.4458000063896179
161,GeoVision_Ahmedabad_tile_15.tif,Ahmedabad,65536,1185,0.0180816650390625,0.16615700721740723,0.04956911876797676,0.038624998182058334,0.15957142412662506,0.3425999879837036,0.20170864462852478,0.0539514385163784,0.057349998503923416,0.19394999742507935,0.39399999380111694,0.23932188749313354,0.06025832146406174,0.047974999994039536,0.23360000550746918,0.45660001039505005,0.2866820693016052,0.06057487055659294,0.04645000025629997,0.27693331241607666,0.5256249904632568,0.32073482871055603,0.05388546735048294,0.0681999996304512,0.3203499913215637,0.4943999946117401,0.305157870054245,0.05744633451104164,0.05197500064969063,0.3025999963283539,0.4857666492462158
162,GeoVision_Ahmedabad_tile_130.tif,Ahmedabad,65536,558,0.008514404296875,0.1420506238937378,0.03639674931764603,0.07079999893903732,0.13477998971939087,0.35580000281333923,0.18505319952964783,0.03895532339811325,0.08009999990463257,0.18061110377311707,0.38999998569488525,0.22877809405326843,0.04308852553367615,0.08694999665021896,0.225724995136261,0.41359999775886536,0.293369859457016,0.04477992281317711,0.10542500019073486,0.29097500443458557,0.43924999237060547,0.33623206615448,0.04557812213897705,0.1529500037431717,0.3343000113964081,0.447466641664505,0.30471575260162354,0.04671099781990051,0.12792499363422394,0.30207502841949463,0.42535001039505005
163,GeoVision_Hyderabad_tile_112.tif,Hyderabad,65536,1244,0.01898193359375,0.10855541378259659,0.043741375207901,0.03669999912381172,0.10414999723434448,0.30979999899864197,0.14496737718582153,0.06094321236014366,0.04053333401679993,0.12929999828338623,0.35359999537467957,0.16778378188610077,0.10320015251636505,0.03539999946951866,0.14638333022594452,0.4016999900341034,0.20382152497768402,0.12723025679588318,0.03739999979734421,0.19374999403953552,0.4352000057697296,0.2260090410709381,0.17760713398456573,0.020099999383091927,0.1901800036430359,0.4859499931335449,0.20746546983718872,0.1715037077665329,0.014745454303920269,0.15271249413490295,0.4738999903202057
164,GeoVision_Jaipur_tile_144.tif,Jaipur,65536,270,0.004119873046875,0.12091796100139618,0.02637006901204586,0.052949998527765274,0.1246500015258789,0.22949999570846558,0.1722831428050995,0.03784773871302605,0.06849999725818634,0.1830500066280365,0.2775999903678894,0.22719740867614746,0.058823127299547195,0.0734499990940094,0.2461249977350235,0.33605000376701355,0.29910650849342346,0.06331063061952591,0.09085000306367874,0.3210749924182892,0.3947499990463257,0.35837092995643616,0.0773758739233017,0.15209999680519104,0.3829500079154968,0.45089998841285706,0.3346312940120697,0.08232928067445755,0.12364999949932098,0.36215001344680786,0.4467499852180481
165,GeoVision_Hyderabad_tile_40.tif,Hyderabad,65536,980,0.01495361328125,0.14550049602985382,0.03319888561964035,0.051600001752376556,0.14100000262260437,0.3255999982357025,0.17625544965267181,0.034048471599817276,0.059700001031160355,0.17299999296665192,0.3386000096797943,0.2076258510351181,0.03650088608264923,0.05130000039935112,0.20957499742507935,0.3555999994277954,0.26780372858047485,0.038594212383031845,0.060612499713897705,0.27219998836517334,0.38600000739097595,0.32658568024635315,0.040718574076890945,0.06185000017285347,0.330008327960968,0.4237399995326996,0.2811925411224365,0.03910045698285103,0.04572499915957451,0.28398334980010986,0.376800000667572
166,GeoVision_Mumbai_tile_91.tif,Mumbai,65536,0,0.0,,,,,,,,,,,,,,,,,,,,,,,,,,,,,,
167,GeoVision_Ahmedabad_tile_99.tif,Ahmedabad,65536,97,0.0014801025390625,0.11157616972923279,0.03396448493003845,0.046675000339746475,0.10698667168617249,0.22619999945163727,0.14143653213977814,0.0423729345202446,0.05404999852180481,0.13840000331401825,0.26570001244544983,0.16909265518188477,0.05501054227352142,0.06755999475717545,0.17090000212192535,0.2984499931335449,0.21843096613883972,0.06630487740039825,0.08754999935626984,0.21549999713897705,0.3686000108718872,0.24392575025558472,0.0649607852101326,0.11964999884366989,0.24050000309944153,0.3937999904155731,0.21976704895496368,0.06618651747703552,0.09537500143051147,0.21672500669956207,0.3683750033378601
168,GeoVision_Bengaluru_tile_92.tif,Bengaluru,65536,501,0.0076446533203125,0.14918841421604156,0.05690629780292511,0.05445000156760216,0.13860000669956207,0.44679999351501465,0.18988801538944244,0.05876568332314491,0.07750000059604645,0.17790000140666962,0.475600004196167,0.23422685265541077,0.05823606997728348,0.08110000193119049,0.22370000183582306,0.5001999735832214,0.293706476688385,0.05267588794231415,0.1384499967098236,0.28769999742507935,0.49720001220703125,0.37085381150245667,0.07278329133987427,0.2125999927520752,0.36195001006126404,0.5962499976158142,0.32074978947639465,0.06678421050310135,0.15770000219345093,0.3090499937534332,0.5942500233650208
169,GeoVision_Jaipur_tile_45.tif,Jaipur,65536,741,0.0113067626953125,0.15764102339744568,0.03507855162024498,0.08429999649524689,0.1477999985218048,0.2980000078678131,0.20058318972587585,0.03710878640413284,0.1120000034570694,0.19539999961853027,0.3203999996185303,0.24135524034500122,0.03886641934514046,0.12205000221729279,0.24070000648498535,0.35359999537467957,0.30583852529525757,0.03276316076517105,0.20489999651908875,0.30959999561309814,0.4056999981403351,0.3521730303764343,0.03252742812037468,0.25655001401901245,0.35519999265670776,0.44745001196861267,0.32790154218673706,0.04027867689728737,0.20194999873638153,0.326200008392334,0.42864999175071716
170,GeoVision_Kolkata_tile_40.tif,Kolkata,65536,22,0.000335693359375,0.08314091712236404,0.030978798866271973,0.04639999940991402,0.06634999811649323,0.13660000264644623,0.10290908813476562,0.03422164544463158,0.05979999899864197,0.08784999698400497,0.16279999911785126,0.10526364296674728,0.04485999047756195,0.05460000038146973,0.08034999668598175,0.1770000010728836,0.14519543945789337,0.0609193779528141,0.06239999830722809,0.11830000579357147,0.2547000050544739,0.1633363664150238,0.06327716261148453,0.057999998331069946,0.13729999959468842,0.24289999902248383,0.1387408822774887,0.06397625803947449,0.03819999843835831,0.11694999784231186,0.21379999816417694
171,GeoVision_Chennai_tile_107.tif,Chennai,65536,1283,0.0195770263671875,0.12618900835514069,0.031074533239006996,0.04360000044107437,0.125,0.29420000314712524,0.14802579581737518,0.034130923449993134,0.05559999868273735,0.14920000731945038,0.328000009059906,0.16365985572338104,0.04229598119854927,0.041999999433755875,0.16660000383853912,0.32519999146461487,0.2050522267818451,0.05060206353664398,0.045899998396635056,0.20980000495910645,0.36959999799728394,0.2527819275856018,0.06381674855947495,0.04690000042319298,0.2603999972343445,0.39160001277923584,0.2296273410320282,0.06417293101549149,0.032099999487400055,0.2379000037908554,0.3693999946117401
172,GeoVision_Hyderabad_tile_70.tif,Hyderabad,65536,850,0.012969970703125,0.12470664829015732,0.03368870168924332,0.05480000004172325,0.12290000170469284,0.3107999861240387,0.15881024301052094,0.036385197192430496,0.07514999806880951,0.16009999811649323,0.35420000553131104,0.19252976775169373,0.0489233136177063,0.05889999866485596,0.20046666264533997,0.3808000087738037,0.2390948086977005,0.06307386606931686,0.04557500034570694,0.25236666202545166,0.3919999897480011,0.291406512260437,0.07264398038387299,0.052959997206926346,0.3111500144004822,0.43950000405311584,0.2515192925930023,0.06397956609725952,0.04233333468437195,0.2720000147819519,0.4138000011444092
173,GeoVision_Jaipur_tile_16.tif,Jaipur,65536,216,0.0032958984375,0.15078356862068176,0.020460981875658035,0.04594999924302101,0.15604999661445618,0.18029999732971191,0.21767708659172058,0.030680125579237938,0.06385000050067902,0.22609999775886536,0.2535000145435333,0.27591806650161743,0.04776342958211899,0.0632999986410141,0.29212498664855957,0.3303999900817871,0.3427143394947052,0.04805721715092659,0.08609999716281891,0.3588249981403351,0.39890000224113464,0.4064594805240631,0.06992676109075546,0.13249999284744263,0.4302999973297119,0.47760000824928284,0.3889259099960327,0.08043640106916428,0.09040000289678574,0.413349986076355,0.4663499891757965
174,GeoVision_Jaipur_tile_50.tif,Jaipur,65536,2182,0.033294677734375,0.1352645605802536,0.04311341792345047,0.0406000018119812,0.13510000705718994,0.4244000017642975,0.17227770388126373,0.050771959125995636,0.04854999855160713,0.17634999752044678,0.43959999084472656,0.20588669180870056,0.061691246926784515,0.049400001764297485,0.21594999730587006,0.43799999356269836,0.2608613073825836,0.07146460562944412,0.06080000102519989,0.2769249975681305,0.4652000069618225,0.3002671003341675,0.08057474344968796,0.06825000047683716,0.3198249936103821,0.5087500214576721,0.27307742834091187,0.08153896778821945,0.04839999973773956,0.29205000400543213,0.5261499881744385
175,GeoVision_Hyderabad_tile_46.tif,Hyderabad,65536,599,0.0091400146484375,0.08289093524217606,0.049317386001348495,0.04149999842047691,0.05033333599567413,0.26019999384880066,0.10475306212902069,0.06021299213171005,0.054999999701976776,0.06334999948740005,0.29919999837875366,0.11253733932971954,0.08706695586442947,0.0414000004529953,0.05023333430290222,0.3644999861717224,0.1417045295238495,0.1180826723575592,0.032499998807907104,0.06206667050719261,0.3903999924659729,0.1594471037387848,0.1513427346944809,0.02645000070333481,0.05270000174641609,0.4300999939441681,0.13181713223457336,0.13258056342601776,0.017658332362771034,0.036890000104904175,0.3763999938964844
176,GeoVision_Delhi_tile_34.tif,Delhi,65536,44,0.00067138671875,0.11450909823179245,0.04251993075013161,0.04899999871850014,0.10719999670982361,0.20999999344348907,0.14901816844940186,0.04265015199780464,0.07779999822378159,0.15320000052452087,0.23720000684261322,0.16647271811962128,0.056736331433057785,0.060600001364946365,0.17840000987052917,0.26420000195503235,0.2029590755701065,0.06803163141012192,0.05530000105500221,0.20945000648498535,0.3068000078201294,0.18428407609462738,0.0656638815999031,0.08810000121593475,0.16690000891685486,0.2955000102519989,0.14928407967090607,0.06159617006778717,0.06549999862909317,0.12680000066757202,0.2696000039577484
177,GeoVision_Chennai_tile_80.tif,Chennai,65536,656,0.010009765625,0.19145990908145905,0.08747097849845886,0.042100001126527786,0.15929999947547913,0.4083999991416931,0.21703873574733734,0.08294901996850967,0.055399999022483826,0.18880000710487366,0.4424000084400177,0.23398399353027344,0.08273346722126007,0.04399999976158142,0.21700000762939453,0.45719999074935913,0.27303290367126465,0.07060974836349487,0.05490000173449516,0.27160000801086426,0.49959999322891235,0.3635135889053345,0.11035969853401184,0.05590000003576279,0.35409998893737793,0.5764999985694885,0.34387150406837463,0.13604046404361725,0.03840000182390213,0.3278000056743622,0.6331999897956848
178,GeoVision_Ahmedabad_tile_138.tif,Ahmedabad,65536,2688,0.041015625,0.12713636457920074,0.036580875515937805,0.048700001090765,0.11880999803543091,0.38190001249313354,0.1636510044336319,0.03918522968888283,0.05432499945163727,0.15809999406337738,0.4323999881744385,0.2033701390028,0.04402223229408264,0.06620000302791595,0.20135000348091125,0.4611999988555908,0.2602936923503876,0.05001295730471611,0.07859999686479568,0.26460832357406616,0.49094998836517334,0.3082173764705658,0.04968234896659851,0.06057500094175339,0.31459999084472656,0.4281666576862335,0.2863709032535553,0.04915840923786163,0.04647500067949295,0.29280000925064087,0.41705000400543213
179,GeoVision_Ahmedabad_tile_30.tif,Ahmedabad,65536,511,0.0077972412109375,0.1268329918384552,0.035840634256601334,0.02772499993443489,0.12099999934434891,0.2644999921321869,0.16247490048408508,0.03986647352576256,0.030500000342726707,0.15905000269412994,0.29760000109672546,0.2022843360900879,0.04699420556426048,0.029500000178813934,0.20656001567840576,0.3355500102043152,0.25894778966903687,0.05023351311683655,0.03701666742563248,0.2648066580295563,0.38600000739097595,0.2999402582645416,0.055473290383815765,0.04452500119805336,0.3078666627407074,0.3894999921321869,0.27963656187057495,0.0558953732252121,0.03907499834895134,0.2862600088119507,0.38304999470710754
180,GeoVision_Mumbai_tile_124.tif,Mumbai,65536,4856,0.0740966796875,0.08927517384290695,0.01674419641494751,0.05204999819397926,0.08552142977714539,0.20319999754428864,0.10774371773004532,0.020061779767274857,0.06120000034570694,0.10386818647384644,0.23759999871253967,0.12523405253887177,0.025531457737088203,0.05420000106096268,0.12219999730587006,0.2750000059604645,0.14814338088035583,0.03212060034275055,0.06610000133514404,0.14180000126361847,0.3043999969959259,0.16350272297859192,0.03388442099094391,0.07606666535139084,0.15960000455379486,0.3212999999523163,0.14280004799365997,0.033605314791202545,0.06589999794960022,0.1383500099182129,0.26980000734329224
181,GeoVision_Mumbai_tile_48.tif,Mumbai,65536,3028,0.04620361328125,0.09365413337945938,0.014618541114032269,0.053199999034404755,0.0919535756111145,0.17440000176429749,0.1122051402926445,0.01813276670873165,0.06174999848008156,0.10939999669790268,0.1996999979019165,0.12978607416152954,0.02360815554857254,0.05700000002980232,0.12520000338554382,0.2387000024318695,0.15155354142189026,0.02797192893922329,0.06004000082612038,0.14579999446868896,0.30140000581741333,0.16365304589271545,0.029076101258397102,0.09243333339691162,0.15501999855041504,0.2793999910354614,0.14574602246284485,0.02988290600478649,0.0737999975681305,0.13532499969005585,0.27263331413269043
182,GeoVision_Hyderabad_tile_117.tif,Hyderabad,65536,606,0.009246826171875,0.14431551098823547,0.05788220092654228,0.06105000153183937,0.12570999562740326,0.3736000061035156,0.17995503544807434,0.05975307151675224,0.08879999816417694,0.16500000655651093,0.4212000072002411,0.22174006700515747,0.059231314808130264,0.07760000228881836,0.21279999613761902,0.4426000118255615,0.2764013707637787,0.0559081956744194,0.08144285529851913,0.27668333053588867,0.43639999628067017,0.33850619196891785,0.06854920834302902,0.08470000326633453,0.340904176235199,0.5026000142097473,0.30050772428512573,0.06418215483427048,0.06520000100135803,0.297124981880188,0.47780001163482666
183,GeoVision_Chennai_tile_83.tif,Chennai,65536,468,0.00714111328125,0.10700128227472305,0.05620746687054634,0.041600000113248825,0.09870000183582306,0.4691999852657318,0.1263243556022644,0.05940071865916252,0.04699999839067459,0.11749999970197678,0.5008000135421753,0.1345365345478058,0.064389169216156,0.03449999913573265,0.12600000202655792,0.5175999999046326,0.15907178819179535,0.07377758622169495,0.03759999945759773,0.149399995803833,0.5112000107765198,0.19676387310028076,0.07880442589521408,0.03200000151991844,0.1941000074148178,0.5566999912261963,0.1776508390903473,0.07770577818155289,0.022700000554323196,0.17785000801086426,0.5666000247001648
184,GeoVision_Mumbai_tile_44.tif,Mumbai,65536,0,0.0,,,,,,,,,,,,,,,,,,,,,,,,,,,,,,
185,GeoVision_Mumbai_tile_51.tif,Mumbai,65536,1253,0.0191192626953125,0.11059309542179108,0.029511692002415657,0.06492000073194504,0.10082000494003296,0.31119999289512634,0.13352522253990173,0.03472146764397621,0.07429999858140945,0.12219999730587006,0.3333333134651184,0.15799281001091003,0.0400942787528038,0.07765000313520432,0.14586666226387024,0.3529999852180481,0.18498077988624573,0.0395306795835495,0.09099999815225601,0.17685000598430634,0.37279999256134033,0.21337798237800598,0.0546116828918457,0.12804999947547913,0.19439999759197235,0.4726499915122986,0.19993966817855835,0.06612541526556015,0.09719999879598618,0.1724500060081482,0.503600001335144
186,GeoVision_Ahmedabad_tile_105.tif,Ahmedabad,65536,1965,0.0299835205078125,0.13061974942684174,0.03614336624741554,0.046300001442432404,0.121799997985363,0.331279993057251,0.16472233831882477,0.03942275792360306,0.053733330219984055,0.15710000693798065,0.3763333261013031,0.20321406424045563,0.04273812845349312,0.05745000019669533,0.19990000128746033,0.4090000092983246,0.25655820965766907,0.04112108796834946,0.07015000283718109,0.25427499413490295,0.4456000030040741,0.29793184995651245,0.04573247581720352,0.0489250011742115,0.30044999718666077,0.44657498598098755,0.27866604924201965,0.04618801549077034,0.036283332854509354,0.28281667828559875,0.45605000853538513
187,GeoVision_Ahmedabad_tile_36.tif,Ahmedabad,65536,210,0.003204345703125,0.1321277916431427,0.04588036611676216,0.05559999868273735,0.123293936252594,0.3057999908924103,0.16656102240085602,0.05075622722506523,0.06674999743700027,0.16663667559623718,0.3368000090122223,0.2026718705892563,0.05776560306549072,0.07692500203847885,0.2130099982023239,0.36559998989105225,0.2695884108543396,0.06615319848060608,0.09767500311136246,0.2863749861717224,0.4149833619594574,0.29448604583740234,0.06947562098503113,0.12530000507831573,0.29983749985694885,0.4006499946117401,0.26202014088630676,0.06605149060487747,0.10845000296831131,0.2683374881744385,0.3609166741371155
188,GeoVision_Bengaluru_tile_50.tif,Bengaluru,65536,850,0.012969970703125,0.13894771039485931,0.0540412999689579,0.040800001472234726,0.12540000677108765,0.41100001335144043,0.1951611340045929,0.057380884885787964,0.0738999992609024,0.18024998903274536,0.42480000853538513,0.2565295100212097,0.06458757072687149,0.08959999680519104,0.24864999949932098,0.4496000111103058,0.31200364232063293,0.06423642486333847,0.1168999969959259,0.3096749782562256,0.5335999727249146,0.39731794595718384,0.07743895798921585,0.1873999983072281,0.3978999853134155,0.5682500004768372,0.31673845648765564,0.0621517188847065,0.13294999301433563,0.3110250234603882,0.49950000643730164
189,GeoVision_Hyderabad_tile_127.tif,Hyderabad,65536,799,0.0121917724609375,0.09158336371183395,0.04099474847316742,0.052059996873140335,0.0718500018119812,0.3190000057220459,0.11540596187114716,0.04815962538123131,0.0562250018119812,0.09489999711513519,0.3515999913215637,0.10906415432691574,0.07262446731328964,0.04886666685342789,0.0689999982714653,0.39340001344680786,0.13433663547039032,0.08873604238033295,0.053300000727176666,0.08330000191926956,0.410266637802124,0.12380079925060272,0.12489140033721924,0.021700000390410423,0.05834000185132027,0.4749999940395355,0.10689608752727509,0.11958758533000946,0.013299999758601189,0.04106666520237923,0.5041333436965942
190,GeoVision_Hyderabad_tile_25.tif,Hyderabad,65536,295,0.0045013427734375,0.1530705839395523,0.06131650134921074,0.04100000113248825,0.13289999961853027,0.41679999232292175,0.18802422285079956,0.0644284188747406,0.05180000141263008,0.16940000653266907,0.4691999852657318,0.2228018045425415,0.06119624152779579,0.04024000093340874,0.21660000085830688,0.4731999933719635,0.2881113588809967,0.05730095133185387,0.04690000042319298,0.2888000011444092,0.4828000068664551,0.33786484599113464,0.06454534083604813,0.04410000145435333,0.3349800109863281,0.5222333669662476,0.29185569286346436,0.06765232980251312,0.029899999499320984,0.290800005197525,0.5195000171661377
191,GeoVision_Hyderabad_tile_180.tif,Hyderabad,65536,2680,0.0408935546875,0.15921054780483246,0.029728246852755547,0.03830000013113022,0.15559999644756317,0.30504000186920166,0.1929650604724884,0.03300018981099129,0.04600000008940697,0.19059999287128448,0.3601999878883362,0.22413311898708344,0.04086025804281235,0.03500000014901161,0.22220000624656677,0.4004000127315521,0.28080835938453674,0.04565040022134781,0.03739999979734421,0.28258216381073,0.42640000581741333,0.3342381715774536,0.0567062571644783,0.02969999983906746,0.3312000036239624,0.4975750148296356,0.30049264430999756,0.05271082744002342,0.02590000070631504,0.29794999957084656,0.45996665954589844
192,GeoVision_Ahmedabad_tile_12.tif,Ahmedabad,65536,114,0.001739501953125,0.1527436524629593,0.0462719090282917,0.038733333349227905,0.14910000562667847,0.296099990606308,0.18911662697792053,0.04670510068535805,0.06689999997615814,0.18828749656677246,0.34139999747276306,0.2204863727092743,0.05272103473544121,0.0551999993622303,0.22220000624656677,0.3709999918937683,0.2828501760959625,0.05350076034665108,0.06362500041723251,0.29224374890327454,0.38600000739097595,0.3159155249595642,0.06207912042737007,0.04969999939203262,0.3334500193595886,0.37505000829696655,0.28236085176467896,0.061046816408634186,0.03530000150203705,0.29668334126472473,0.35065001249313354
193,GeoVision_Delhi_tile_5.tif,Delhi,65536,3622,0.055267333984375,0.12775976955890656,0.032772522419691086,0.05920000001788139,0.12240000069141388,0.37619999051094055,0.17084206640720367,0.03425661474466324,0.07199999690055847,0.17100000381469727,0.41679999232292175,0.21202723681926727,0.03962729126214981,0.08259999752044678,0.2152000069618225,0.44600000977516174,0.267863005399704,0.04341655597090721,0.10760000348091125,0.2775999903678894,0.44850000739097595,0.3141420781612396,0.04794290289282799,0.14000000059604645,0.3212500214576721,0.5440000295639038,0.2925696074962616,0.05045059323310852,0.120899997651577,0.29820001125335693,0.5819000005722046
194,GeoVision_Mumbai_tile_3.tif,Mumbai,65536,0,0.0,,,,,,,,,,,,,,,,,,,,,,,,,,,,,,
195,GeoVision_Hyderabad_tile_159.tif,Hyderabad,65536,506,0.007720947265625,0.12028200924396515,0.03159002587199211,0.058800000697374344,0.1145000010728836,0.311599999666214,0.15583983063697815,0.03321344032883644,0.08004000037908554,0.1512400060892105,0.3400000035762787,0.20437246561050415,0.041297394782304764,0.11073333770036697,0.2115333378314972,0.36480000615119934,0.26880401372909546,0.04405687004327774,0.14777499437332153,0.28130000829696655,0.37279999256134033,0.32209402322769165,0.04518638178706169,0.20385000109672546,0.32758334279060364,0.4255000054836273,0.2885570824146271,0.0449327751994133,0.1509000062942505,0.2915375232696533,0.3912000060081482
196,GeoVision_Chennai_tile_110.tif,Chennai,65536,0,0.0,,,,,,,,,,,,,,,,,,,,,,,,,,,,,,
197,GeoVision_Hyderabad_tile_44.tif,Hyderabad,65536,529,0.0080718994140625,0.13058987259864807,0.051971957087516785,0.03700000047683716,0.11299999803304672,0.30979999899864197,0.1639702320098877,0.05578874796628952,0.051500000059604645,0.14868000149726868,0.3529999852180481,0.1951127052307129,0.06087552383542061,0.03709999844431877,0.18491999804973602,0.38679999113082886,0.24708649516105652,0.06473533064126968,0.036400001496076584,0.24400000274181366,0.40779998898506165,0.3076750934123993,0.06897897273302078,0.03759999945759773,0.3190999925136566,0.46334999799728394,0.2582677900791168,0.06583359092473984,0.02810000069439411,0.2627499997615814,0.4097999930381775
198,GeoVision_Bengaluru_tile_10.tif,Bengaluru,65536,1008,0.015380859375,0.12978903949260712,0.04165240004658699,0.042399998754262924,0.1216999962925911,0.35670000314712524,0.18111950159072876,0.04517385736107826,0.06554999947547913,0.17759999632835388,0.42579999566078186,0.23268923163414001,0.05591326951980591,0.07944999635219574,0.22917500138282776,0.4472000002861023,0.2854401171207428,0.06852317601442337,0.1034500002861023,0.287200003862381,0.5073999762535095,0.366142213344574,0.0939577966928482,0.05375000089406967,0.3685249984264374,0.609499990940094,0.2999836802482605,0.07928706705570221,0.04010000079870224,0.302700012922287,0.5097500085830688
199,GeoVision_Hyderabad_tile_50.tif,Hyderabad,65536,435,0.0066375732421875,0.11941760778427124,0.05002728849649429,0.049133334308862686,0.12200000137090683,0.2919999957084656,0.14457732439041138,0.05631832033395767,0.06080000102519989,0.15760000050067902,0.3328000009059906,0.16569450497627258,0.07644450664520264,0.04969999939203262,0.18860000371932983,0.3723999857902527,0.19958946108818054,0.0917888805270195,0.048900000751018524,0.23070000112056732,0.49160000681877136,0.24436873197555542,0.11701745539903641,0.026762500405311584,0.27533331513404846,0.5044500231742859,0.2251386195421219,0.11541804671287537,0.02065555565059185,0.2515000104904175,0.5494499802589417
200,GeoVision_Jaipur_tile_84.tif,Jaipur,65536,1818,0.027740478515625,0.13874828815460205,0.035284627228975296,0.06315000355243683,0.12960000336170197,0.31060001254081726,0.17851856350898743,0.03500135615468025,0.07564999908208847,0.17309999465942383,0.3529999852180481,0.21941526234149933,0.03828543424606323,0.08479999750852585,0.2192249894142151,0.39800000190734863,0.2849866449832916,0.04421185702085495,0.10279999673366547,0.2890999913215637,0.4586000144481659,0.3361082375049591,0.043803147971630096,0.1577499955892563,0.3375999927520752,0.45535001158714294,0.30777257680892944,0.0424368754029274,0.13054999709129333,0.3070499897003174,0.4239499866962433
201,GeoVision_Delhi_tile_9.tif,Delhi,65536,3048,0.0465087890625,0.12106417119503021,0.02881470136344433,0.04075000062584877,0.1174200028181076,0.3310000002384186,0.1622067391872406,0.028514323756098747,0.05260000005364418,0.16000694036483765,0.32146668434143066,0.20180067420005798,0.034415021538734436,0.05119999870657921,0.2045937478542328,0.3426833152770996,0.26480793952941895,0.040475208312273026,0.06430833041667938,0.27219998836517334,0.361050009727478,0.30806654691696167,0.045072998851537704,0.09375,0.3162750005722046,0.40617498755455017,0.28128793835639954,0.04611207917332649,0.07739999890327454,0.28790414333343506,0.382999986410141
202,GeoVision_Ahmedabad_tile_78.tif,Ahmedabad,65536,3853,0.0587921142578125,0.1287124902009964,0.029047956690192223,0.04165833443403244,0.12610000371932983,0.3619000017642975,0.16482201218605042,0.035022590309381485,0.047974999994039536,0.16500000655651093,0.42080000042915344,0.20123179256916046,0.043531328439712524,0.05073333531618118,0.20434999465942383,0.4642166495323181,0.2507779002189636,0.05182941257953644,0.07124999910593033,0.25600001215934753,0.5378000140190125,0.28813499212265015,0.05972278118133545,0.09597499668598175,0.2939999997615814,0.42366665601730347,0.26316189765930176,0.060102976858615875,0.0722000002861023,0.2660999894142151,0.43674999475479126
203,GeoVision_Mumbai_tile_118.tif,Mumbai,65536,0,0.0,,,,,,,,,,,,,,,,,,,,,,,,,,,,,,
204,GeoVision_Bengaluru_tile_88.tif,Bengaluru,65536,1345,0.0205230712890625,0.16735003888607025,0.05012795701622963,0.016249999403953552,0.16750000417232513,0.41100001335144043,0.21514490246772766,0.06055331230163574,0.02995000034570694,0.2142000049352646,0.4544000029563904,0.25351351499557495,0.07308483868837357,0.020649999380111694,0.251800000667572,0.4866499900817871,0.29919371008872986,0.07508910447359085,0.033649999648332596,0.29670000076293945,0.5498499870300293,0.36383944749832153,0.09371667355298996,0.04969999939203262,0.3598499894142151,0.644349992275238,0.31107962131500244,0.07354248315095901,0.03530000150203705,0.31690001487731934,0.5123999714851379
205,GeoVision_Kolkata_tile_159.tif,Kolkata,65536,110,0.001678466796875,0.0907071903347969,0.0355011522769928,0.04795454442501068,0.08721666783094406,0.23929999768733978,0.10955118387937546,0.04324853792786598,0.05820000171661377,0.10337329655885696,0.2806999981403351,0.1309473067522049,0.0652087852358818,0.05285999923944473,0.1295916736125946,0.3271999955177307,0.1678055226802826,0.08287253230810165,0.05660000070929527,0.17387500405311584,0.34610000252723694,0.18042509257793427,0.08426724374294281,0.030659999698400497,0.1991499960422516,0.3176000118255615,0.14789316058158875,0.07789260894060135,0.020349999889731407,0.15718331933021545,0.2712000012397766
206,GeoVision_Jaipur_tile_98.tif,Jaipur,65536,843,0.0128631591796875,0.14206495881080627,0.029676510021090508,0.07460000365972519,0.13940000534057617,0.3580000102519989,0.19283761084079742,0.034040067344903946,0.0917000025510788,0.19439999759197235,0.39160001277923584,0.24669556319713593,0.0460628867149353,0.10625000298023224,0.24420000612735748,0.4320000112056732,0.3188840448856354,0.049121301621198654,0.12575000524520874,0.3163999915122986,0.47119998931884766,0.3849104940891266,0.05483733117580414,0.20919999480247498,0.3734000027179718,0.48945000767707825,0.35505133867263794,0.059090957045555115,0.18870000541210175,0.33809998631477356,0.4784500002861023
207,GeoVision_Kolkata_tile_16.tif,Kolkata,65536,16,0.000244140625,0.06732499599456787,0.01227087527513504,0.050700001418590546,0.06544999778270721,0.0868000015616417,0.09014999866485596,0.018548011779785156,0.06260000169277191,0.09009999781847,0.11760000139474869,0.08173125237226486,0.022131474688649178,0.04879999905824661,0.08449999988079071,0.11219999939203262,0.09201249480247498,0.025551732629537582,0.05429999902844429,0.09624999761581421,0.1371999979019165,0.12542501091957092,0.05189186707139015,0.04560000076889992,0.13854999840259552,0.21580000221729279,0.09233749657869339,0.044673942029476166,0.028699999675154686,0.09934999793767929,0.17159999907016754
208,GeoVision_Bengaluru_tile_153.tif,Bengaluru,65536,308,0.00469970703125,0.12974317371845245,0.04112439602613449,0.03739999979734421,0.12389999628067017,0.263700008392334,0.17352338135242462,0.046794090420007706,0.04284999892115593,0.1688999980688095,0.2976999878883362,0.21898052096366882,0.05774639546871185,0.04639999940991402,0.2227500081062317,0.36419999599456787,0.2710025906562805,0.06256788969039917,0.051249999552965164,0.2806749939918518,0.40450000762939453,0.3432842493057251,0.08393825590610504,0.11214999854564667,0.36492499709129333,0.48065000772476196,0.2624819874763489,0.06537264585494995,0.08495000004768372,0.2778249979019165,0.39524999260902405
209,GeoVision_Kolkata_tile_8.tif,Kolkata,65536,150,0.002288818359375,0.13101667165756226,0.043213412165641785,0.08799999952316284,0.11660000681877136,0.328000009059906,0.15582267940044403,0.04703034460544586,0.10220000147819519,0.14190000295639038,0.3628000020980835,0.17145664989948273,0.053431008011102676,0.10819999873638153,0.1559000015258789,0.4036000072956085,0.22292663156986237,0.058196257799863815,0.13650000095367432,0.21645000576972961,0.4350000023841858,0.2525259852409363,0.04873283952474594,0.1589999943971634,0.25270000100135803,0.3490999937057495,0.22478733956813812,0.04848932847380638,0.13189999759197235,0.23160000145435333,0.32179999351501465
210,GeoVision_Hyderabad_tile_102.tif,Hyderabad,65536,1287,0.0196380615234375,0.12958846986293793,0.06248302385210991,0.05779999867081642,0.12139999866485596,0.45680001378059387,0.15909768640995026,0.0678553581237793,0.06759999692440033,0.1607999950647354,0.5012000203132629,0.18688462674617767,0.08139026910066605,0.05959999933838844,0.20499999821186066,0.5224000215530396,0.2312328964471817,0.10453850775957108,0.049800001084804535,0.2635999917984009,0.5875999927520752,0.25780221819877625,0.13060957193374634,0.027300000190734863,0.30239999294281006,0.4625000059604645,0.21678248047828674,0.11868149042129517,0.019700000062584877,0.25995001196861267,0.40939998626708984
211,GeoVision_Delhi_tile_84.tif,Delhi,65536,3856,0.058837890625,0.12817199528217316,0.024765152484178543,0.03220000118017197,0.12700000405311584,0.3163999915122986,0.1703377217054367,0.029896916821599007,0.04170000180602074,0.16979999840259552,0.3752000033855438,0.20451413094997406,0.0393848679959774,0.04580000042915344,0.2062000036239624,0.38920000195503235,0.25533658266067505,0.04478427767753601,0.06080000102519989,0.26019999384880066,0.39719998836517334,0.29359087347984314,0.05128343775868416,0.066600002348423,0.29980000853538513,0.4156999886035919,0.2705206871032715,0.0526387058198452,0.05299999937415123,0.27730000019073486,0.40709999203681946
212,GeoVision_Hyderabad_tile_124.tif,Hyderabad,65536,666,0.010162353515625,0.12015091627836227,0.029235010966658592,0.04740000143647194,0.11940000206232071,0.24199999868869781,0.15251988172531128,0.034190647304058075,0.06173333153128624,0.15160000324249268,0.2685999870300293,0.18419943749904633,0.050971779972314835,0.04610000178217888,0.19140000641345978,0.31859999895095825,0.23579896986484528,0.061437204480171204,0.05635000020265579,0.2503643035888672,0.3495999872684479,0.28424957394599915,0.08125549554824829,0.026900000870227814,0.2935500144958496,0.4180999994277954,0.24926869571208954,0.07430581003427505,0.02070000022649765,0.2573833465576172,0.4002000093460083
213,GeoVision_Bengaluru_tile_126.tif,Bengaluru,65536,1330,0.020294189453125,0.1383141279220581,0.03590889647603035,0.026350000873208046,0.13750000298023224,0.3553999960422516,0.20214511454105377,0.04867083951830864,0.04450000077486038,0.19984999299049377,0.4259999990463257,0.2701919972896576,0.07111430913209915,0.026200000196695328,0.2678999900817871,0.4424000084400177,0.327880322933197,0.0712515339255333,0.04610000178217888,0.3341500163078308,0.49825000762939453,0.4079189598560333,0.0964663177728653,0.029249999672174454,0.41084998846054077,0.604449987411499,0.30952444672584534,0.06335680931806564,0.023649999871850014,0.31347501277923584,0.47369998693466187
214,GeoVision_Jaipur_tile_162.tif,Jaipur,65536,308,0.00469970703125,0.11838489025831223,0.02490231953561306,0.04924999922513962,0.12160000205039978,0.16599999368190765,0.1629853993654251,0.0398273728787899,0.05950000137090683,0.17339999973773956,0.2287999987602234,0.20942695438861847,0.062068890780210495,0.06665000319480896,0.2213750034570694,0.3248000144958496,0.27033135294914246,0.07588504999876022,0.0803999975323677,0.2861250042915344,0.3752000033855438,0.32410210371017456,0.0877603143453598,0.11845000088214874,0.35154998302459717,0.4713999927043915,0.2750128209590912,0.07875408232212067,0.09650000184774399,0.26854997873306274,0.4196000099182129
215,GeoVision_Delhi_tile_177.tif,Delhi,65536,948,0.01446533203125,0.12040136754512787,0.026000386103987694,0.0430000014603138,0.12632501125335693,0.17960000038146973,0.1476861834526062,0.02878160960972309,0.0575999990105629,0.15404999256134033,0.20819999277591705,0.1660594791173935,0.0384318009018898,0.06004999950528145,0.17362499237060547,0.24169999361038208,0.20648160576820374,0.05342346802353859,0.0637499988079071,0.21672499179840088,0.3116999864578247,0.22609363496303558,0.058721818029880524,0.06764999777078629,0.2337999939918518,0.3567500114440918,0.20030634105205536,0.058566223829984665,0.043549999594688416,0.20685000717639923,0.335099995136261
216,GeoVision_Chennai_tile_56.tif,Chennai,65536,509,0.0077667236328125,0.15459686517715454,0.04427148774266243,0.05180000141263008,0.14839999377727509,0.37439998984336853,0.17677366733551025,0.04612667113542557,0.0568000003695488,0.17440000176429749,0.4196000099182129,0.18984931707382202,0.049573659896850586,0.04989999905228615,0.18880000710487366,0.43799999356269836,0.23923300206661224,0.055784258991479874,0.053199999034404755,0.23880000412464142,0.4684000015258789,0.27593377232551575,0.06212405115365982,0.052000001072883606,0.2750999927520752,0.4074999988079071,0.2458585500717163,0.06141993775963783,0.03200000151991844,0.24160000681877136,0.41440001130104065
217,GeoVision_Delhi_tile_124.tif,Delhi,65536,99,0.0015106201171875,0.12910859286785126,0.033605076372623444,0.03189999982714653,0.1362999975681305,0.20000000298023224,0.15924596786499023,0.036120638251304626,0.038350000977516174,0.16220000386238098,0.2502000033855438,0.1763010174036026,0.04347013309597969,0.03840000182390213,0.18310000002384186,0.27219998836517334,0.2325080931186676,0.049071334302425385,0.05054999887943268,0.23229999840259552,0.32580000162124634,0.24716514348983765,0.062049925327301025,0.040550000965595245,0.2579500079154968,0.32234999537467957,0.2205035537481308,0.059519022703170776,0.03180000185966492,0.23829999566078186,0.29260000586509705
218,GeoVision_Bengaluru_tile_105.tif,Bengaluru,65536,460,0.00701904296875,0.14757630228996277,0.04513455182313919,0.041450001299381256,0.1428000032901764,0.3817000091075897,0.18388283252716064,0.049255240708589554,0.06120000034570694,0.17664998769760132,0.39320001006126404,0.21760620176792145,0.055935319513082504,0.08295000344514847,0.20980000495910645,0.39649999141693115,0.2770369350910187,0.057283297181129456,0.10305000096559525,0.27217501401901245,0.45590001344680786,0.33817175030708313,0.07745680212974548,0.14855000376701355,0.3190999925136566,0.5753499865531921,0.2965697944164276,0.06711628288030624,0.12680000066757202,0.28505000472068787,0.47315001487731934
219,GeoVision_Hyderabad_tile_9.tif,Hyderabad,65536,1023,0.0156097412109375,0.12505359947681427,0.04339655861258507,0.04639999940991402,0.11659999936819077,0.4740000069141388,0.16493691504001617,0.04285554215312004,0.06532499939203262,0.16200000047683716,0.4991999864578247,0.21923547983169556,0.047407254576683044,0.050700001418590546,0.22450000047683716,0.5008000135421753,0.27793535590171814,0.05617830157279968,0.0406000018119812,0.28084999322891235,0.4708000123500824,0.35501012206077576,0.06778275221586227,0.03869999945163727,0.3659999966621399,0.5001999735832214,0.30194389820098877,0.06401518732309341,0.02810000069439411,0.31150001287460327,0.5080000162124634
220,GeoVision_Mumbai_tile_1.tif,Mumbai,65536,0,0.0,,,,,,,,,,,,,,,,,,,,,,,,,,,,,,
221,GeoVision_Chennai_tile_44.tif,Chennai,65536,0,0.0,,,,,,,,,,,,,,,,,,,,,,,,,,,,,,
222,GeoVision_Jaipur_tile_35.tif,Jaipur,65536,213,0.0032501220703125,0.14744813740253448,0.01943625882267952,0.08169999718666077,0.15299999713897705,0.18870000541210175,0.21361103653907776,0.02802644483745098,0.11339999735355377,0.22390000522136688,0.25769999623298645,0.27765870094299316,0.03735455125570297,0.1525000035762787,0.29089999198913574,0.33410000801086426,0.35113897919654846,0.029523298144340515,0.25575000047683716,0.35920000076293945,0.3993000090122223,0.4170617461204529,0.03934650495648384,0.3064500093460083,0.4347499907016754,0.46445000171661377,0.39375707507133484,0.04827646166086197,0.26570001244544983,0.4165000021457672,0.4577000141143799
223,GeoVision_Kolkata_tile_46.tif,Kolkata,65536,17,0.0002593994140625,0.10307647287845612,0.03737793490290642,0.032600000500679016,0.10109999775886536,0.20900000631809235,0.11733529716730118,0.04105290398001671,0.042899999767541885,0.11140000075101852,0.2280000001192093,0.13208234310150146,0.048757750540971756,0.03500000014901161,0.1306000053882599,0.2508000135421753,0.17495882511138916,0.06100885570049286,0.04170000180602074,0.17599999904632568,0.28999999165534973,0.19139999151229858,0.07682522386312485,0.04960000142455101,0.18459999561309814,0.36000001430511475,0.15781176090240479,0.07821773737668991,0.035100001841783524,0.15379999577999115,0.36730000376701355
224,GeoVision_Jaipur_tile_104.tif,Jaipur,65536,1489,0.0227203369140625,0.11898170411586761,0.036209430545568466,0.02645000070333481,0.12530000507831573,0.38940000534057617,0.15828531980514526,0.04690911993384361,0.038350000977516174,0.17309999465942383,0.43639999628067017,0.19474171102046967,0.06722734868526459,0.03689999878406525,0.21664999425411224,0.44784998893737793,0.25265881419181824,0.08397538214921951,0.04924999922513962,0.28790000081062317,0.4586000144481659,0.2976040244102478,0.09962394833564758,0.11654999852180481,0.31505000591278076,0.4691999852657318,0.2720021605491638,0.09907703101634979,0.09594999998807907,0.28450000286102295,0.4560999870300293
225,GeoVision_Delhi_tile_161.tif,Delhi,65536,211,0.0032196044921875,0.12856730818748474,0.04162542149424553,0.043549999594688416,0.11209999769926071,0.30070000886917114,0.15767771005630493,0.05313814431428909,0.06260000169277191,0.14139999449253082,0.3547999858856201,0.17682087421417236,0.06640779972076416,0.05869999900460243,0.1680999994277954,0.3750999867916107,0.22872179746627808,0.07684150338172913,0.06485000252723694,0.2326499968767166,0.3984000086784363,0.3078478276729584,0.06032446399331093,0.09395000338554382,0.3197999894618988,0.4201500117778778,0.25472205877304077,0.06437714397907257,0.08410000056028366,0.2386000007390976,0.4009999930858612
226,GeoVision_Delhi_tile_139.tif,Delhi,65536,2603,0.0397186279296875,0.12251497805118561,0.023637626320123672,0.054249998182058334,0.12120000272989273,0.3467999994754791,0.17225216329097748,0.028998948633670807,0.0786999985575676,0.17299999296665192,0.39660000801086426,0.21865977346897125,0.03491968289017677,0.07490000128746033,0.2223999947309494,0.4418500065803528,0.2802447974681854,0.0363597571849823,0.07999999821186066,0.2849000096321106,0.4878000020980835,0.3409747779369354,0.04571852087974548,0.12304999679327011,0.3508000075817108,0.4777500033378601,0.31488004326820374,0.047838252037763596,0.09669999778270721,0.32385000586509705,0.4512999951839447
227,GeoVision_Hyderabad_tile_166.tif,Hyderabad,65536,932,0.01422119140625,0.1384941041469574,0.033868562430143356,0.03970000147819519,0.13921666145324707,0.26126667857170105,0.17370589077472687,0.03792704641819,0.0658000037074089,0.1768999993801117,0.2946000099182129,0.20772536098957062,0.051658131182193756,0.04672500118613243,0.21279999613761902,0.3368000090122223,0.25418463349342346,0.06530551612377167,0.03480000048875809,0.2617666721343994,0.4277999997138977,0.3170594871044159,0.07787477225065231,0.042100001126527786,0.323199987411499,0.5013499855995178,0.2841776907444,0.07139319181442261,0.03287142887711525,0.28690001368522644,0.43076664209365845
228,GeoVision_Hyderabad_tile_80.tif,Hyderabad,65536,419,0.0063934326171875,0.14267931878566742,0.03502434492111206,0.06859999895095825,0.13519999384880066,0.29760000109672546,0.17337027192115784,0.03684213384985924,0.08179999887943268,0.1656000018119812,0.3402000069618225,0.20618793368339539,0.04391946271061897,0.07169999927282333,0.2021999955177307,0.362199991941452,0.25507715344429016,0.051668431609869,0.06800000369548798,0.2563999891281128,0.3869999945163727,0.301662802696228,0.06267481297254562,0.0478999987244606,0.30550000071525574,0.4099000096321106,0.27551817893981934,0.06344986706972122,0.03460000082850456,0.282150000333786,0.39465001225471497
229,GeoVision_Mumbai_tile_105.tif,Mumbai,65536,15482,0.236236572265625,0.09951981902122498,0.011642861180007458,0.05607999861240387,0.09939999878406525,0.1448500007390976,0.11939094960689545,0.014444994740188122,0.06185000017285347,0.11940000206232071,0.1756666600704193,0.13650108873844147,0.018325645476579666,0.061900001019239426,0.13600000739097595,0.20260000228881836,0.15405939519405365,0.022595930844545364,0.06137499958276749,0.1534000039100647,0.23205715417861938,0.17061299085617065,0.02704194188117981,0.06560000032186508,0.17045000195503235,0.27320000529289246,0.16081038117408752,0.02651643194258213,0.0532200001180172,0.16140000522136688,0.263700008392334
230,GeoVision_Ahmedabad_tile_97.tif,Ahmedabad,65536,716,0.01092529296875,0.12440098822116852,0.03533155843615532,0.048500001430511475,0.12280000001192093,0.39500001072883606,0.1580611765384674,0.04165106266736984,0.06210000067949295,0.1564750075340271,0.4228000044822693,0.19172246754169464,0.052783798426389694,0.0706000030040741,0.19259999692440033,0.460999995470047,0.24995490908622742,0.06295441091060638,0.08659999817609787,0.2548750042915344,0.490200012922287,0.27472996711730957,0.06896380335092545,0.11706665903329849,0.273562490940094,0.5048499703407288,0.24745406210422516,0.06674128770828247,0.09480000287294388,0.24637499451637268,0.5091000199317932
231,GeoVision_Hyderabad_tile_49.tif,Hyderabad,65536,1011,0.0154266357421875,0.11437904089689255,0.04119524359703064,0.046959999948740005,0.12759999930858612,0.3628000020980835,0.14952999353408813,0.04832736402750015,0.06040000170469284,0.16380000114440918,0.3919999897480011,0.17737679183483124,0.08399497717618942,0.04222499951720238,0.21234284341335297,0.42800000309944153,0.22177819907665253,0.10605417937040329,0.04179999977350235,0.2671000063419342,0.4690000116825104,0.27314263582229614,0.1434805542230606,0.021166667342185974,0.3356499969959259,0.44940000772476196,0.2383785992860794,0.13008300960063934,0.01679999940097332,0.2962999939918518,0.41036665439605713
232,GeoVision_Kolkata_tile_53.tif,Kolkata,65536,179,0.0027313232421875,0.10108380019664764,0.014787704683840275,0.042500000447034836,0.10000000149011612,0.15320000052452087,0.1205519586801529,0.01567709445953369,0.05180000141263008,0.12139999866485596,0.17599999904632568,0.13301676511764526,0.018239004537463188,0.04800000041723251,0.133200004696846,0.1860000044107437,0.17301452159881592,0.025920752435922623,0.06210000067949295,0.17100000381469727,0.23759999871253967,0.19741901755332947,0.027558164671063423,0.10400000214576721,0.18619999289512634,0.26010000705718994,0.17903631925582886,0.028055617585778236,0.08799999952316284,0.16750000417232513,0.24390000104904175
233,GeoVision_Ahmedabad_tile_180.tif,Ahmedabad,65536,1069,0.0163116455078125,0.12961147725582123,0.05953104421496391,0.020625000819563866,0.125,0.40299999713897705,0.1602468490600586,0.06547600775957108,0.02355000004172325,0.15950000286102295,0.4399999976158142,0.18896906077861786,0.07366073131561279,0.03293333575129509,0.19494999945163727,0.4666000008583069,0.23913680016994476,0.08083339780569077,0.03869999945163727,0.2543833255767822,0.4974749982357025,0.28770092129707336,0.0934295654296875,0.04600000008940697,0.29793334007263184,0.511775016784668,0.261136531829834,0.09475089609622955,0.033666666597127914,0.2657916843891144,0.529699981212616
234,GeoVision_Mumbai_tile_27.tif,Mumbai,65536,321,0.0048980712890625,0.08352553844451904,0.014343174174427986,0.051249999552965164,0.08190000057220459,0.20839999616146088,0.10706043988466263,0.022412078455090523,0.05874999985098839,0.10339999943971634,0.25429999828338623,0.1244802176952362,0.03125515207648277,0.05925000086426735,0.11810000240802765,0.2870999872684479,0.15784017741680145,0.03381091728806496,0.06379999965429306,0.1559000015258789,0.3709999918937683,0.16504625976085663,0.02753380499780178,0.0860000029206276,0.16660000383853912,0.23565000295639038,0.13265638053417206,0.025024540722370148,0.06644999980926514,0.13625000417232513,0.17880000174045563
235,GeoVision_Chennai_tile_0.tif,Chennai,65536,52,0.00079345703125,0.1071980819106102,0.036695800721645355,0.05950000137090683,0.09360000491142273,0.19480000436306,0.14111922681331635,0.041013747453689575,0.0869000032544136,0.1273999959230423,0.2433999925851822,0.15062691271305084,0.05224666744470596,0.08020000159740448,0.1387999951839447,0.26440000534057617,0.20173272490501404,0.08254694938659668,0.07810000330209732,0.1777999997138977,0.3625999987125397,0.24101343750953674,0.09614556282758713,0.05460000038146973,0.2282000035047531,0.43059998750686646,0.19775766134262085,0.0889844000339508,0.03420000150799751,0.20029999315738678,0.37790000438690186
236,GeoVision_Chennai_tile_113.tif,Chennai,65536,2403,0.0366668701171875,0.160943403840065,0.08100704848766327,0.03819999843835831,0.12919999659061432,0.42239999771118164,0.18668577075004578,0.0877222865819931,0.0544000007212162,0.1542000025510788,0.4779999852180481,0.20576809346675873,0.09292837232351303,0.03840000182390213,0.17499999701976776,0.49959999322891235,0.22960473597049713,0.09473568946123123,0.04039999842643738,0.20559999346733093,0.5199999809265137,0.28032320737838745,0.1177208200097084,0.053700000047683716,0.24959999322891235,0.6743999719619751,0.26716920733451843,0.1232403814792633,0.033799998462200165,0.2215999960899353,0.7178000211715698
237,GeoVision_Chennai_tile_161.tif,Chennai,65536,555,0.0084686279296875,0.1509605497121811,0.058835964649915695,0.037300001829862595,0.12839999794960022,0.37119999527931213,0.1858626902103424,0.0568111352622509,0.042500000447034836,0.16699999570846558,0.4163999855518341,0.22010451555252075,0.05577398091554642,0.03720000013709068,0.21040000021457672,0.4480000138282776,0.2712394595146179,0.04980534687638283,0.04560000076889992,0.2662000060081482,0.47119998931884766,0.32727551460266113,0.06309805810451508,0.08479999750852585,0.32199999690055847,0.573199987411499,0.30715838074684143,0.07268598675727844,0.05959999933838844,0.2955000102519989,0.6191999912261963
238,GeoVision_Kolkata_tile_74.tif,Kolkata,65536,243,0.0037078857421875,0.06288272142410278,0.017449447885155678,0.03799999877810478,0.055799998342990875,0.12219999730587006,0.08943909406661987,0.020842278376221657,0.051500000059604645,0.08240000158548355,0.1597999930381775,0.08126049488782883,0.03475470840930939,0.04100000113248825,0.06780000030994415,0.2168000042438507,0.09927407652139664,0.054746754467487335,0.043699998408555984,0.0771000012755394,0.2833000123500824,0.0971127524971962,0.07374764233827591,0.02250000089406967,0.07419999688863754,0.3465000092983246,0.07706748694181442,0.0716438964009285,0.016300000250339508,0.049300000071525574,0.3474999964237213
239,GeoVision_Jaipur_tile_122.tif,Jaipur,65536,758,0.011566162109375,0.12101398408412933,0.04560807719826698,0.032600000500679016,0.1234000027179718,0.3772999942302704,0.1539863497018814,0.05432381108403206,0.042750000953674316,0.15674999356269836,0.4174000024795532,0.1808697134256363,0.0742238312959671,0.03974999859929085,0.17789998650550842,0.4323500096797943,0.23593634366989136,0.08646741509437561,0.06350000202655792,0.25679999589920044,0.43059998750686646,0.2572467029094696,0.08681692183017731,0.12530000507831573,0.2479500025510788,0.5198000073432922,0.23322612047195435,0.08853988349437714,0.10824999958276749,0.21382500231266022,0.5073999762535095
240,GeoVision_Ahmedabad_tile_23.tif,Ahmedabad,65536,498,0.007598876953125,0.13429567217826843,0.03306816145777702,0.036711111664772034,0.13050000369548798,0.24369999766349792,0.17316469550132751,0.039367929100990295,0.05557499825954437,0.1689625084400177,0.2994999885559082,0.20886611938476562,0.05276121944189072,0.04150714352726936,0.20749999582767487,0.3197999894618988,0.28602519631385803,0.062352970242500305,0.058559998869895935,0.28953391313552856,0.44714999198913574,0.3167223334312439,0.07506359368562698,0.0637916699051857,0.32099997997283936,0.4443250000476837,0.2716921269893646,0.07651147246360779,0.03952857106924057,0.2727000117301941,0.42774999141693115
241,GeoVision_Jaipur_tile_113.tif,Jaipur,65536,364,0.00555419921875,0.11969229578971863,0.02144566737115383,0.06629999727010727,0.1180500015616417,0.21389999985694885,0.16586318612098694,0.022976303473114967,0.0982000008225441,0.16495001316070557,0.2703000009059906,0.21744602918624878,0.03221391886472702,0.12540000677108765,0.21580000221729279,0.3242500126361847,0.2903195023536682,0.04123619571328163,0.17000000178813934,0.29554998874664307,0.38339999318122864,0.35047829151153564,0.05441614240407944,0.17960000038146973,0.35382500290870667,0.43059998750686646,0.31655192375183105,0.05809202045202255,0.13920000195503235,0.31769999861717224,0.4037500023841858
242,GeoVision_Chennai_tile_18.tif,Chennai,65536,188,0.00286865234375,0.1296882927417755,0.05022555962204933,0.046300001442432404,0.13809999823570251,0.3375999927520752,0.16516809165477753,0.05418308451771736,0.07079999893903732,0.17309999465942383,0.3587999939918518,0.19282233715057373,0.07016266137361526,0.06279999762773514,0.20250000059604645,0.3736000061035156,0.25866010785102844,0.09471748024225235,0.06069999933242798,0.2879999876022339,0.4228000044822693,0.3073686361312866,0.1160491555929184,0.0658000037074089,0.32120001316070557,0.4661000072956085,0.2629654109477997,0.11544299125671387,0.045099999755620956,0.2644999921321869,0.4302999973297119
243,GeoVision_Kolkata_tile_111.tif,Kolkata,65536,222,0.003387451171875,0.05670953169465065,0.02743600495159626,0.03440000116825104,0.0442500002682209,0.16439999639987946,0.06869707256555557,0.03265587240457535,0.043800000101327896,0.05425000190734863,0.17759999632835388,0.06807272136211395,0.04407781735062599,0.03460000082850456,0.046799998730421066,0.20479999482631683,0.08937325328588486,0.06301061064004898,0.03519999980926514,0.052549999207258224,0.26965001225471497,0.0931917279958725,0.07181330770254135,0.02710000053048134,0.058400001376867294,0.3461666703224182,0.07365567237138748,0.06791717559099197,0.019500000402331352,0.03954999893903732,0.31815001368522644
244,GeoVision_Jaipur_tile_133.tif,Jaipur,65536,147,0.0022430419921875,0.1757877618074417,0.040824051946401596,0.04724999889731407,0.1882999986410141,0.3224000036716461,0.2076983004808426,0.03615887835621834,0.10040000081062317,0.21400000154972076,0.387800008058548,0.23397822678089142,0.040019210427999496,0.06340000033378601,0.2425999939441681,0.4203999936580658,0.30278027057647705,0.04723270982503891,0.07705000042915344,0.31450000405311584,0.46939998865127563,0.33981430530548096,0.04255169257521629,0.1863500028848648,0.33675000071525574,0.4302000105381012,0.2851336598396301,0.0535300187766552,0.15974999964237213,0.266400009393692,0.4163999855518341
245,GeoVision_Kolkata_tile_85.tif,Kolkata,65536,69,0.0010528564453125,0.05489130690693855,0.013926107436418533,0.0421999990940094,0.050999999046325684,0.10700000077486038,0.07780581712722778,0.015238176099956036,0.05939999967813492,0.07419999688863754,0.12939999997615814,0.06607536226511002,0.023553352802991867,0.047200001776218414,0.05889999866485596,0.14579999446868896,0.08657971024513245,0.041689060628414154,0.052799999713897705,0.07580000162124634,0.2305999994277954,0.08914637565612793,0.06491657346487045,0.03620000183582306,0.06840000301599503,0.2994000017642975,0.06415506452322006,0.0574934221804142,0.025800000876188278,0.04699999839067459,0.24740000069141388
246,GeoVision_Delhi_tile_51.tif,Delhi,65536,504,0.0076904296875,0.1407490074634552,0.028963157907128334,0.0551999993622303,0.13989999890327454,0.3034000098705292,0.17603610455989838,0.03002283349633217,0.08569999784231186,0.17890000343322754,0.35679998993873596,0.2116747945547104,0.0393851213157177,0.08990000188350677,0.21379999816417694,0.36800000071525574,0.2743047773838043,0.0376313216984272,0.1581999957561493,0.27560001611709595,0.39590001106262207,0.31033191084861755,0.046204689890146255,0.20630000531673431,0.31164997816085815,0.42170000076293945,0.28097042441368103,0.048057153820991516,0.16769999265670776,0.28209999203681946,0.4052000045776367
247,GeoVision_Delhi_tile_57.tif,Delhi,65536,1227,0.0187225341796875,0.11500398814678192,0.030807411298155785,0.03020000085234642,0.12229999899864197,0.2142000049352646,0.14513655006885529,0.03520959988236427,0.043699998408555984,0.14980000257492065,0.2451000064611435,0.167021706700325,0.046839389950037,0.04690000042319298,0.17159999907016754,0.27459999918937683,0.22057673335075378,0.05874376744031906,0.057500001043081284,0.23080000281333923,0.3619000017642975,0.24126620590686798,0.06550844758749008,0.054349999874830246,0.2517000138759613,0.40230000019073486,0.21520274877548218,0.06650148332118988,0.041200000792741776,0.22200000286102295,0.3804999887943268
248,GeoVision_Jaipur_tile_81.tif,Jaipur,65536,1237,0.0188751220703125,0.15262465178966522,0.045878808945417404,0.05534999817609787,0.14110000431537628,0.3447999954223633,0.19545739889144897,0.04591992124915123,0.08489999920129776,0.1875,0.3662000000476837,0.23821374773979187,0.04746456816792488,0.07590000331401825,0.2374500036239624,0.38359999656677246,0.30140817165374756,0.0439312718808651,0.07874999940395355,0.30889999866485596,0.4131999909877777,0.36241909861564636,0.041067417711019516,0.11654999852180481,0.3680500090122223,0.4684000015258789,0.33405637741088867,0.04542768746614456,0.09324999898672104,0.33820000290870667,0.44955000281333923
249,GeoVision_Mumbai_tile_40.tif,Mumbai,65536,8,0.0001220703125,0.11149759590625763,0.0270468071103096,0.09080000221729279,0.10091278702020645,0.18044444918632507,0.13307073712348938,0.02794233337044716,0.10999999940395355,0.12141110748052597,0.20340000092983246,0.14578838646411896,0.02578725852072239,0.1162666603922844,0.14061667025089264,0.2065555602312088,0.18029116094112396,0.035402681678533554,0.14505714178085327,0.17179524898529053,0.2637999951839447,0.1848941296339035,0.039700280874967575,0.14464999735355377,0.17193123698234558,0.2823600172996521,0.15555772185325623,0.026103820651769638,0.12886665761470795,0.14955444633960724,0.21976667642593384
250,GeoVision_Bengaluru_tile_84.tif,Bengaluru,65536,290,0.004425048828125,0.12401826679706573,0.03669130429625511,0.04764999821782112,0.12000000476837158,0.25850000977516174,0.16640621423721313,0.049628984183073044,0.05660000070929527,0.1655000001192093,0.3310000002384186,0.21186983585357666,0.07146034389734268,0.054749999195337296,0.20407499372959137,0.41315001249313354,0.2631232738494873,0.08515386283397675,0.05525000020861626,0.25517499446868896,0.47679999470710754,0.3150568902492523,0.09641261398792267,0.1543000042438507,0.29545000195503235,0.562749981880188,0.2698774039745331,0.07896580547094345,0.1343500018119812,0.2616499960422516,0.4377000033855438
251,GeoVision_Hyderabad_tile_42.tif,Hyderabad,65536,1437,0.0219268798828125,0.07593685388565063,0.05348578095436096,0.03680000081658363,0.04740000143647194,0.3917999863624573,0.09853053838014603,0.05807085335254669,0.04859999939799309,0.07194000482559204,0.44200000166893005,0.09274976700544357,0.07629729062318802,0.03391428664326668,0.04919999837875366,0.4458000063896179,0.11395363509654999,0.09571858495473862,0.02889999933540821,0.060499999672174454,0.421999990940094,0.12397905439138412,0.12152723968029022,0.020600000396370888,0.055399999022483826,0.4440000057220459,0.10461296141147614,0.11117710918188095,0.013736363500356674,0.03993333503603935,0.4241499900817871
252,GeoVision_Chennai_tile_5.tif,Chennai,65536,1033,0.0157623291015625,0.126148983836174,0.02822764776647091,0.06315000355243683,0.121799997985363,0.26649999618530273,0.1586606502532959,0.031252048909664154,0.07800000160932541,0.16259999573230743,0.2946000099182129,0.1859932392835617,0.040980495512485504,0.07270000129938126,0.19820000231266022,0.3034999966621399,0.22888006269931793,0.050434503704309464,0.07720000296831131,0.24240000545978546,0.3458999991416931,0.2944383919239044,0.07132868468761444,0.05999999865889549,0.3001999855041504,0.4237000048160553,0.2629762291908264,0.06303350627422333,0.0406000018119812,0.267549991607666,0.41714999079704285
253,GeoVision_Delhi_tile_39.tif,Delhi,65536,624,0.009521484375,0.13183365762233734,0.04116379842162132,0.06340000033378601,0.125,0.39079999923706055,0.17780432105064392,0.0424727238714695,0.09759999811649323,0.17800000309944153,0.4399999976158142,0.21563784778118134,0.046477336436510086,0.11299999803304672,0.21979999542236328,0.44519999623298645,0.2741583287715912,0.046542540192604065,0.156700000166893,0.2875000238418579,0.4339999854564667,0.3351219594478607,0.06425363570451736,0.19910000264644623,0.3391999900341034,0.6015999913215637,0.3158910274505615,0.07463008165359497,0.16279999911785126,0.320499986410141,0.6455000042915344
254,GeoVision_Jaipur_tile_111.tif,Jaipur,65536,8231,0.1255950927734375,0.10787193477153778,0.014491511508822441,0.058150000870227814,0.10599999874830246,0.3400000035762787,0.1586143523454666,0.016983017325401306,0.08574999868869781,0.15780000388622284,0.3452000021934509,0.21846356987953186,0.024540726095438004,0.0831499993801117,0.218299999833107,0.3617500066757202,0.2868051826953888,0.027384987100958824,0.1200999990105629,0.2854500114917755,0.38225001096725464,0.36095064878463745,0.03119570203125477,0.10209999978542328,0.361050009727478,0.4510999917984009,0.33416086435317993,0.03362520411610603,0.08025000244379044,0.33434998989105225,0.44554999470710754
255,GeoVision_Jaipur_tile_58.tif,Jaipur,65536,2865,0.0437164306640625,0.16348324716091156,0.06003469601273537,0.032600000500679016,0.1509000062942505,0.4745999872684479,0.20675677061080933,0.05891687422990799,0.03945000097155571,0.20080000162124634,0.47040000557899475,0.2463436871767044,0.06110164150595665,0.04690000042319298,0.2467000037431717,0.5260000228881836,0.3040996789932251,0.060009926557540894,0.05530000105500221,0.3098999857902527,0.5504500269889832,0.3681766390800476,0.06996558606624603,0.05869999900460243,0.37610000371932983,0.579200029373169,0.3455048203468323,0.07384730875492096,0.04554999992251396,0.3492000102996826,0.6057500243186951
256,GeoVision_Ahmedabad_tile_131.tif,Ahmedabad,65536,1599,0.0243988037109375,0.1277921199798584,0.036523859947919846,0.04405000060796738,0.12680000066757202,0.3935999870300293,0.16236905753612518,0.044710978865623474,0.051899999380111694,0.16538333892822266,0.4603999853134155,0.19657030701637268,0.05679278075695038,0.05559999868273735,0.20399999618530273,0.5045999884605408,0.25204038619995117,0.07022761553525925,0.07405000180006027,0.2642500102519989,0.5436999797821045,0.2839643061161041,0.07669614255428314,0.11479999870061874,0.29170000553131104,0.5029166340827942,0.25639018416404724,0.07210944592952728,0.08945000171661377,0.26179999113082886,0.45590001344680786
257,GeoVision_Ahmedabad_tile_170.tif,Ahmedabad,65536,714,0.010894775390625,0.12764187157154083,0.04767658933997154,0.031039999797940254,0.12208333611488342,0.33709999918937683,0.15799984335899353,0.05244237557053566,0.041999999433755875,0.1535416692495346,0.34146666526794434,0.19086839258670807,0.06448497623205185,0.027249999344348907,0.19385001063346863,0.3763999938964844,0.2431195229291916,0.07867873460054398,0.02329999953508377,0.2537125051021576,0.46105000376701355,0.2785874307155609,0.0753118097782135,0.05238332971930504,0.284137487411499,0.4431999921798706,0.2553982436656952,0.07355974614620209,0.04100000113248825,0.26227498054504395,0.422166645526886
258,GeoVision_Chennai_tile_34.tif,Chennai,65536,73,0.0011138916015625,0.12287259101867676,0.03610401973128319,0.05510000139474869,0.11180000007152557,0.225600004196167,0.15845206379890442,0.03412922844290733,0.09080000221729279,0.15160000324249268,0.2635999917984009,0.1824246644973755,0.039748482406139374,0.0828000009059906,0.18359999358654022,0.28299999237060547,0.2471739649772644,0.053088508546352386,0.0940999984741211,0.2476000040769577,0.3643999993801117,0.27686163783073425,0.05506487190723419,0.10719999670982361,0.2727999985218048,0.38850000500679016,0.2278972715139389,0.05785521864891052,0.06939999759197235,0.22470000386238098,0.36149999499320984
259,GeoVision_Bengaluru_tile_149.tif,Bengaluru,65536,1369,0.0208892822265625,0.13548028469085693,0.037499479949474335,0.031050000339746475,0.131400004029274,0.33169999718666077,0.1965855062007904,0.04999799653887749,0.052149999886751175,0.19349999725818634,0.390500009059906,0.26548880338668823,0.07177166640758514,0.029200000688433647,0.26554998755455017,0.46639999747276306,0.3238517940044403,0.07852617651224136,0.030500000342726707,0.3244999945163727,0.5479999780654907,0.39885637164115906,0.09867578744888306,0.062950000166893,0.3940500020980835,0.6239500045776367,0.31212499737739563,0.06736809760332108,0.03884999826550484,0.3095000088214874,0.4950999915599823
260,GeoVision_Kolkata_tile_176.tif,Kolkata,65536,1164,0.01776123046875,0.11467555165290833,0.0304225105792284,0.04670000076293945,0.11136667430400848,0.22779999673366547,0.13739381730556488,0.0338837131857872,0.053050000220537186,0.1362999975681305,0.24560000002384186,0.15453621745109558,0.04205896332859993,0.046799998730421066,0.15592500567436218,0.2825999855995178,0.19776733219623566,0.05079290270805359,0.04500000178813934,0.20237499475479126,0.3622500002384186,0.22899195551872253,0.058983590453863144,0.043299999088048935,0.23633332550525665,0.37040001153945923,0.20430690050125122,0.0604650042951107,0.027666665613651276,0.20916666090488434,0.3336000144481659
261,GeoVision_Delhi_tile_3.tif,Delhi,65536,2251,0.0343475341796875,0.12756258249282837,0.027410171926021576,0.04280000180006027,0.12300000339746475,0.27559998631477356,0.1684776097536087,0.030295249074697495,0.058400001376867294,0.1671999990940094,0.3328000009059906,0.20554453134536743,0.037674251943826675,0.0575999990105629,0.20659999549388885,0.4115999937057495,0.26951101422309875,0.042823027819395065,0.07020000368356705,0.27559998631477356,0.47519999742507935,0.3101586699485779,0.04960291087627411,0.0828000009059906,0.31220000982284546,0.4636000096797943,0.28207823634147644,0.05042056366801262,0.06530000269412994,0.28519999980926514,0.44530001282691956
262,GeoVision_Bengaluru_tile_146.tif,Bengaluru,65536,466,0.007110595703125,0.1390111744403839,0.038383789360523224,0.04800000041723251,0.140749990940094,0.3197999894618988,0.18176469206809998,0.03888053074479103,0.08834999799728394,0.18264999985694885,0.3587999939918518,0.23625096678733826,0.0386103093624115,0.08195000141859055,0.23747500777244568,0.37619999051094055,0.3023783266544342,0.04078292474150658,0.05770000070333481,0.30070000886917114,0.47200000286102295,0.37586748600006104,0.053164027631282806,0.07419999688863754,0.36900001764297485,0.5443999767303467,0.32451921701431274,0.05115755274891853,0.04884999990463257,0.3290500044822693,0.4766499996185303
263,GeoVision_Hyderabad_tile_56.tif,Hyderabad,65536,848,0.012939453125,0.13325180113315582,0.035844672471284866,0.03880000114440918,0.13600000739097595,0.2777999937534332,0.1697002649307251,0.04290371760725975,0.047200001776218414,0.1760750114917755,0.33079999685287476,0.20669731497764587,0.05837515369057655,0.03759999945759773,0.2190999984741211,0.3555000126361847,0.26689597964286804,0.07356826961040497,0.033900000154972076,0.2844708561897278,0.3898000121116638,0.3253460228443146,0.08930253237485886,0.032499998807907104,0.35455000400543213,0.44859999418258667,0.28158506751060486,0.08221319317817688,0.022299999371170998,0.30550000071525574,0.4207000136375427
264,GeoVision_Chennai_tile_114.tif,Chennai,65536,211,0.0032196044921875,0.1544971615076065,0.08992881327867508,0.0478999987244606,0.11900000274181366,0.4832000136375427,0.17914408445358276,0.08580311387777328,0.05920000001788139,0.15320000052452087,0.49639999866485596,0.1989545077085495,0.0841466560959816,0.052000001072883606,0.18860000371932983,0.49399998784065247,0.23574692010879517,0.07396633177995682,0.0494999997317791,0.23800000548362732,0.46239998936653137,0.3063194453716278,0.10503967106342316,0.053599998354911804,0.3021000027656555,0.6046000123023987,0.2732393145561218,0.11634869128465652,0.03959999978542328,0.25540000200271606,0.6370000243186951
265,GeoVision_Jaipur_tile_28.tif,Jaipur,65536,1111,0.0169525146484375,0.16287317872047424,0.05760332942008972,0.06759999692440033,0.14350000023841858,0.39500001072883606,0.19963528215885162,0.05078737437725067,0.08924999833106995,0.18639999628067017,0.41440001130104065,0.23266024887561798,0.046336445957422256,0.0940999984741211,0.23000000417232513,0.4235999882221222,0.29401880502700806,0.03927197307348251,0.13330000638961792,0.2944999933242798,0.4257499873638153,0.34080570936203003,0.06747529655694962,0.08730000257492065,0.3522999882698059,0.5615500211715698,0.31217142939567566,0.07130970805883408,0.065700002014637,0.3197999894618988,0.5756499767303467
266,GeoVision_Kolkata_tile_77.tif,Kolkata,65536,125,0.0019073486328125,0.09974000602960587,0.03749849647283554,0.04170000180602074,0.10339999943971634,0.17440000176429749,0.11858800798654556,0.04014037176966667,0.05339999869465828,0.12359999865293503,0.19480000436306,0.12987437844276428,0.052895888686180115,0.043699998408555984,0.14159999787807465,0.21979999542236328,0.16862159967422485,0.0770178958773613,0.04560000076889992,0.20239999890327454,0.27079999446868896,0.1834208071231842,0.08352479338645935,0.03420000150799751,0.2184000015258789,0.28369998931884766,0.15790000557899475,0.08245690166950226,0.021800000220537186,0.18389999866485596,0.2671000063419342
267,GeoVision_Hyderabad_tile_176.tif,Hyderabad,65536,1175,0.0179290771484375,0.1432010680437088,0.02818714827299118,0.0729999989271164,0.14006666839122772,0.3107999861240387,0.1735164076089859,0.028510043397545815,0.09040000289678574,0.1712000072002411,0.36719998717308044,0.20645733177661896,0.030561387538909912,0.10508333891630173,0.20579999685287476,0.39426666498184204,0.26191675662994385,0.03305136412382126,0.12300000339746475,0.26327499747276306,0.40059998631477356,0.3173716068267822,0.03538025915622711,0.21400000154972076,0.31743332743644714,0.4399999976158142,0.27755993604660034,0.03345837816596031,0.16044999659061432,0.2772749960422516,0.39239999651908875
268,GeoVision_Delhi_tile_151.tif,Delhi,65536,338,0.005157470703125,0.1290658414363861,0.02078772708773613,0.05245000123977661,0.13249999284744263,0.18719999492168427,0.16651304066181183,0.028841480612754822,0.07890000194311142,0.16750000417232513,0.23669999837875366,0.2060491293668747,0.042847488075494766,0.0738999992609024,0.20839166641235352,0.3050999939441681,0.26367291808128357,0.046301137655973434,0.0961500033736229,0.2700999975204468,0.3591499924659729,0.3015573024749756,0.05761178955435753,0.09399999678134918,0.30572500824928284,0.4039500057697296,0.2694059908390045,0.05668148770928383,0.06589999794960022,0.2696000039577484,0.38065001368522644
269,GeoVision_Hyderabad_tile_26.tif,Hyderabad,65536,349,0.0053253173828125,0.13290251791477203,0.04586336389183998,0.04024999961256981,0.13449999690055847,0.25220000743865967,0.16288794577121735,0.049926042556762695,0.05079999938607216,0.16573333740234375,0.29580000042915344,0.19170089066028595,0.058045316487550735,0.0362200029194355,0.1996999979019165,0.3296000063419342,0.2504981756210327,0.07100564986467361,0.03970000147819519,0.2680250108242035,0.36660000681877136,0.3025970757007599,0.0909527987241745,0.04309999942779541,0.31139999628067017,0.42419999837875366,0.2575870156288147,0.08007363229990005,0.029999999329447746,0.2651500105857849,0.36730000376701355
270,GeoVision_Ahmedabad_tile_134.tif,Ahmedabad,65536,1045,0.0159454345703125,0.12433422356843948,0.04045790061354637,0.02736666612327099,0.1263333410024643,0.3000499904155731,0.1585402488708496,0.04871590808033943,0.03606000170111656,0.16120000183582306,0.35899999737739563,0.19319772720336914,0.06545048207044601,0.025975000113248825,0.19380000233650208,0.41200000047683716,0.23946276307106018,0.08055572211742401,0.025733334943652153,0.24230000376701355,0.46845000982284546,0.26646873354911804,0.08968238532543182,0.028850000351667404,0.2651750147342682,0.44606664776802063,0.2491627335548401,0.08612034469842911,0.027391666546463966,0.24774999916553497,0.4311999976634979
271,GeoVision_Chennai_tile_24.tif,Chennai,65536,84,0.00128173828125,0.13673512637615204,0.049784909933805466,0.05445000156760216,0.13220000267028809,0.34360000491142273,0.16573095321655273,0.04654296487569809,0.08794999867677689,0.16110000014305115,0.3531999886035919,0.17932620644569397,0.053395338356494904,0.05595000088214874,0.1876000016927719,0.33959999680519104,0.24395595490932465,0.06643743067979813,0.06920000165700912,0.251800000667572,0.39820000529289246,0.2745583653450012,0.07211944460868835,0.06639999896287918,0.2742999792098999,0.415800005197525,0.23021546006202698,0.06299760937690735,0.04735000059008598,0.23849999904632568,0.36559998989105225
272,GeoVision_Delhi_tile_107.tif,Delhi,65536,251,0.0038299560546875,0.1301192045211792,0.04590705409646034,0.06857500225305557,0.12309999763965607,0.35146668553352356,0.17152060568332672,0.04601480811834335,0.09282500296831131,0.16769999265670776,0.3977999985218048,0.21595697104930878,0.05098866671323776,0.09872499853372574,0.21289999783039093,0.4504600167274475,0.27908244729042053,0.05311752110719681,0.13015000522136688,0.2798125147819519,0.4642399847507477,0.3070432245731354,0.061132170259952545,0.15559999644756317,0.3127000033855438,0.42433997988700867,0.2754598557949066,0.05542463809251785,0.12594999372959137,0.272599995136261,0.3910999894142151
273,GeoVision_Mumbai_tile_94.tif,Mumbai,65536,1547,0.0236053466796875,0.10800895094871521,0.03583380579948425,0.037300001829862595,0.10111428797245026,0.3043999969959259,0.12550276517868042,0.039639610797166824,0.0364999994635582,0.11972499638795853,0.3483999967575073,0.13947314023971558,0.04378921538591385,0.04051666706800461,0.1353333443403244,0.3846000134944916,0.15970969200134277,0.04650823771953583,0.039900001138448715,0.15225999057292938,0.39320001006126404,0.17255893349647522,0.043203603476285934,0.061459995806217194,0.1654599905014038,0.33363333344459534,0.15486548840999603,0.042617317289114,0.047325000166893005,0.15131999552249908,0.31654998660087585
274,GeoVision_Kolkata_tile_153.tif,Kolkata,65536,409,0.0062408447265625,0.09172435104846954,0.027459125965833664,0.03297499939799309,0.09863636642694473,0.16089999675750732,0.11336631327867508,0.03414301574230194,0.04301666468381882,0.11806000024080276,0.18459999561309814,0.12677766382694244,0.04776855185627937,0.039250001311302185,0.13840000331401825,0.25394999980926514,0.15926067531108856,0.059098731726408005,0.03936000168323517,0.17373333871364594,0.2933799922466278,0.1829337477684021,0.0688684955239296,0.03229999914765358,0.20024444162845612,0.32376667857170105,0.16196461021900177,0.06989994645118713,0.02377999946475029,0.17994999885559082,0.31450000405311584
275,GeoVision_Kolkata_tile_125.tif,Kolkata,65536,375,0.0057220458984375,0.06883333623409271,0.021070394665002823,0.035020001232624054,0.06646250188350677,0.142914280295372,0.08207767456769943,0.026874365285038948,0.03920000046491623,0.07907500118017197,0.16699999570846558,0.0938352644443512,0.035794612020254135,0.041999999433755875,0.08789999783039093,0.20003333687782288,0.11470654606819153,0.04836524277925491,0.046220000833272934,0.10446666181087494,0.25130000710487366,0.15012937784194946,0.05644848197698593,0.039239998906850815,0.13845999538898468,0.3479999899864197,0.14076939225196838,0.05834118649363518,0.024228572845458984,0.1292545348405838,0.35795000195503235
276,GeoVision_Ahmedabad_tile_48.tif,Ahmedabad,65536,3448,0.0526123046875,0.11529190838336945,0.03303871676325798,0.05042500048875809,0.10939999669790268,0.3447999954223633,0.14005392789840698,0.039285801351070404,0.06350000202655792,0.13177499175071716,0.35260000824928284,0.16951072216033936,0.04694369435310364,0.07805000245571136,0.15862500667572021,0.3953999876976013,0.21610088646411896,0.05293889343738556,0.106174997985363,0.20897500216960907,0.443450003862381,0.25373223423957825,0.05958763509988785,0.11505000293254852,0.25353333353996277,0.39763331413269043,0.2358497977256775,0.05959196016192436,0.09740000218153,0.2336750030517578,0.40959998965263367
277,GeoVision_Kolkata_tile_118.tif,Kolkata,65536,506,0.007720947265625,0.08690731227397919,0.05594530329108238,0.03440000116825104,0.05929999798536301,0.3001999855041504,0.10355988144874573,0.06094406545162201,0.04179999977350235,0.07250000536441803,0.33880001306533813,0.10723142325878143,0.0796005055308342,0.03709999844431877,0.06920000165700912,0.3540000021457672,0.14148300886154175,0.10492535680532455,0.04859999939799309,0.0880500003695488,0.49559998512268066,0.14190514385700226,0.11449684202671051,0.02539999969303608,0.09830000251531601,0.46299999952316284,0.11513102799654007,0.10561726242303848,0.018400000408291817,0.06644999980926514,0.527899980545044
278,GeoVision_Bengaluru_tile_132.tif,Bengaluru,65536,397,0.0060577392578125,0.14498589932918549,0.05160586163401604,0.052000001072883606,0.1363999992609024,0.37450000643730164,0.18461701273918152,0.05264539271593094,0.0726500004529953,0.17730000615119934,0.40860000252723694,0.22876296937465668,0.05656244233250618,0.0658000037074089,0.2268500030040741,0.4223499894142151,0.28907883167266846,0.06040026247501373,0.11065000295639038,0.2906999886035919,0.469650000333786,0.3469896614551544,0.08126614987850189,0.17949999868869781,0.33390000462532043,0.6096500158309937,0.3017292022705078,0.0676744356751442,0.15154999494552612,0.2904999852180481,0.5060499906539917
279,GeoVision_Kolkata_tile_22.tif,Kolkata,65536,0,0.0,,,,,,,,,,,,,,,,,,,,,,,,,,,,,,
280,GeoVision_Delhi_tile_136.tif,Delhi,65536,2396,0.03656005859375,0.13612227141857147,0.022357439622282982,0.03909999877214432,0.14159999787807465,0.22540000081062317,0.1761620193719864,0.033002275973558426,0.04729999974370003,0.1862500011920929,0.263700008392334,0.21495795249938965,0.047676894813776016,0.048900000751018524,0.23190000653266907,0.301800012588501,0.2666102349758148,0.059066250920295715,0.06360000371932983,0.29144999384880066,0.3436500132083893,0.3108551502227783,0.0799594447016716,0.06120000034570694,0.34244999289512634,0.4108999967575073,0.29187050461769104,0.08342715352773666,0.03974999859929085,0.3190000057220459,0.4004000127315521
281,GeoVision_Jaipur_tile_10.tif,Jaipur,65536,1161,0.0177154541015625,0.15344703197479248,0.03763388469815254,0.06840000301599503,0.1428000032901764,0.2962000072002411,0.19689474999904633,0.039597347378730774,0.10559999942779541,0.1876000016927719,0.3328000009059906,0.2373603880405426,0.040031738579273224,0.12039999663829803,0.23340000212192535,0.3515999913215637,0.3027787208557129,0.03233588859438896,0.1754000037908554,0.3073999881744385,0.3732999861240387,0.34920310974121094,0.034060124307870865,0.164900004863739,0.3522000014781952,0.43050000071525574,0.3226487636566162,0.041830070316791534,0.15049999952316284,0.321399986743927,0.4065000116825104
282,GeoVision_Ahmedabad_tile_123.tif,Ahmedabad,65536,30,0.000457763671875,0.1660161018371582,0.04844024032354355,0.0476333349943161,0.1698000133037567,0.2736999988555908,0.207081601023674,0.051882777363061905,0.07346666604280472,0.21392500400543213,0.31119999289512634,0.2470722198486328,0.06208890303969383,0.05900000035762787,0.2636416554450989,0.33169999718666077,0.3209083378314972,0.07206891477108002,0.0689999982714653,0.33847498893737793,0.3833500146865845,0.35281941294670105,0.0788566917181015,0.06239999830722809,0.375900000333786,0.4230400025844574,0.3171323537826538,0.07818152010440826,0.040424998849630356,0.33813750743865967,0.3972499966621399
283,GeoVision_Ahmedabad_tile_85.tif,Ahmedabad,65536,677,0.0103302001953125,0.10653690993785858,0.026859402656555176,0.05469999834895134,0.10339999943971634,0.20925000309944153,0.13602137565612793,0.03492080420255661,0.07090000063180923,0.12950000166893005,0.2524000108242035,0.1690821647644043,0.04934784024953842,0.0689999982714653,0.15880000591278076,0.29760000109672546,0.2122614085674286,0.06250737607479095,0.09000000357627869,0.2029000073671341,0.3556874990463257,0.25173327326774597,0.0757766142487526,0.14082500338554382,0.2300499975681305,0.44556665420532227,0.23850972950458527,0.07713351398706436,0.11707500368356705,0.2175000011920929,0.45192500948905945
284,GeoVision_Mumbai_tile_134.tif,Mumbai,65536,1254,0.019134521484375,0.09362391382455826,0.04113109037280083,0.047200001776218414,0.0835999995470047,0.2502000033855438,0.11055968701839447,0.05124526470899582,0.050999999046325684,0.10005000233650208,0.3018999993801117,0.12192691117525101,0.05808264762163162,0.05249999836087227,0.11219999939203262,0.33059999346733093,0.1408173143863678,0.05734282359480858,0.06019999831914902,0.1395999938249588,0.31459999084472656,0.15078532695770264,0.04075947403907776,0.05779999867081642,0.16155000030994415,0.2874999940395355,0.13223235309123993,0.03828129917383194,0.05000000074505806,0.14239999651908875,0.2689000070095062
285,GeoVision_Chennai_tile_127.tif,Chennai,65536,0,0.0,,,,,,,,,,,,,,,,,,,,,,,,,,,,,,
286,GeoVision_Ahmedabad_tile_73.tif,Ahmedabad,65536,482,0.007354736328125,0.16633795201778412,0.06284384429454803,0.04605000093579292,0.14844167232513428,0.4521999955177307,0.2059476524591446,0.06517636775970459,0.09752999991178513,0.18788333237171173,0.49880000948905945,0.2459346204996109,0.06434405595064163,0.08772499859333038,0.22943750023841858,0.53329998254776,0.30733200907707214,0.05578410252928734,0.08234000205993652,0.29569000005722046,0.5731333494186401,0.34034204483032227,0.04334837198257446,0.08449999988079071,0.3403500020503998,0.4842333495616913,0.31110507249832153,0.04421031475067139,0.06655000150203705,0.30949166417121887,0.44874998927116394
287,GeoVision_Kolkata_tile_84.tif,Kolkata,65536,45,0.0006866455078125,0.07132222503423691,0.0256829634308815,0.03720000013709068,0.07779999822378159,0.121799997985363,0.08826667070388794,0.02815706841647625,0.04830000177025795,0.09390000253915787,0.13519999384880066,0.09229777753353119,0.03752505034208298,0.04190000146627426,0.10599999874830246,0.15719999372959137,0.1266511082649231,0.05340071767568588,0.052799999713897705,0.13779999315738678,0.21369999647140503,0.14983776211738586,0.05628425255417824,0.04659999907016754,0.1655000001192093,0.24560000002384186,0.12287333607673645,0.0538628064095974,0.030500000342726707,0.1324000060558319,0.21299999952316284
288,GeoVision_Bengaluru_tile_139.tif,Bengaluru,65536,883,0.0134735107421875,0.12587451934814453,0.04272552579641342,0.0340999998152256,0.1242000013589859,0.3808000087738037,0.17041069269180298,0.04555252194404602,0.057750001549720764,0.1670999974012375,0.4171999990940094,0.2254815250635147,0.05341299623250961,0.04374999925494194,0.22100000083446503,0.41214999556541443,0.27266716957092285,0.061754122376441956,0.03674999997019768,0.27320000529289246,0.47839999198913574,0.342148095369339,0.0801735371351242,0.05649999901652336,0.3422499895095825,0.5654500126838684,0.28199484944343567,0.06265238672494888,0.03914999961853027,0.283050000667572,0.4231500029563904
289,GeoVision_Jaipur_tile_158.tif,Jaipur,65536,1164,0.01776123046875,0.1480051577091217,0.03875456377863884,0.06194999814033508,0.13830000162124634,0.4002000093460083,0.18806159496307373,0.037156373262405396,0.06825000047683716,0.18044999241828918,0.4081999957561493,0.231245219707489,0.03748341649770737,0.0778999999165535,0.23247501254081726,0.4163999855518341,0.28989502787590027,0.04394645243883133,0.1088000014424324,0.29649999737739563,0.42980000376701355,0.3416540324687958,0.045080605894327164,0.1509000062942505,0.3493500053882599,0.516700029373169,0.31888991594314575,0.04229467362165451,0.12234999984502792,0.32132500410079956,0.5017499923706055
290,GeoVision_Jaipur_tile_69.tif,Jaipur,65536,1807,0.0275726318359375,0.1386513113975525,0.02734820358455181,0.06360000371932983,0.13330000638961792,0.29679998755455017,0.1822248101234436,0.030088208615779877,0.08034999668598175,0.1809999942779541,0.3215999901294708,0.22825099527835846,0.03683364391326904,0.09359999746084213,0.2298000007867813,0.39259999990463257,0.2927806079387665,0.044013671576976776,0.11455000191926956,0.3005000054836273,0.4742000102996826,0.3456425368785858,0.04689384624361992,0.19030000269412994,0.3500500023365021,0.4357999861240387,0.31417331099510193,0.04614470526576042,0.1581999957561493,0.31679999828338623,0.4083000123500824
291,GeoVision_Jaipur_tile_38.tif,Jaipur,65536,381,0.0058135986328125,0.13983280956745148,0.03260491043329239,0.09080000221729279,0.12999999523162842,0.2924000024795532,0.18556849658489227,0.028577901422977448,0.1234000027179718,0.1793999969959259,0.3237999975681305,0.23848293721675873,0.03083314746618271,0.13580000400543213,0.2374500036239624,0.3885999917984009,0.3181808292865753,0.028757557272911072,0.16699999570846558,0.3212999999523163,0.40400001406669617,0.3896041810512543,0.0371578112244606,0.258899986743927,0.39079999923706055,0.48750001192092896,0.3557032644748688,0.04820358753204346,0.19779999554157257,0.35899999737739563,0.47909998893737793
292,GeoVision_Jaipur_tile_47.tif,Jaipur,65536,1324,0.02020263671875,0.1463569849729538,0.030627049505710602,0.07699999958276749,0.14024999737739563,0.3165999948978424,0.18947888910770416,0.03172226995229721,0.10620000213384628,0.1842000037431717,0.34940001368522644,0.23401178419589996,0.04085138440132141,0.10405000299215317,0.2303749918937683,0.37860000133514404,0.3128741681575775,0.043735239654779434,0.2053000032901764,0.30832499265670776,0.44200000166893005,0.36047741770744324,0.050303857773542404,0.210549995303154,0.35295000672340393,0.48890000581741333,0.32433196902275085,0.05251845717430115,0.17694999277591705,0.31884998083114624,0.47429999709129333
293,GeoVision_Delhi_tile_115.tif,Delhi,65536,2485,0.0379180908203125,0.1077817752957344,0.016232097521424294,0.049550000578165054,0.10689999908208847,0.18459999561309814,0.13256418704986572,0.017799444496631622,0.06840000301599503,0.13230000436306,0.2167000025510788,0.16156595945358276,0.023052643984556198,0.08254999667406082,0.16169999539852142,0.2784999907016754,0.19714555144309998,0.030559463426470757,0.09934999793767929,0.1964000016450882,0.3325999975204468,0.23784753680229187,0.03326015546917915,0.11500000208616257,0.2406499981880188,0.36329999566078186,0.2143668383359909,0.030530963093042374,0.09369999915361404,0.2190999984741211,0.3445500135421753
294,GeoVision_Chennai_tile_131.tif,Chennai,65536,151,0.0023040771484375,0.1705397367477417,0.0868983119726181,0.061500001698732376,0.1340000033378601,0.4124000072479248,0.21197746694087982,0.07644776254892349,0.10260000079870224,0.18320000171661377,0.40799999237060547,0.2521032989025116,0.0673225000500679,0.12520000338554382,0.24420000612735748,0.4156000018119812,0.2954198718070984,0.05394153669476509,0.14820000529289246,0.3077999949455261,0.4075999855995178,0.4058893918991089,0.10166622698307037,0.1597999930381775,0.41440001130104065,0.5831000208854675,0.3569456934928894,0.1305476725101471,0.11429999768733978,0.32690000534057617,0.6166999936103821
295,GeoVision_Kolkata_tile_56.tif,Kolkata,65536,29,0.0004425048828125,0.06247587129473686,0.01476117130368948,0.039500001817941666,0.06379999965429306,0.10239999741315842,0.07705517113208771,0.013942605815827847,0.052299998700618744,0.07810000330209732,0.12060000002384186,0.08152758330106735,0.020686957985162735,0.04340000078082085,0.0860000029206276,0.13300000131130219,0.09276897460222244,0.030452145263552666,0.04259999841451645,0.09629999846220016,0.16290000081062317,0.10901723802089691,0.02896718680858612,0.04019999876618385,0.11869999766349792,0.1696999967098236,0.0858103409409523,0.02894454263150692,0.027899999171495438,0.09459999948740005,0.1468999981880188
296,GeoVision_Mumbai_tile_119.tif,Mumbai,65536,0,0.0,,,,,,,,,,,,,,,,,,,,,,,,,,,,,,
297,GeoVision_Delhi_tile_15.tif,Delhi,65536,1784,0.0272216796875,0.1514827162027359,0.05363304540514946,0.050599999725818634,0.13600000739097595,0.40639999508857727,0.18767932057380676,0.05321359634399414,0.08739999681711197,0.17479999363422394,0.4456000030040741,0.2186184972524643,0.05255721136927605,0.10379999876022339,0.20980000495910645,0.4472000002861023,0.2693571150302887,0.04577424377202988,0.14589999616146088,0.26569998264312744,0.45320001244544983,0.3084670305252075,0.050588060170412064,0.17569999396800995,0.30410000681877136,0.4796999990940094,0.2893467843532562,0.05896192789077759,0.16349999606609344,0.2838999927043915,0.5313000082969666
298,GeoVision_Chennai_tile_148.tif,Chennai,65536,384,0.005859375,0.14314217865467072,0.04237142577767372,0.08320000022649765,0.13050000369548798,0.36469998955726624,0.16691498458385468,0.04465008154511452,0.09305000305175781,0.15569999814033508,0.415800005197525,0.18587903678417206,0.05014253407716751,0.09645000100135803,0.17184999585151672,0.4196000099182129,0.2438570261001587,0.05098738521337509,0.10189999639987946,0.23190000653266907,0.39640000462532043,0.29136261343955994,0.05851104110479355,0.07114999741315842,0.2851000130176544,0.47269999980926514,0.26126784086227417,0.06264209747314453,0.04910000041127205,0.25235000252723694,0.4652000069618225
299,GeoVision_Delhi_tile_167.tif,Delhi,65536,844,0.01287841796875,0.10914082080125809,0.041091687977313995,0.03254999965429306,0.12200000137090683,0.18960000574588776,0.1391136348247528,0.05197229981422424,0.036400001496076584,0.1543000042438507,0.24469999969005585,0.16260994970798492,0.06572061032056808,0.037700001150369644,0.18279999494552612,0.29750001430511475,0.210119366645813,0.08776561915874481,0.047850001603364944,0.24070000648498535,0.3479999899864197,0.23394307494163513,0.10682026296854019,0.03680000081658363,0.27549999952316284,0.39864999055862427,0.20648139715194702,0.10019631683826447,0.026900000870227814,0.24619999527931213,0.36834999918937683
300,GeoVision_Jaipur_tile_168.tif,Jaipur,65536,6538,0.099761962890625,0.10259641706943512,0.01867646723985672,0.03629999980330467,0.09920000284910202,0.29899999499320984,0.15298666059970856,0.02072383090853691,0.051600001752376556,0.15119999647140503,0.33799999952316284,0.21656131744384766,0.026753060519695282,0.04259999841451645,0.21642500162124634,0.3893499970436096,0.2869347929954529,0.02831595577299595,0.05009999871253967,0.2847500145435333,0.42170000076293945,0.35338449478149414,0.0326971709728241,0.08295000344514847,0.35519999265670776,0.45045000314712524,0.3243955373764038,0.03649774193763733,0.0637499988079071,0.32785001397132874,0.43799999356269836
301,GeoVision_Jaipur_tile_24.tif,Jaipur,65536,60,0.00091552734375,0.13384000957012177,0.028511840850114822,0.06419999897480011,0.13570000231266022,0.20260000228881836,0.18234333395957947,0.03455930948257446,0.09019999951124191,0.18599998950958252,0.2362000048160553,0.23120498657226562,0.04647292196750641,0.09260000288486481,0.23489999771118164,0.3140000104904175,0.3139549493789673,0.04988941550254822,0.09780000150203705,0.31520000100135803,0.3862000107765198,0.37914833426475525,0.04644317179918289,0.22939999401569366,0.37119999527931213,0.478300005197525,0.3522399663925171,0.04942227900028229,0.2110999971628189,0.33869999647140503,0.4544999897480011
302,GeoVision_Bengaluru_tile_180.tif,Bengaluru,65536,3661,0.0558624267578125,0.1448729932308197,0.06217316538095474,0.029999999329447746,0.1307000070810318,0.42980000376701355,0.1971413493156433,0.06974969059228897,0.052799999713897705,0.17919999361038208,0.4936000108718872,0.25729554891586304,0.0761319100856781,0.037950001657009125,0.24969999492168427,0.5789499878883362,0.3064430356025696,0.07585135102272034,0.02824999950826168,0.30044999718666077,0.6230000257492065,0.39055004715919495,0.08097080141305923,0.030700000002980232,0.3928999900817871,0.7034000158309937,0.3094046413898468,0.06226056441664696,0.02305000089108944,0.30489999055862427,0.7358999848365784
303,GeoVision_Jaipur_tile_171.tif,Jaipur,65536,118,0.001800537109375,0.1781262755393982,0.03897148370742798,0.0851999968290329,0.19065000116825104,0.23499999940395355,0.21536356210708618,0.03456732630729675,0.11190000176429749,0.22894999384880066,0.2759999930858612,0.24628682434558868,0.03442367911338806,0.125450000166893,0.25692498683929443,0.3112500011920929,0.3118440806865692,0.038438256829977036,0.17509999871253967,0.3167499899864197,0.3750999867916107,0.3540381193161011,0.038616396486759186,0.23229999840259552,0.3526749908924103,0.4507000148296356,0.2947292625904083,0.05709577351808548,0.1838500052690506,0.2823750078678131,0.42559999227523804
304,GeoVision_Delhi_tile_129.tif,Delhi,65536,1136,0.017333984375,0.1366821676492691,0.03830504044890404,0.058924999088048935,0.1299428641796112,0.33880001306533813,0.17826633155345917,0.03888159990310669,0.08168571442365646,0.17345833778381348,0.38429999351501465,0.21523453295230865,0.044406674802303314,0.09316667169332504,0.2120874971151352,0.4016999900341034,0.2712622582912445,0.04550141841173172,0.14390000700950623,0.27304166555404663,0.40450000762939453,0.31334659457206726,0.04880509525537491,0.18774999678134918,0.3158000111579895,0.43482500314712524,0.287242591381073,0.05313529819250107,0.14100000262260437,0.2876499891281128,0.4285166561603546
305,GeoVision_Mumbai_tile_128.tif,Mumbai,65536,0,0.0,,,,,,,,,,,,,,,,,,,,,,,,,,,,,,
306,GeoVision_Jaipur_tile_116.tif,Jaipur,65536,142,0.002166748046875,0.17505036294460297,0.0744224339723587,0.07015000283718109,0.1594499945640564,0.428600013256073,0.21538308262825012,0.0629936009645462,0.10279999673366547,0.20344999432563782,0.44040000438690186,0.2540721595287323,0.05390921235084534,0.12600000202655792,0.2460249960422516,0.4369499981403351,0.30723273754119873,0.04631183296442032,0.1534000039100647,0.3020249903202057,0.42160001397132874,0.3846309781074524,0.05477107688784599,0.3082999885082245,0.3799999952316284,0.5463500022888184,0.364423930644989,0.06928529590368271,0.24345000088214874,0.36739999055862427,0.5779500007629395
307,GeoVision_Mumbai_tile_172.tif,Mumbai,65536,3528,0.0538330078125,0.10328713059425354,0.01897493377327919,0.04839999973773956,0.10360000282526016,0.17759999632835388,0.12480384856462479,0.025223003700375557,0.052000001072883606,0.12720000743865967,0.20239999890327454,0.14267216622829437,0.03120209276676178,0.047200001776218414,0.14820000529289246,0.2321999967098236,0.17595314979553223,0.03715616464614868,0.050700001418590546,0.1851000040769577,0.26080000400543213,0.22233238816261292,0.06118519604206085,0.05869999900460243,0.22509999573230743,0.3626999855041504,0.20484481751918793,0.06420115381479263,0.044199999421834946,0.20229999721050262,0.3619000017642975
308,GeoVision_Hyderabad_tile_32.tif,Hyderabad,65536,2127,0.0324554443359375,0.05270015448331833,0.016202343627810478,0.039900001138448715,0.04984999820590019,0.21279999613761902,0.06564385443925858,0.01990213803946972,0.05220000073313713,0.061799999326467514,0.2321999967098236,0.055387236177921295,0.029228825122117996,0.03750000149011612,0.04899999871850014,0.2531999945640564,0.06762594729661942,0.04391844570636749,0.028999999165534973,0.05662856996059418,0.32359999418258667,0.06543606519699097,0.05774529650807381,0.020500000566244125,0.05183333158493042,0.3862000107765198,0.04774414002895355,0.05112969130277634,0.0142000000923872,0.03633999824523926,0.33799999952316284
309,GeoVision_Ahmedabad_tile_132.tif,Ahmedabad,65536,1084,0.01654052734375,0.12634488940238953,0.0329313687980175,0.05217500030994415,0.11794167011976242,0.3402999937534332,0.16397379338741302,0.03942899778485298,0.06708750128746033,0.1578933298587799,0.3763999938964844,0.20059874653816223,0.04976882040500641,0.07069999724626541,0.19887501001358032,0.4090000092983246,0.2566702365875244,0.05920406058430672,0.10372500121593475,0.2621999979019165,0.43041664361953735,0.2924598753452301,0.06493478268384933,0.15485000610351562,0.2935749888420105,0.4970499873161316,0.26749011874198914,0.06212800741195679,0.13600000739097595,0.2677000164985657,0.4799000024795532
310,GeoVision_Hyderabad_tile_31.tif,Hyderabad,65536,2797,0.0426788330078125,0.05501915514469147,0.015035701915621758,0.042750000953674316,0.05220000073313713,0.2076999992132187,0.07177627086639404,0.01900993287563324,0.057500001043081284,0.06800000369548798,0.2321999967098236,0.060023292899131775,0.028216812759637833,0.04360000044107437,0.054999999701976776,0.2556000053882599,0.06688041985034943,0.0431525819003582,0.03294999897480011,0.057500001043081284,0.3425999879837036,0.060844119638204575,0.056262947618961334,0.023439999669790268,0.04919999837875366,0.4339999854564667,0.04292096197605133,0.047673147171735764,0.01640000008046627,0.033783335238695145,0.3687500059604645
311,GeoVision_Chennai_tile_174.tif,Chennai,65536,0,0.0,,,,,,,,,,,,,,,,,,,,,,,,,,,,,,
312,GeoVision_Chennai_tile_7.tif,Chennai,65536,254,0.003875732421875,0.10425098985433578,0.04799024388194084,0.03819999843835831,0.09437499940395355,0.26739999651908875,0.13486811518669128,0.05740964412689209,0.053950000554323196,0.12330000102519989,0.29159998893737793,0.14893779158592224,0.07706428319215775,0.03669999912381172,0.14250001311302185,0.32199999690055847,0.18419408798217773,0.08970659226179123,0.03400000184774399,0.1862500011920929,0.3628000020980835,0.21142521500587463,0.09546642750501633,0.045049998909235,0.21160000562667847,0.45969998836517334,0.17493051290512085,0.0961957573890686,0.029500000178813934,0.17052499949932098,0.44955000281333923
313,GeoVision_Delhi_tile_32.tif,Delhi,65536,117,0.0017852783203125,0.15070343017578125,0.04589530825614929,0.06379999965429306,0.15780000388622284,0.25999999046325684,0.19464445114135742,0.04476412758231163,0.09839999675750732,0.19859999418258667,0.3287999927997589,0.23471452295780182,0.04546714201569557,0.0989999994635582,0.2321999967098236,0.3668000102043152,0.2893204987049103,0.04176335409283638,0.19140000641345978,0.289000004529953,0.40959998965263367,0.3219965696334839,0.04638473689556122,0.1818999946117401,0.32280001044273376,0.3912999927997589,0.28691625595092773,0.049285586923360825,0.1387999951839447,0.2870999872684479,0.3718999922275543
314,GeoVision_Delhi_tile_158.tif,Delhi,65536,1107,0.0168914794921875,0.12141946703195572,0.025138135999441147,0.03889999911189079,0.12449999898672104,0.20399999618530273,0.15115009248256683,0.029499365016818047,0.05065000057220459,0.1550000011920929,0.22470000386238098,0.17591193318367004,0.03980419784784317,0.05714999884366989,0.18119999766349792,0.2711000144481659,0.22636468708515167,0.05600529909133911,0.06745000183582306,0.23729999363422394,0.34880000352859497,0.2487555593252182,0.066940538585186,0.06109999865293503,0.265749990940094,0.3752000033855438,0.22071479260921478,0.06245044246315956,0.049800001084804535,0.23645000159740448,0.35690000653266907
315,GeoVision_Bengaluru_tile_177.tif,Bengaluru,65536,1855,0.0283050537109375,0.13356253504753113,0.0552867129445076,0.03545000031590462,0.12439999729394913,0.37950000166893005,0.18407835066318512,0.06067701056599617,0.05445000156760216,0.17800000309944153,0.42340001463890076,0.2475133240222931,0.06828577071428299,0.046549998223781586,0.24985000491142273,0.45285001397132874,0.29881027340888977,0.07243332266807556,0.0393499992787838,0.30204999446868896,0.5094500184059143,0.3820461928844452,0.08584122359752655,0.019850000739097595,0.39070001244544983,0.6428999900817871,0.3113727867603302,0.07067633420228958,0.01759999990463257,0.31885001063346863,0.4569999873638153
316,GeoVision_Jaipur_tile_17.tif,Jaipur,65536,13,0.0001983642578125,0.1425769180059433,0.016112159937620163,0.11060000211000443,0.14300000667572021,0.17159999907016754,0.19558461010456085,0.021799780428409576,0.16040000319480896,0.19609999656677246,0.22939999401569366,0.25315001606941223,0.036408767104148865,0.19470000267028809,0.24560000002384186,0.3090499937534332,0.336003839969635,0.03340050205588341,0.25635001063346863,0.33959999680519104,0.3822000026702881,0.4047538936138153,0.038918428122997284,0.36419999599456787,0.38964998722076416,0.4671500027179718,0.37773460149765015,0.046857304871082306,0.3287999927997589,0.35530000925064087,0.45295000076293945
317,GeoVision_Hyderabad_tile_17.tif,Hyderabad,65536,310,0.004730224609375,0.1343047171831131,0.03388629108667374,0.07876666635274887,0.12966667115688324,0.2720000147819519,0.1695319414138794,0.03227480500936508,0.10819999873638153,0.16335000097751617,0.28619998693466187,0.21503010392189026,0.034908827394247055,0.12020000070333481,0.2199000120162964,0.3025999963283539,0.2805778682231903,0.044031787663698196,0.14659999310970306,0.2916250228881836,0.35269999504089355,0.3543267548084259,0.06328103691339493,0.18320000171661377,0.3676000237464905,0.44839999079704285,0.30193281173706055,0.060466911643743515,0.1356000006198883,0.3154749870300293,0.39070001244544983
318,GeoVision_Mumbai_tile_32.tif,Mumbai,65536,1470,0.022430419921875,0.12558874487876892,0.04927931725978851,0.04190000146627426,0.10620000213384628,0.35850000381469727,0.15007132291793823,0.05341557413339615,0.05400000140070915,0.12994998693466187,0.38929998874664307,0.17182166874408722,0.05851251631975174,0.050599999725818634,0.15275000035762787,0.42260000109672546,0.20000344514846802,0.0619899146258831,0.07005000114440918,0.17990000545978546,0.43959999084472656,0.2504291236400604,0.10398892313241959,0.08685000240802765,0.2113499939441681,0.6341000199317932,0.24191659688949585,0.1267170011997223,0.05180000141263008,0.18754999339580536,0.6995499730110168
319,GeoVision_Jaipur_tile_77.tif,Jaipur,65536,604,0.00921630859375,0.1627083569765091,0.04965931549668312,0.05665000155568123,0.14920000731945038,0.3513999879360199,0.2061285525560379,0.05125973001122475,0.08950000256299973,0.20000000298023224,0.3874000012874603,0.25238293409347534,0.05634233355522156,0.08824999630451202,0.25062501430511475,0.4474000036716461,0.3270074129104614,0.05659883841872215,0.13580000400543213,0.3266499936580658,0.5141000151634216,0.37440598011016846,0.04970310255885124,0.22020000219345093,0.3820499777793884,0.4857499897480011,0.3411095142364502,0.060195449739694595,0.1716500073671341,0.3451250195503235,0.4869999885559082
320,GeoVision_Jaipur_tile_152.tif,Jaipur,65536,43,0.0006561279296875,0.18769535422325134,0.053815439343452454,0.10209999978542328,0.1867000013589859,0.2590999901294708,0.21913141012191772,0.03906452655792236,0.1437000036239624,0.21320000290870667,0.27160000801086426,0.25102558732032776,0.023733343929052353,0.1737000048160553,0.2522999942302704,0.29429998993873596,0.33512094616889954,0.021636441349983215,0.28349998593330383,0.3440000116825104,0.3671000003814697,0.3495069444179535,0.025933487340807915,0.3130500018596649,0.34709998965263367,0.4099999964237213,0.29213252663612366,0.042103227227926254,0.2398499995470047,0.2750000059604645,0.38999998569488525
321,GeoVision_Kolkata_tile_167.tif,Kolkata,65536,336,0.005126953125,0.10179378092288971,0.06831984966993332,0.03420000150799751,0.08287499845027924,0.3271999955177307,0.11877751350402832,0.07049346715211868,0.04543333500623703,0.10187499970197678,0.35019999742507935,0.12876076996326447,0.07718884944915771,0.03815000131726265,0.11309999972581863,0.3824000060558319,0.1655019372701645,0.08601740002632141,0.041733335703611374,0.15863749384880066,0.4092000126838684,0.19419501721858978,0.11363828927278519,0.03929999843239784,0.1761000007390976,0.5220000147819519,0.17460283637046814,0.12531256675720215,0.02384999953210354,0.14181667566299438,0.5546500086784363
322,GeoVision_Mumbai_tile_59.tif,Mumbai,65536,681,0.0103912353515625,0.10122686624526978,0.02384604886174202,0.049912501126527786,0.09901738911867142,0.20107272267341614,0.11515696346759796,0.025109464302659035,0.04884999990463257,0.11634000390768051,0.23548001050949097,0.12767471373081207,0.031333599239587784,0.04933333396911621,0.12942858040332794,0.25060001015663147,0.16016307473182678,0.040075935423374176,0.048938460648059845,0.1615999937057495,0.30545714497566223,0.17545028030872345,0.045730240643024445,0.05220000073313713,0.17110000550746918,0.3033600151538849,0.15241879224777222,0.04439859464764595,0.03668571636080742,0.14816665649414062,0.266483336687088
323,GeoVision_Hyderabad_tile_116.tif,Hyderabad,65536,477,0.0072784423828125,0.1240869089961052,0.04151887074112892,0.043566666543483734,0.13019999861717224,0.3474000096321106,0.1545073539018631,0.04829447343945503,0.055399999022483826,0.1632000058889389,0.4013333320617676,0.1830178201198578,0.06721562147140503,0.04170000180602074,0.19460000097751617,0.41760000586509705,0.23049773275852203,0.08509259670972824,0.04919999837875366,0.25360000133514404,0.4214000105857849,0.27031031250953674,0.10609754920005798,0.033275000751018524,0.2955999970436096,0.44084998965263367,0.24020366370677948,0.0985325500369072,0.02500000037252903,0.2635999917984009,0.4138999879360199
324,GeoVision_Kolkata_tile_131.tif,Kolkata,65536,172,0.00262451171875,0.05732698366045952,0.010819447226822376,0.039650000631809235,0.058770835399627686,0.11680000275373459,0.07673659175634384,0.01567651517689228,0.04313333332538605,0.0820000022649765,0.13899999856948853,0.06305360794067383,0.015601476654410362,0.04064000025391579,0.06324999779462814,0.15230000019073486,0.07882969826459885,0.025504425168037415,0.04050000011920929,0.07592500001192093,0.2024500072002411,0.06675989925861359,0.03639458119869232,0.02954999916255474,0.05347999930381775,0.19380000233650208,0.04780123382806778,0.03248298168182373,0.01977499946951866,0.03707499802112579,0.1766500025987625
325,GeoVision_Jaipur_tile_179.tif,Jaipur,65536,521,0.0079498291015625,0.1338852345943451,0.043500643223524094,0.05974999815225601,0.11749999970197678,0.29280000925064087,0.17734654247760773,0.046920932829380035,0.07765000313520432,0.16689999401569366,0.34139999747276306,0.2212345451116562,0.051016129553318024,0.09300000220537186,0.2102999985218048,0.35120001435279846,0.28586986660957336,0.04874790459871292,0.11760000139474869,0.2799000144004822,0.3947499990463257,0.3334227502346039,0.052481867372989655,0.13590000569820404,0.33489999175071716,0.4429999887943268,0.3090652823448181,0.054343387484550476,0.11945000290870667,0.30720001459121704,0.424699991941452
326,GeoVision_Delhi_tile_150.tif,Delhi,65536,4651,0.0709686279296875,0.1347055286169052,0.024200603365898132,0.05415000021457672,0.13449999690055847,0.2531999945640564,0.1826179027557373,0.031890783458948135,0.07644999772310257,0.1835000067949295,0.291049987077713,0.2259359508752823,0.04447777196764946,0.07297500222921371,0.22830000519752502,0.3361000120639801,0.2712269425392151,0.04821031168103218,0.11365000158548355,0.2768000066280365,0.3782249987125397,0.32317134737968445,0.057102080434560776,0.1344500035047531,0.32702499628067017,0.44179999828338623,0.303657591342926,0.05886703357100487,0.10140000283718109,0.3094500005245209,0.43041664361953735
327,GeoVision_Hyderabad_tile_138.tif,Hyderabad,65536,2568,0.0391845703125,0.15278039872646332,0.035275649279356,0.055399999022483826,0.15039999783039093,0.34139999747276306,0.18589715659618378,0.04027193412184715,0.05920000001788139,0.1858000010251999,0.38359999656677246,0.21570518612861633,0.047661229968070984,0.05770000070333481,0.21719999611377716,0.44609999656677246,0.25296610593795776,0.05432701110839844,0.05963332951068878,0.257999986410141,0.4984000027179718,0.31667986512184143,0.06470610201358795,0.07090000063180923,0.32255834341049194,0.4997999966144562,0.29063737392425537,0.06495176255702972,0.05236667022109032,0.29182499647140503,0.4343000054359436
328,GeoVision_Bengaluru_tile_152.tif,Bengaluru,65536,1560,0.0238037109375,0.16380007565021515,0.058682288974523544,0.024550000205636024,0.16615000367164612,0.4722000062465668,0.20125842094421387,0.059253301471471786,0.04859999939799309,0.20509999990463257,0.5098000168800354,0.23026928305625916,0.06808658689260483,0.03595000132918358,0.2360999882221222,0.5184500217437744,0.26959356665611267,0.0748462975025177,0.02810000069439411,0.27847498655319214,0.5108000040054321,0.3238614797592163,0.08428400009870529,0.048500001430511475,0.3262249827384949,0.6330999732017517,0.2889632284641266,0.07315115630626678,0.03415000066161156,0.29874998331069946,0.4540500044822693
329,GeoVision_Hyderabad_tile_47.tif,Hyderabad,65536,717,0.0109405517578125,0.05115573853254318,0.009640492498874664,0.04141818359494209,0.04982500150799751,0.14259999990463257,0.06222125142812729,0.013280533254146576,0.052000001072883606,0.06080000102519989,0.19419999420642853,0.05160786211490631,0.020527485758066177,0.04019999876618385,0.04919999837875366,0.25220000743865967,0.0636725053191185,0.0318000353872776,0.03400000184774399,0.05942000076174736,0.3393999934196472,0.05177176371216774,0.035550087690353394,0.02329999953508377,0.04569999873638153,0.3564000129699707,0.03514249250292778,0.029287803918123245,0.015085714869201183,0.02979999966919422,0.30630001425743103
330,GeoVision_Ahmedabad_tile_118.tif,Ahmedabad,65536,365,0.0055694580078125,0.15699990093708038,0.04581256955862045,0.038337498903274536,0.15667499601840973,0.31540000438690186,0.19420696794986725,0.05021580308675766,0.056166667491197586,0.20069999992847443,0.3650999963283539,0.23057208955287933,0.060946326702833176,0.05343333259224892,0.23348332941532135,0.4023999869823456,0.28904101252555847,0.06273171305656433,0.09390000253915787,0.29284998774528503,0.44780001044273376,0.33284780383110046,0.07797520607709885,0.132874995470047,0.3242500126361847,0.48089998960494995,0.31632816791534424,0.08838608860969543,0.09939999878406525,0.3054249882698059,0.5078999996185303
331,GeoVision_Delhi_tile_35.tif,Delhi,65536,430,0.006561279296875,0.13026976585388184,0.029819125309586525,0.06480000168085098,0.13220000267028809,0.31839999556541443,0.16888906061649323,0.036194197833538055,0.0989999994635582,0.17229999601840973,0.36640000343322754,0.20505721867084503,0.04321485757827759,0.12060000002384186,0.2118000090122223,0.36719998717308044,0.25795137882232666,0.0503242090344429,0.14399999380111694,0.2653999924659729,0.3779999911785126,0.30461397767066956,0.059159230440855026,0.16359999775886536,0.31679999828338623,0.4284000098705292,0.28326699137687683,0.06340432167053223,0.13650000095367432,0.29315000772476196,0.4115999937057495
332,GeoVision_Kolkata_tile_165.tif,Kolkata,65536,602,0.009185791015625,0.13982455432415009,0.06910235434770584,0.03689999878406525,0.11074000597000122,0.2824000120162964,0.16220444440841675,0.07238154858350754,0.04895000159740448,0.13475000858306885,0.30526667833328247,0.17519091069698334,0.08028806000947952,0.03804999962449074,0.1514500081539154,0.33959999680519104,0.21594353020191193,0.0818510428071022,0.048233333975076675,0.2082499861717224,0.3587000072002411,0.26677557826042175,0.12303841859102249,0.041749998927116394,0.241349995136261,0.5671499967575073,0.2565564215183258,0.14065489172935486,0.0272000003606081,0.21439999341964722,0.604449987411499
333,GeoVision_Jaipur_tile_40.tif,Jaipur,65536,195,0.0029754638671875,0.13772384822368622,0.0305586326867342,0.049150001257658005,0.1407500058412552,0.27459999918937683,0.17939026653766632,0.033671554177999496,0.08030000329017639,0.18240000307559967,0.2964000105857849,0.21991871297359467,0.04481285437941551,0.06724999845027924,0.22089999914169312,0.3431999981403351,0.28545358777046204,0.05232083052396774,0.07479999959468842,0.28760001063346863,0.3901999890804291,0.34842053055763245,0.054782528430223465,0.1619500070810318,0.35945001244544983,0.477649986743927,0.3236207664012909,0.055760424584150314,0.1449500024318695,0.33390000462532043,0.47235000133514404
334,GeoVision_Mumbai_tile_142.tif,Mumbai,65536,2547,0.0388641357421875,0.07882838696241379,0.011695118620991707,0.04129999876022339,0.07580000162124634,0.21439999341964722,0.09410235285758972,0.014197077602148056,0.05290000140666962,0.08969999849796295,0.2542000114917755,0.10820133984088898,0.018270883709192276,0.044599998742341995,0.10260000079870224,0.27900001406669617,0.13078570365905762,0.0251984354108572,0.07450000196695328,0.12120000272989273,0.2865999937057495,0.1413939893245697,0.031474679708480835,0.07769999653100967,0.13079999387264252,0.31839999556541443,0.11913055181503296,0.030775463208556175,0.048500001430511475,0.10909999907016754,0.2971999943256378
335,GeoVision_Hyderabad_tile_87.tif,Hyderabad,65536,305,0.0046539306640625,0.12449830770492554,0.04440247640013695,0.03440000116825104,0.12160000205039978,0.3285333216190338,0.15393517911434174,0.05138387531042099,0.04820000007748604,0.15559999644756317,0.367000013589859,0.18618114292621613,0.06728082150220871,0.03500000014901161,0.19040000438690186,0.41706666350364685,0.23950205743312836,0.08396980911493301,0.03220000118017197,0.25440001487731934,0.4620000123977661,0.28481531143188477,0.09330791980028152,0.0357000008225441,0.30329999327659607,0.44690001010894775,0.24945341050624847,0.0878213569521904,0.026399999856948853,0.26510000228881836,0.424699991941452
336,GeoVision_Jaipur_tile_138.tif,Jaipur,65536,1071,0.0163421630859375,0.14626507461071014,0.03111664205789566,0.06525000184774399,0.14110000431537628,0.3531999886035919,0.19041453301906586,0.031202731654047966,0.09109999984502792,0.1873999983072281,0.3481999933719635,0.23865117132663727,0.03495114669203758,0.08434999734163284,0.23829999566078186,0.37119999527931213,0.3016568422317505,0.038445230573415756,0.08474999666213989,0.3034000098705292,0.40525001287460327,0.36297303438186646,0.03992558643221855,0.21140000224113464,0.3626500070095062,0.4717000126838684,0.3380202054977417,0.04289037361741066,0.1903499960899353,0.3346000015735626,0.46309998631477356
337,GeoVision_Kolkata_tile_127.tif,Kolkata,65536,156,0.00238037109375,0.0706997886300087,0.02294171415269375,0.039650000631809235,0.06613889336585999,0.13379999995231628,0.08492420613765717,0.02704644575715065,0.04479999840259552,0.07850000262260437,0.15230000019073486,0.09243641048669815,0.038431063294410706,0.04576000198721886,0.08668333292007446,0.1868000030517578,0.11985304206609726,0.05340295284986496,0.048233333975076675,0.11275000125169754,0.2651999890804291,0.13340231776237488,0.05581098049879074,0.04390000179409981,0.12322778254747391,0.29963332414627075,0.10979514569044113,0.057595133781433105,0.03002222254872322,0.09232500195503235,0.3054499924182892
338,GeoVision_Chennai_tile_101.tif,Chennai,65536,329,0.0050201416015625,0.15029118955135345,0.042319346219301224,0.09040000289678574,0.13910000026226044,0.38440001010894775,0.17418266832828522,0.04317757859826088,0.10760000348091125,0.16410000622272491,0.4065999984741211,0.1903981864452362,0.04344835504889488,0.11540000140666962,0.18320000171661377,0.4090000092983246,0.24961581826210022,0.043747298419475555,0.15469999611377716,0.2371000051498413,0.46399998664855957,0.2899312973022461,0.03819539025425911,0.21754999458789825,0.2887499928474426,0.5198500156402588,0.2508126199245453,0.04241756349802017,0.16169999539852142,0.24950000643730164,0.5256500244140625
339,GeoVision_Kolkata_tile_50.tif,Kolkata,65536,14,0.000213623046875,0.0864071324467659,0.044447217136621475,0.042500000447034836,0.0714000016450882,0.14659999310970306,0.10742858797311783,0.05247970670461655,0.05260000005364418,0.09399999678134918,0.17319999635219574,0.11692143231630325,0.06838929653167725,0.04749999940395355,0.1002499982714653,0.20020000636577606,0.15082144737243652,0.09746228158473969,0.04769999906420708,0.13885000348091125,0.27140000462532043,0.17971427738666534,0.13012024760246277,0.03310000151395798,0.16820001602172852,0.3287000060081482,0.16595716774463654,0.13473881781101227,0.020099999383091927,0.13410000503063202,0.33660000562667847
340,GeoVision_Hyderabad_tile_28.tif,Hyderabad,65536,652,0.00994873046875,0.13939917087554932,0.08742830902338028,0.02979999966919422,0.1486400067806244,0.41200000047683716,0.16529738903045654,0.09783771634101868,0.03849999979138374,0.1913333237171173,0.45260000228881836,0.18503570556640625,0.11390010267496109,0.029999999329447746,0.23228000104427338,0.46399998664855957,0.21779127418994904,0.12883006036281586,0.02419999986886978,0.2833999991416931,0.4438000023365021,0.2563006281852722,0.15398664772510529,0.027400000020861626,0.3402999937534332,0.5040249824523926,0.23547911643981934,0.15219838917255402,0.018799999728798866,0.3121874928474426,0.5041833519935608
341,GeoVision_Jaipur_tile_68.tif,Jaipur,65536,1085,0.0165557861328125,0.14031948149204254,0.02484740875661373,0.07249999791383743,0.13689999282360077,0.3197999894618988,0.1886010617017746,0.031053829938173294,0.08030000329017639,0.186599999666214,0.362199991941452,0.23589250445365906,0.03757873550057411,0.09319999814033508,0.23639999330043793,0.37779998779296875,0.29613542556762695,0.04271795600652695,0.12530000507831573,0.30149999260902405,0.39445000886917114,0.34917959570884705,0.04897533357143402,0.19470000267028809,0.353300005197525,0.4652499854564667,0.3195691704750061,0.04983879253268242,0.16419999301433563,0.32330000400543213,0.44999998807907104
342,GeoVision_Mumbai_tile_84.tif,Mumbai,65536,4,6.103515625e-05,0.07278333604335785,0.004346886184066534,0.0689999982714653,0.07106666266918182,0.07999999821186066,0.08752499520778656,0.0035132798366248608,0.08349999785423279,0.08682499825954437,0.0929500013589859,0.09558332711458206,0.005775452125817537,0.08720000088214874,0.09589999914169312,0.10333333909511566,0.13444998860359192,0.004375788848847151,0.1273999959230423,0.1354999989271164,0.13940000534057617,0.1441749930381775,0.015651095658540726,0.11720000207424164,0.15189999341964722,0.15569999814033508,0.11463749408721924,0.017111266031861305,0.08500000089406967,0.12449999898672104,0.124549999833107
343,GeoVision_Ahmedabad_tile_94.tif,Ahmedabad,65536,419,0.0063934326171875,0.14410042762756348,0.06410101056098938,0.02539999969303608,0.13624000549316406,0.3733333349227905,0.17792345583438873,0.06942694634199142,0.039250001311302185,0.17270000278949738,0.4336000084877014,0.20474006235599518,0.08040262758731842,0.029366666451096535,0.20630000531673431,0.4897499978542328,0.26187992095947266,0.08779805153608322,0.03099999949336052,0.2703250050544739,0.5492249727249146,0.27905532717704773,0.08086613565683365,0.03864999860525131,0.28462499380111694,0.5753666758537292,0.24649810791015625,0.07937252521514893,0.02734999917447567,0.25415000319480896,0.5629500150680542
344,GeoVision_Chennai_tile_104.tif,Chennai,65536,1204,0.01837158203125,0.13210709393024445,0.03095356933772564,0.05559999868273735,0.14000000059604645,0.2451999932527542,0.1498597264289856,0.03399822115898132,0.061500001698732376,0.1597999930381775,0.2680000066757202,0.15620765089988708,0.042917463928461075,0.04839999973773956,0.17000000178813934,0.2824000120162964,0.19770988821983337,0.05273919180035591,0.05469999834895134,0.2138499915599823,0.3409999907016754,0.2281263917684555,0.06843221187591553,0.04690000042319298,0.2485000044107437,0.3756999969482422,0.20612461864948273,0.06952452659606934,0.032099999487400055,0.22949999570846558,0.35530000925064087
345,GeoVision_Kolkata_tile_24.tif,Kolkata,65536,34,0.000518798828125,0.05517059192061424,0.02481704391539097,0.032600000500679016,0.04389999806880951,0.1151999980211258,0.07139412313699722,0.031205303966999054,0.047200001776218414,0.056050002574920654,0.1509999930858612,0.06694412231445312,0.04364588111639023,0.03680000081658363,0.04270000010728836,0.17880000174045563,0.08912058174610138,0.06564971804618835,0.042500000447034836,0.05460000038146973,0.24899999797344208,0.10432645678520203,0.07298488169908524,0.03350000083446503,0.07909999787807465,0.26930001378059387,0.08502941578626633,0.07111770659685135,0.023499999195337296,0.056950002908706665,0.24379999935626984
346,GeoVision_Mumbai_tile_13.tif,Mumbai,65536,404,0.00616455078125,0.11898761987686157,0.04807976260781288,0.06364999711513519,0.10885000228881836,0.29019999504089355,0.14047524333000183,0.051236044615507126,0.07670000195503235,0.12839999794960022,0.31630000472068787,0.1579727679491043,0.05598347261548042,0.08505000174045563,0.14665000140666962,0.35440000891685486,0.19141535460948944,0.05614529550075531,0.0940999984741211,0.18690000474452972,0.358599990606308,0.237690731883049,0.08726899325847626,0.10495000332593918,0.2269749939441681,0.5110999941825867,0.22193464636802673,0.10625558346509933,0.0904499962925911,0.2010750025510788,0.5507000088691711
347,GeoVision_Delhi_tile_46.tif,Delhi,65536,650,0.009918212890625,0.12879730761051178,0.02187582664191723,0.05074285715818405,0.12942679226398468,0.22040000557899475,0.16981178522109985,0.028670819476246834,0.07045000046491623,0.17154285311698914,0.25780001282691956,0.20647577941417694,0.0375288724899292,0.0820000022649765,0.21140000224113464,0.29339998960494995,0.26599612832069397,0.04670547693967819,0.10251666605472565,0.27728331089019775,0.35600000619888306,0.29461926221847534,0.054340291768312454,0.11680000275373459,0.30867499113082886,0.39649999141693115,0.26483139395713806,0.05282149836421013,0.08810000121593475,0.27407142519950867,0.36660000681877136
348,GeoVision_Hyderabad_tile_99.tif,Hyderabad,65536,565,0.0086212158203125,0.10211656242609024,0.04371148720383644,0.04137999936938286,0.0869000032544136,0.3043999969959259,0.12459927797317505,0.055305466055870056,0.05863333120942116,0.10163333266973495,0.2919999957084656,0.1421801596879959,0.08180372416973114,0.048650000244379044,0.10090000182390213,0.3009999990463257,0.17795348167419434,0.10522224009037018,0.04592499881982803,0.13279999792575836,0.3684000074863434,0.18945492804050446,0.13787123560905457,0.02669999934732914,0.12110000103712082,0.4733000099658966,0.16223911941051483,0.1328771710395813,0.019700000062584877,0.09229999780654907,0.4516499936580658
349,GeoVision_Kolkata_tile_178.tif,Kolkata,65536,115,0.0017547607421875,0.08328268676996231,0.05670059099793434,0.04010000079870224,0.05624999850988388,0.23690000176429749,0.10284944623708725,0.0641503855586052,0.04769999906420708,0.0714000016450882,0.2745000123977661,0.10103123635053635,0.07520914077758789,0.03999999910593033,0.0588500015437603,0.2953999936580658,0.12527573108673096,0.09139254689216614,0.04309999942779541,0.07045000046491623,0.3249500095844269,0.15046340227127075,0.10400576144456863,0.04645000025629997,0.08889999985694885,0.39070001244544983,0.12533695995807648,0.10395188629627228,0.02995000034570694,0.06849999725818634,0.3803499937057495
350,GeoVision_Bengaluru_tile_38.tif,Bengaluru,65536,490,0.007476806640625,0.1699894815683365,0.08384791016578674,0.03999999910593033,0.15039999783039093,0.506600022315979,0.22352561354637146,0.08516217023134232,0.06224999949336052,0.20109999179840088,0.5501999855041504,0.2752007842063904,0.08206835389137268,0.089649997651577,0.2518250048160553,0.5522000193595886,0.3258807063102722,0.07586490362882614,0.18770000338554382,0.3000749945640564,0.5388500094413757,0.395603209733963,0.09491348266601562,0.1289999932050705,0.3827499747276306,0.6502500176429749,0.3380659222602844,0.08399412781000137,0.090549997985363,0.3374499976634979,0.5317500233650208
351,GeoVision_Chennai_tile_33.tif,Chennai,65536,149,0.0022735595703125,0.13913758099079132,0.05971372872591019,0.04190000146627426,0.12780000269412994,0.3758000135421753,0.1667046993970871,0.061729494482278824,0.06499999761581421,0.1565999984741211,0.39959999918937683,0.1784651130437851,0.07090108096599579,0.041200000792741776,0.1746000051498413,0.4124000072479248,0.23803621530532837,0.08651699125766754,0.041099999099969864,0.23639999330043793,0.462799996137619,0.27458456158638,0.08439479023218155,0.05260000005364418,0.29269999265670776,0.46860000491142273,0.23295971751213074,0.0803215354681015,0.03610000014305115,0.23019999265670776,0.4616999924182892
352,GeoVision_Hyderabad_tile_51.tif,Hyderabad,65536,1739,0.0265350341796875,0.13482452929019928,0.0229355376213789,0.07760000228881836,0.13199999928474426,0.31200000643730164,0.1723576784133911,0.023793473839759827,0.10167499631643295,0.1728000044822693,0.35600000619888306,0.2208346426486969,0.033183109015226364,0.11720000207424164,0.22280000150203705,0.3952000141143799,0.2781364321708679,0.038609687238931656,0.12919999659061432,0.28220000863075256,0.43053334951400757,0.3548761010169983,0.05298341438174248,0.1991499960422516,0.3576500117778778,0.47530001401901245,0.31912660598754883,0.04654616490006447,0.1835000067949295,0.3221000134944916,0.4235999882221222
353,GeoVision_Ahmedabad_tile_65.tif,Ahmedabad,65536,6722,0.102569580078125,0.11560701578855515,0.03489894047379494,0.03844999894499779,0.1096000000834465,0.3447999954223633,0.14096014201641083,0.04000048711895943,0.05042500048875809,0.13351786136627197,0.3686000108718872,0.17328685522079468,0.04492965340614319,0.04414999857544899,0.16528035700321198,0.39902499318122864,0.21948403120040894,0.04945579916238785,0.05380000174045563,0.21365000307559967,0.43244999647140503,0.2726122736930847,0.049238916486501694,0.04828749969601631,0.2705100178718567,0.4404999911785126,0.2559661865234375,0.049732062965631485,0.03265000134706497,0.25402000546455383,0.45205000042915344
354,GeoVision_Jaipur_tile_2.tif,Jaipur,65536,30,0.000457763671875,0.13433001935482025,0.02127234824001789,0.08839999884366989,0.13840000331401825,0.16979999840259552,0.18572336435317993,0.023150719702243805,0.12780000269412994,0.18780000507831573,0.2282000035047531,0.2363000214099884,0.03273947536945343,0.1615999937057495,0.23899999260902405,0.3073999881744385,0.30962666869163513,0.035654034465551376,0.2321999967098236,0.31894999742507935,0.3686000108718872,0.3855132758617401,0.0464029423892498,0.2840000092983246,0.3875499963760376,0.4481000006198883,0.3530366122722626,0.053437240421772,0.2282000035047531,0.3483000099658966,0.4359000027179718
355,GeoVision_Chennai_tile_134.tif,Chennai,65536,639,0.0097503662109375,0.15961048007011414,0.052518706768751144,0.07635000348091125,0.1428000032901764,0.40860000252723694,0.18490304052829742,0.053340844810009,0.10305000096559525,0.16840000450611115,0.4458000063896179,0.20446908473968506,0.053493600338697433,0.08229999989271164,0.19249999523162842,0.4553999900817871,0.2573305368423462,0.0504491850733757,0.07180000096559525,0.2483000010251999,0.4706000089645386,0.2997530698776245,0.04650379717350006,0.08264999836683273,0.29565000534057617,0.48579999804496765,0.2629956901073456,0.05124122276902199,0.05025000125169754,0.26045000553131104,0.5101000070571899
356,GeoVision_Bengaluru_tile_168.tif,Bengaluru,65536,721,0.0110015869140625,0.12818177044391632,0.04166657477617264,0.031599998474121094,0.12070000171661377,0.39410001039505005,0.18550574779510498,0.046157363802194595,0.07599999755620956,0.18150000274181366,0.42640000581741333,0.24457773566246033,0.05547740310430527,0.0466499999165535,0.241799995303154,0.4244000017642975,0.31190919876098633,0.05546029657125473,0.07569999992847443,0.3127500116825104,0.45954999327659607,0.3793941140174866,0.08224430680274963,0.05844999849796295,0.3906500041484833,0.5570999979972839,0.2807638645172119,0.061993010342121124,0.058649998158216476,0.2862499952316284,0.44179999828338623
357,GeoVision_Ahmedabad_tile_92.tif,Ahmedabad,65536,577,0.0088043212890625,0.1198728084564209,0.03616254776716232,0.034566666930913925,0.11860000342130661,0.323199987411499,0.15006008744239807,0.042361486703157425,0.05628333240747452,0.15183334052562714,0.3806000053882599,0.17932116985321045,0.054789796471595764,0.04450000077486038,0.1851000040769577,0.4259999990463257,0.22824837267398834,0.07355719059705734,0.03817000240087509,0.24057500064373016,0.5079500079154968,0.2549261152744293,0.07653383910655975,0.04659999907016754,0.27469998598098755,0.416949987411499,0.2258625477552414,0.07422822713851929,0.032766666263341904,0.2378000020980835,0.38067498803138733
358,GeoVision_Jaipur_tile_172.tif,Jaipur,65536,82,0.001251220703125,0.16900791227817535,0.0341826006770134,0.08824999630451202,0.16820000112056732,0.2653999924659729,0.21824024617671967,0.030761174857616425,0.12890000641345978,0.22834999859333038,0.2985999882221222,0.2667573094367981,0.039427101612091064,0.14920000731945038,0.2634499967098236,0.3723999857902527,0.34254753589630127,0.028636012226343155,0.27129998803138733,0.34382498264312744,0.4309999942779541,0.3814024329185486,0.04259297251701355,0.2826499938964844,0.3734999895095825,0.4603999853134155,0.3417103588581085,0.05917371064424515,0.2204499989748001,0.34345000982284546,0.4440999925136566
359,GeoVision_Kolkata_tile_15.tif,Kolkata,65536,10,0.000152587890625,0.04811999946832657,0.012477642856538296,0.04050000011920929,0.04430000111460686,0.0851999968290329,0.06838000565767288,0.015826357528567314,0.05779999867081642,0.06279999762773514,0.11420000344514847,0.05850999802350998,0.021205255761742592,0.04580000042915344,0.05165000259876251,0.12099999934434891,0.08583000302314758,0.0447380393743515,0.050700001418590546,0.06849999725818634,0.19280000030994415,0.09578999131917953,0.040923383086919785,0.05979999899864197,0.08959999680519104,0.1923000067472458,0.06054999679327011,0.033428676426410675,0.033399999141693115,0.05290000140666962,0.1476999968290329
360,GeoVision_Ahmedabad_tile_13.tif,Ahmedabad,65536,2453,0.0374298095703125,0.1760019212961197,0.052359022200107574,0.04035000130534172,0.1656000018119812,0.42250001430511475,0.21118099987506866,0.05455652251839638,0.049720000475645065,0.20260000228881836,0.46889999508857727,0.24524886906147003,0.05785733088850975,0.0588500015437603,0.2381500005722046,0.5248000025749207,0.2952501177787781,0.053144898265600204,0.07001666724681854,0.2940100133419037,0.5572333335876465,0.3432973027229309,0.05072752386331558,0.13330000638961792,0.34128332138061523,0.5364000201225281,0.3218740224838257,0.05861358344554901,0.10387499630451202,0.3151000142097473,0.5515999794006348
361,GeoVision_Ahmedabad_tile_160.tif,Ahmedabad,65536,108,0.00164794921875,0.10692159086465836,0.046194158494472504,0.034614283591508865,0.10085416585206985,0.30140000581741333,0.15634222328662872,0.04867943376302719,0.08250000327825546,0.15029999613761902,0.33660000562667847,0.1793641448020935,0.07621360570192337,0.05377999693155289,0.1738625019788742,0.36765000224113464,0.22790886461734772,0.1015094667673111,0.06146666780114174,0.2282249927520752,0.4350750148296356,0.26746419072151184,0.1010972261428833,0.05654999986290932,0.2572000026702881,0.4397999942302704,0.2234647125005722,0.09303873032331467,0.04008333384990692,0.21261250972747803,0.38394999504089355
362,GeoVision_Kolkata_tile_32.tif,Kolkata,65536,0,0.0,,,,,,,,,,,,,,,,,,,,,,,,,,,,,,
363,GeoVision_Hyderabad_tile_163.tif,Hyderabad,65536,1297,0.0197906494140625,0.14224492013454437,0.034566424787044525,0.0364999994635582,0.13926666975021362,0.34040001034736633,0.17658087611198425,0.03630261495709419,0.05570000037550926,0.175564706325531,0.36239999532699585,0.21226666867733002,0.04402828589081764,0.03799999877810478,0.2151000052690506,0.39559999108314514,0.27240315079689026,0.05114161968231201,0.032766666263341904,0.27799999713897705,0.41600000858306885,0.3333657383918762,0.062126435339450836,0.0340999998152256,0.33869999647140503,0.5253750085830688,0.29084843397140503,0.05857042968273163,0.023399999365210533,0.2957000136375427,0.5001999735832214
364,GeoVision_Ahmedabad_tile_22.tif,Ahmedabad,65536,100,0.00152587890625,0.12599512934684753,0.04876406118273735,0.03337499871850014,0.1469833254814148,0.17890000343322754,0.17576181888580322,0.06888006627559662,0.04924999922513962,0.19796666502952576,0.25285831093788147,0.2250872254371643,0.10195575654506683,0.0357000008225441,0.26134997606277466,0.3438799977302551,0.2900151014328003,0.13121935725212097,0.04064999893307686,0.34466248750686646,0.41897499561309814,0.3397298753261566,0.1443372368812561,0.05649999901652336,0.38087499141693115,0.5003399848937988,0.3131738603115082,0.14334739744663239,0.04112857207655907,0.3637000024318695,0.47304999828338623
365,GeoVision_Delhi_tile_146.tif,Delhi,65536,490,0.007476806640625,0.14088694751262665,0.04199082404375076,0.02995000034570694,0.13095000386238098,0.34880000352859497,0.17533357441425323,0.04550723731517792,0.038100000470876694,0.17375001311302185,0.39480000734329224,0.20377296209335327,0.05384942889213562,0.03370000049471855,0.20445001125335693,0.41200000047683716,0.25193214416503906,0.060670752078294754,0.044349998235702515,0.26057499647140503,0.4115000069141388,0.2795282006263733,0.07054376602172852,0.041099999099969864,0.288349986076355,0.4611999988555908,0.2585807144641876,0.07278971374034882,0.02889999933540821,0.2639000117778778,0.4621500074863434
366,GeoVision_Kolkata_tile_116.tif,Kolkata,65536,424,0.0064697265625,0.06015094742178917,0.015628423541784286,0.03920000046491623,0.05779999867081642,0.17000000178813934,0.08120097219944,0.01872316375374794,0.048266664147377014,0.07985000312328339,0.1926666647195816,0.07042369991540909,0.02335229702293873,0.042399998754262924,0.06492333114147186,0.21649999916553497,0.09184009581804276,0.04078761860728264,0.046471428126096725,0.07580000162124634,0.2775000035762787,0.08345402777194977,0.0470973402261734,0.025599999353289604,0.07360000163316727,0.3343999981880188,0.06166047975420952,0.042370956391096115,0.01549999974668026,0.051899999380111694,0.32440000772476196
367,GeoVision_Kolkata_tile_87.tif,Kolkata,65536,257,0.0039215087890625,0.06435369700193405,0.012372651137411594,0.03889999911189079,0.06419999897480011,0.13120000064373016,0.09005992859601974,0.014329096302390099,0.050599999725818634,0.09239999949932098,0.16599999368190765,0.07807276397943497,0.017797255888581276,0.039400000125169754,0.07530000060796738,0.19300000369548798,0.100999616086483,0.034716784954071045,0.04830000177025795,0.09189999848604202,0.259799987077713,0.076811283826828,0.047700993716716766,0.026200000196695328,0.06780000030994415,0.3393999934196472,0.054650191217660904,0.03923409432172775,0.01769999973475933,0.04430000111460686,0.31839999556541443
368,GeoVision_Bengaluru_tile_144.tif,Bengaluru,65536,291,0.0044403076171875,0.14173023402690887,0.034303952008485794,0.06239999830722809,0.13940000534057617,0.29789999127388,0.18783710896968842,0.036424461752176285,0.0957999974489212,0.1876000016927719,0.3431999981403351,0.2396152913570404,0.04069945588707924,0.11620000004768372,0.23499999940395355,0.37619999051094055,0.30167680978775024,0.03768986836075783,0.16345000267028809,0.29545000195503235,0.419050008058548,0.40520328283309937,0.06012019142508507,0.2110999971628189,0.41519999504089355,0.5263500213623047,0.34311357140541077,0.05120996758341789,0.19214999675750732,0.34689998626708984,0.4614500105381012
369,GeoVision_Hyderabad_tile_65.tif,Hyderabad,65536,711,0.0108489990234375,0.13394829630851746,0.031015707179903984,0.07419999688863754,0.12939999997615814,0.31220000982284546,0.1655554324388504,0.035677194595336914,0.0934000015258789,0.16779999434947968,0.3614000082015991,0.20273759961128235,0.04796144366264343,0.10053332895040512,0.20999999344348907,0.38119998574256897,0.2550189197063446,0.057855281978845596,0.11400000005960464,0.2662000060081482,0.3923499882221222,0.3130277991294861,0.0685775876045227,0.15950000286102295,0.3162499964237213,0.46309998631477356,0.2886935770511627,0.06287238746881485,0.15504999458789825,0.28630000352859497,0.4761750102043152
370,GeoVision_Bengaluru_tile_151.tif,Bengaluru,65536,4761,0.0726470947265625,0.14449234306812286,0.04931751266121864,0.007350000087171793,0.1469999998807907,0.33799999952316284,0.19115032255649567,0.062497735023498535,0.00930000003427267,0.19850000739097595,0.4323999881744385,0.22989048063755035,0.07869786769151688,0.014299999922513962,0.24514999985694885,0.5327500104904175,0.2760825753211975,0.09132896363735199,0.016499999910593033,0.29660001397132874,0.5898000001907349,0.34794503450393677,0.11145604401826859,0.02135000005364418,0.36500000953674316,0.5993000268936157,0.299174964427948,0.0928414985537529,0.018200000748038292,0.32030001282691956,0.5311999917030334
371,GeoVision_Delhi_tile_179.tif,Delhi,65536,475,0.0072479248046875,0.1454038918018341,0.0434284433722496,0.04839999973773956,0.14820000529289246,0.2587999999523163,0.17607630789279938,0.04709072411060333,0.07590000331401825,0.17919999361038208,0.303600013256073,0.19627630710601807,0.05584549903869629,0.07620000094175339,0.2046000063419342,0.33399999141693115,0.23466798663139343,0.059057146310806274,0.07940000295639038,0.25084999203681946,0.4004499912261963,0.25683337450027466,0.07109648734331131,0.06994999945163727,0.27720001339912415,0.36765000224113464,0.2382630705833435,0.076737180352211,0.05119999870657921,0.2605000138282776,0.37105000019073486
372,GeoVision_Kolkata_tile_92.tif,Kolkata,65536,50,0.000762939453125,0.06506800651550293,0.03544838726520538,0.0348999984562397,0.04470000043511391,0.17319999635219574,0.07935000211000443,0.04016943648457527,0.043800000101327896,0.05920000001788139,0.2029999941587448,0.07962799817323685,0.04803423210978508,0.03970000147819519,0.05380000174045563,0.21979999542236328,0.1013839915394783,0.07040877640247345,0.03799999877810478,0.0637499988079071,0.31679999828338623,0.12286600470542908,0.07480424642562866,0.04010000079870224,0.08855000138282776,0.325300008058548,0.1001800000667572,0.07235248386859894,0.027300000190734863,0.06369999796152115,0.29440000653266907
373,GeoVision_Chennai_tile_52.tif,Chennai,65536,191,0.0029144287109375,0.1394382268190384,0.038422856479883194,0.04659999907016754,0.13689999282360077,0.3675999939441681,0.1718989461660385,0.04391089826822281,0.0689999982714653,0.16609999537467957,0.4032000005245209,0.19632616639137268,0.05030158907175064,0.05184999853372574,0.19339999556541443,0.40700000524520874,0.2406918853521347,0.049001581966876984,0.04439999908208847,0.24169999361038208,0.4359999895095825,0.2887505292892456,0.05679994076490402,0.03790000081062317,0.28494998812675476,0.4196999967098236,0.2568083703517914,0.05496323108673096,0.02459999918937683,0.2533999979496002,0.4032000005245209
374,GeoVision_Bengaluru_tile_97.tif,Bengaluru,65536,435,0.0066375732421875,0.12626425921916962,0.032501932233572006,0.050050001591444016,0.1185000017285347,0.25589999556541443,0.19036322832107544,0.04261535033583641,0.07164999842643738,0.1906999945640564,0.3833000063896179,0.2744527757167816,0.062072787433862686,0.09354999661445618,0.2853499948978424,0.4796000123023987,0.3474012315273285,0.06897249817848206,0.11479999870061874,0.36010000109672546,0.5456500053405762,0.42743319272994995,0.0986204668879509,0.16850000619888306,0.43834999203681946,0.5985000133514404,0.3529926538467407,0.07992184907197952,0.1348000019788742,0.36785000562667847,0.503600001335144
375,GeoVision_Jaipur_tile_3.tif,Jaipur,65536,66,0.001007080078125,0.1315591037273407,0.03173471614718437,0.08009999990463257,0.12479999661445618,0.2176000028848648,0.1820424199104309,0.03265146538615227,0.12620000541210175,0.17710000276565552,0.2603999972343445,0.23511816561222076,0.0363524965941906,0.16660000383853912,0.23680000007152557,0.30000001192092896,0.31446972489356995,0.03403346613049507,0.2370000034570694,0.3198000192642212,0.3716000020503998,0.38190755248069763,0.032475221902132034,0.3165000081062317,0.3831999897956848,0.44449999928474426,0.3471439480781555,0.03618974983692169,0.28200000524520874,0.3495500087738037,0.4205999970436096
376,GeoVision_Ahmedabad_tile_7.tif,Ahmedabad,65536,0,0.0,,,,,,,,,,,,,,,,,,,,,,,,,,,,,,
377,GeoVision_Chennai_tile_10.tif,Chennai,65536,510,0.007781982421875,0.16219039261341095,0.05496973916888237,0.051600001752376556,0.15160000324249268,0.4936000108718872,0.18872608244419098,0.05571120232343674,0.05649999901652336,0.179299995303154,0.5008000135421753,0.20698784291744232,0.06119547784328461,0.04560000076889992,0.19920000433921814,0.49160000681877136,0.24951685965061188,0.060928668826818466,0.05979999899864197,0.24619999527931213,0.4867999851703644,0.28051823377609253,0.068965382874012,0.03310000151395798,0.2655999958515167,0.534500002861023,0.2483443021774292,0.07097938656806946,0.02449999935925007,0.23849999904632568,0.46380001306533813
378,GeoVision_Kolkata_tile_114.tif,Kolkata,65536,329,0.0050201416015625,0.07037454098463058,0.02467673271894455,0.036649998277425766,0.05739999935030937,0.17980000376701355,0.09061821550130844,0.02723490074276924,0.051840003579854965,0.07959999889135361,0.21930000185966492,0.08580778539180756,0.03933216258883476,0.03888571634888649,0.0674000009894371,0.24699999392032623,0.11389539390802383,0.05738542973995209,0.045625001192092896,0.09160000085830688,0.3303000032901764,0.10661549121141434,0.07672303915023804,0.025100000202655792,0.07419999688863754,0.3206000030040741,0.08379855751991272,0.06962868571281433,0.01721000112593174,0.051100000739097595,0.31540000438690186
379,GeoVision_Jaipur_tile_39.tif,Jaipur,65536,161,0.0024566650390625,0.13937297463417053,0.04054050147533417,0.06700000166893005,0.13519999384880066,0.2214999943971634,0.17481179535388947,0.04206671565771103,0.08990000188350677,0.17820000648498535,0.2703999876976013,0.21063292026519775,0.04803627356886864,0.08505000174045563,0.21770000457763672,0.31679999828338623,0.2713111639022827,0.056858085095882416,0.12489999830722809,0.2894499897956848,0.3765999972820282,0.3283400535583496,0.05922293663024902,0.16990000009536743,0.3452000021934509,0.43654999136924744,0.3027727007865906,0.06360705196857452,0.1473499983549118,0.31139999628067017,0.4034999907016754
380,GeoVision_Bengaluru_tile_7.tif,Bengaluru,65536,1645,0.0251007080078125,0.14944717288017273,0.046313464641571045,0.03229999914765358,0.14839999377727509,0.4950000047683716,0.19380606710910797,0.052185770124197006,0.051100000739097595,0.19709999859333038,0.5026000142097473,0.2298177033662796,0.0679217278957367,0.03454999998211861,0.2373500019311905,0.4821999967098236,0.2790890634059906,0.08150141686201096,0.025200000032782555,0.29249998927116394,0.5192000269889832,0.33994898200035095,0.09783776849508286,0.04050000011920929,0.349700003862381,0.6457499861717224,0.2910740375518799,0.08014371991157532,0.03099999949336052,0.3048500120639801,0.5400000214576721
381,GeoVision_Ahmedabad_tile_152.tif,Ahmedabad,65536,1601,0.0244293212890625,0.13036087155342102,0.03304681181907654,0.040824998170137405,0.12860000133514404,0.3712333142757416,0.16625137627124786,0.03864321857690811,0.05689999833703041,0.16200000047683716,0.43066665530204773,0.20522573590278625,0.0508238784968853,0.06504999846220016,0.20389999449253082,0.4867999851703644,0.2528100609779358,0.0612226165831089,0.09449999779462814,0.2538333237171173,0.5498666763305664,0.2771063446998596,0.06466373056173325,0.07985000312328339,0.28255000710487366,0.4593999981880188,0.2551575005054474,0.06206990033388138,0.062424998730421066,0.2623833119869232,0.43130001425743103
382,GeoVision_Jaipur_tile_19.tif,Jaipur,65536,72,0.0010986328125,0.14180557429790497,0.03763207793235779,0.0494999997317791,0.13409999012947083,0.2037999927997589,0.1777888983488083,0.03365475311875343,0.07859999686479568,0.1744999885559082,0.24459999799728394,0.21130415797233582,0.04059259220957756,0.0738999992609024,0.219650000333786,0.29980000853538513,0.28947776556015015,0.051586490124464035,0.08219999819993973,0.305400013923645,0.37139999866485596,0.35967642068862915,0.04611099138855934,0.24130000174045563,0.3687500059604645,0.4564000070095062,0.31687498092651367,0.05553130805492401,0.21690000593662262,0.3283500075340271,0.4440999925136566
383,GeoVision_Ahmedabad_tile_150.tif,Ahmedabad,65536,3032,0.0462646484375,0.13348083198070526,0.03931261599063873,0.0361500009894371,0.1256999969482422,0.40049999952316284,0.17281095683574677,0.04249361529946327,0.05209999904036522,0.1680583357810974,0.4350000023841858,0.21195726096630096,0.04937989264726639,0.04960000142455101,0.21092499792575836,0.47600001096725464,0.2720154821872711,0.05467455834150314,0.06723333150148392,0.2777249813079834,0.5076500177383423,0.308238685131073,0.05338161811232567,0.09929999709129333,0.31015002727508545,0.4667249917984009,0.28082922101020813,0.05313476547598839,0.0722000002861023,0.28165000677108765,0.4366750121116638
384,GeoVision_Ahmedabad_tile_39.tif,Ahmedabad,65536,344,0.0052490234375,0.13504637777805328,0.047126080840826035,0.03959999978542328,0.13459999859333038,0.22059999406337738,0.1909538060426712,0.06402277946472168,0.06424999982118607,0.18766666948795319,0.2807333171367645,0.24954764544963837,0.09448745101690292,0.05166666954755783,0.25091248750686646,0.3824000060558319,0.3091910183429718,0.11534980684518814,0.04740000143647194,0.3466874957084656,0.45535001158714294,0.36390218138694763,0.1397830694913864,0.04715000092983246,0.4032000005245209,0.533174991607666,0.3355643153190613,0.14273743331432343,0.036383334547281265,0.367775022983551,0.5152624845504761
385,GeoVision_Jaipur_tile_0.tif,Jaipur,65536,245,0.0037384033203125,0.14433428645133972,0.02802134118974209,0.07890000194311142,0.1467999964952469,0.20200000703334808,0.19259101152420044,0.03418850526213646,0.1143999993801117,0.19300000369548798,0.2648000121116638,0.23674041032791138,0.04133615270256996,0.13259999454021454,0.23919999599456787,0.31439998745918274,0.31135550141334534,0.04507353901863098,0.11779999732971191,0.319599986076355,0.3840000033378601,0.3753962814807892,0.05021541193127632,0.23180000483989716,0.38580000400543213,0.4546999931335449,0.34816282987594604,0.05164555460214615,0.1931000053882599,0.35580000281333923,0.4259999990463257
386,GeoVision_Bengaluru_tile_121.tif,Bengaluru,65536,414,0.006317138671875,0.11724589020013809,0.0383848138153553,0.04520000144839287,0.10875000059604645,0.30379998683929443,0.16379782557487488,0.042681124061346054,0.06019999831914902,0.16245000064373016,0.3452000021934509,0.2235579788684845,0.06106278672814369,0.0649000033736229,0.22269999980926514,0.36739999055862427,0.2734431326389313,0.07011464983224869,0.10694999992847443,0.27537500858306885,0.41244998574256897,0.36205434799194336,0.09932678937911987,0.16120000183582306,0.3402000069618225,0.5466499924659729,0.33240845799446106,0.10191267728805542,0.1269499957561493,0.3078500032424927,0.5505499839782715
387,GeoVision_Mumbai_tile_116.tif,Mumbai,65536,17,0.0002593994140625,0.07654011249542236,0.007905129343271255,0.06440000236034393,0.07530000060796738,0.08940000087022781,0.09243762493133545,0.01166244875639677,0.06859999895095825,0.09109999984502792,0.11003334075212479,0.10407323390245438,0.019165704026818275,0.07020000368356705,0.10706000030040741,0.12947499752044678,0.1232958436012268,0.03293455019593239,0.0689999982714653,0.13590000569820404,0.1754000037908554,0.12099908292293549,0.019665231928229332,0.0820000022649765,0.13089999556541443,0.14528000354766846,0.10072410851716995,0.017798079177737236,0.07154999673366547,0.10100000351667404,0.12870000302791595
388,GeoVision_Jaipur_tile_97.tif,Jaipur,65536,266,0.004058837890625,0.13270807266235352,0.02439185418188572,0.08635000139474869,0.12974999845027924,0.25209999084472656,0.17629379034042358,0.029121730476617813,0.12309999763965607,0.1707499921321869,0.31459999084472656,0.22198326885700226,0.038004886358976364,0.15404999256134033,0.21610000729560852,0.3488999903202057,0.3011757433414459,0.03916356340050697,0.2281000018119812,0.2957499921321869,0.420199990272522,0.36580657958984375,0.03347083553671837,0.30079999566078186,0.3628999888896942,0.4749999940395355,0.3308863043785095,0.0389861986041069,0.2468000054359436,0.3280249834060669,0.46105000376701355
389,GeoVision_Hyderabad_tile_35.tif,Hyderabad,65536,1023,0.0156097412109375,0.1439233124256134,0.06575556844472885,0.04374000057578087,0.1265999972820282,0.36853331327438354,0.1765509843826294,0.06915629655122757,0.050599999725818634,0.16279999911785126,0.4018666744232178,0.21567897498607635,0.07508491724729538,0.0414000004529953,0.2155500054359436,0.421999990940094,0.26547113060951233,0.07847107946872711,0.04064999893307686,0.27639999985694885,0.4528000056743622,0.33553895354270935,0.09742464125156403,0.03189999982714653,0.351375013589859,0.5238999724388123,0.30305957794189453,0.0956815853714943,0.02290000021457672,0.31470000743865967,0.5430499911308289
390,GeoVision_Ahmedabad_tile_79.tif,Ahmedabad,65536,1226,0.018707275390625,0.13587887585163116,0.03398536890745163,0.06283999979496002,0.12965832650661469,0.3493333160877228,0.17352351546287537,0.03826355189085007,0.08555000275373459,0.16859999299049377,0.38975000381469727,0.21159011125564575,0.04577028006315231,0.08810000121593475,0.2095249891281128,0.4121333360671997,0.2718202471733093,0.0522397980093956,0.10575000196695328,0.27555835247039795,0.4616999924182892,0.30846133828163147,0.061793819069862366,0.11625000089406967,0.30959999561309814,0.4839499890804291,0.2811937928199768,0.062281712889671326,0.09598333388566971,0.2808000147342682,0.5033666491508484
391,GeoVision_Jaipur_tile_8.tif,Jaipur,65536,279,0.0042572021484375,0.15868672728538513,0.03538879007101059,0.06360000371932983,0.14800000190734863,0.23800000548362732,0.2016534060239792,0.0370342954993248,0.10050000250339508,0.1932000070810318,0.2939999997615814,0.23930001258850098,0.03691516071557999,0.09679999947547913,0.23680000007152557,0.32519999146461487,0.30689963698387146,0.026662496849894524,0.19099999964237213,0.3107999861240387,0.36399999260902405,0.35440146923065186,0.026371097192168236,0.24289999902248383,0.35569998621940613,0.415800005197525,0.3264806270599365,0.031004836782813072,0.19629999995231628,0.32499998807907104,0.39089998602867126
392,GeoVision_Mumbai_tile_175.tif,Mumbai,65536,552,0.0084228515625,0.10197554528713226,0.05199970677495003,0.050700001418590546,0.09000000357627869,0.39480000734329224,0.12094547599554062,0.0604071319103241,0.05400000140070915,0.10779999941587448,0.46160000562667847,0.138812854886055,0.07248864322900772,0.05000000074505806,0.12520000338554382,0.5468000173568726,0.17064420878887177,0.07849128544330597,0.05860000103712082,0.15860000252723694,0.6000000238418579,0.18888133764266968,0.08166671544313431,0.07590000331401825,0.1746000051498413,0.6222000122070312,0.16883623600006104,0.08363962173461914,0.05810000002384186,0.15309999883174896,0.6121000051498413
393,GeoVision_Delhi_tile_149.tif,Delhi,65536,5685,0.0867462158203125,0.16340358555316925,0.05580976605415344,0.0593833327293396,0.1521071344614029,0.45385000109672546,0.20360666513442993,0.05720862001180649,0.0884857103228569,0.19470000267028809,0.510200023651123,0.23953139781951904,0.058701373636722565,0.10094000399112701,0.2372249960899353,0.5214333534240723,0.27480679750442505,0.049544285982847214,0.11460000276565552,0.27720001339912415,0.5184166431427002,0.32258859276771545,0.052944350987672806,0.14970000088214874,0.32885000109672546,0.5684833526611328,0.31214404106140137,0.05781785026192665,0.1432500034570694,0.3186500072479248,0.5505924820899963
394,GeoVision_Kolkata_tile_108.tif,Kolkata,65536,64,0.0009765625,0.06877003610134125,0.03259095922112465,0.034587498754262924,0.05392000079154968,0.14868000149726868,0.08145353943109512,0.038125645369291306,0.04091666638851166,0.060999996960163116,0.17623333632946014,0.08578292280435562,0.049634963274002075,0.040442854166030884,0.05674999952316284,0.19499999284744263,0.11385291814804077,0.06876403838396072,0.03994999825954437,0.0982000008225441,0.2418999969959259,0.1268572360277176,0.07026276737451553,0.037128571420907974,0.11954999715089798,0.23506668210029602,0.10404451191425323,0.06736290454864502,0.023800000548362732,0.09934523701667786,0.21032500267028809
395,GeoVision_Kolkata_tile_157.tif,Kolkata,65536,67,0.0010223388671875,0.06736326962709427,0.014202539809048176,0.04019999876618385,0.06620000302791595,0.10840000212192535,0.08046244829893112,0.015900058671832085,0.050200000405311584,0.08205000311136246,0.125,0.08176160603761673,0.02225581929087639,0.04532499983906746,0.07980000227689743,0.14659999310970306,0.10213395208120346,0.033078279346227646,0.049219999462366104,0.10580000281333923,0.18485000729560852,0.11394937336444855,0.025629960000514984,0.06310000270605087,0.11356665939092636,0.1751599907875061,0.09303376823663712,0.02783397026360035,0.04259999841451645,0.09245000034570694,0.16329999268054962
396,GeoVision_Delhi_tile_134.tif,Delhi,65536,324,0.00494384765625,0.1338617354631424,0.021100029349327087,0.07800000160932541,0.1342500001192093,0.18400000035762787,0.1593935191631317,0.023443078622221947,0.0961500033736229,0.1610499918460846,0.21250000596046448,0.18370215594768524,0.02880602702498436,0.10360000282526016,0.1855500042438507,0.24950000643730164,0.23592498898506165,0.035432953387498856,0.12809999287128448,0.2430500090122223,0.3382999897003174,0.24448144435882568,0.03346030041575432,0.14560000598430634,0.24819999933242798,0.3327000141143799,0.2158910483121872,0.030860552564263344,0.11540000140666962,0.21895000338554382,0.3073999881744385
397,GeoVision_Ahmedabad_tile_154.tif,Ahmedabad,65536,2025,0.0308990478515625,0.13206826150417328,0.035778652876615524,0.02290000021457672,0.12720000743865967,0.3707999885082245,0.16844633221626282,0.040158711373806,0.03060833364725113,0.16459999978542328,0.39399999380111694,0.2062189280986786,0.04905996844172478,0.020511111244559288,0.205003559589386,0.4433000087738037,0.2590081989765167,0.0565325990319252,0.02914999984204769,0.2612333297729492,0.4704500138759613,0.304520845413208,0.05618525668978691,0.042733334004879,0.30717501044273376,0.44609999656677246,0.28757596015930176,0.056044600903987885,0.029266664758324623,0.29098331928253174,0.42160001397132874
398,GeoVision_Delhi_tile_74.tif,Delhi,65536,244,0.00372314453125,0.09272664040327072,0.03218437731266022,0.030799999833106995,0.09367500245571136,0.2046000063419342,0.12466536462306976,0.04456978291273117,0.04600000008940697,0.12334999442100525,0.2752000093460083,0.14107009768486023,0.06277576088905334,0.03750000149011612,0.14149999618530273,0.33390000462532043,0.18363752961158752,0.08045047521591187,0.04520000144839287,0.19374999403953552,0.4004000127315521,0.2201397716999054,0.0784449651837349,0.047200001776218414,0.2287999987602234,0.42289999127388,0.18700429797172546,0.07191526144742966,0.032600000500679016,0.2000499963760376,0.3779999911785126
399,GeoVision_Bengaluru_tile_93.tif,Bengaluru,65536,112,0.001708984375,0.11784776300191879,0.023889901116490364,0.061900001019239426,0.11190000176429749,0.20890000462532043,0.16165223717689514,0.027533680200576782,0.07594999670982361,0.1565999984741211,0.24089999496936798,0.2146357297897339,0.0416044257581234,0.07639999687671661,0.21787500381469727,0.32010000944137573,0.27543124556541443,0.04976409673690796,0.11694999784231186,0.28347498178482056,0.37619999051094055,0.33729198575019836,0.061465416103601456,0.14614999294281006,0.35864999890327454,0.44179999828338623,0.29764461517333984,0.05185778811573982,0.12219999730587006,0.3100999891757965,0.4334999918937683
400,GeoVision_Mumbai_tile_7.tif,Mumbai,65536,0,0.0,,,,,,,,,,,,,,,,,,,,,,,,,,,,,,
401,GeoVision_Mumbai_tile_47.tif,Mumbai,65536,667,0.0101776123046875,0.08570785820484161,0.018131403252482414,0.051350001245737076,0.08524999767541885,0.16359999775886536,0.10625889152288437,0.02152225933969021,0.06750000268220901,0.10580000281333923,0.1868000030517578,0.12076404690742493,0.03055272437632084,0.057750001549720764,0.12269999831914902,0.21050000190734863,0.160477876663208,0.025518182665109634,0.07609999924898148,0.1599999964237213,0.2653000056743622,0.1735236942768097,0.03480016440153122,0.09274999797344208,0.17955000698566437,0.2628999948501587,0.14895716309547424,0.04260360822081566,0.059050001204013824,0.15565000474452972,0.25429999828338623
402,GeoVision_Ahmedabad_tile_159.tif,Ahmedabad,65536,109,0.0016632080078125,0.06938464194536209,0.026200497522950172,0.03591666743159294,0.06350625306367874,0.15039999783039093,0.11473651230335236,0.030854513868689537,0.06544999778270721,0.11106666177511215,0.2011999934911728,0.09813924878835678,0.0532381534576416,0.042899999767541885,0.0775500014424324,0.2572999894618988,0.10986980050802231,0.08073136955499649,0.03400000184774399,0.07752499729394913,0.33009999990463257,0.14220088720321655,0.08666328340768814,0.04405000060796738,0.11137499660253525,0.37825000286102295,0.11182789504528046,0.07629939913749695,0.031550001353025436,0.08150000125169754,0.3244999945163727
403,GeoVision_Mumbai_tile_43.tif,Mumbai,65536,0,0.0,,,,,,,,,,,,,,,,,,,,,,,,,,,,,,
404,GeoVision_Hyderabad_tile_96.tif,Hyderabad,65536,53,0.0008087158203125,0.13480086624622345,0.011370032094419003,0.09814999997615814,0.13699999451637268,0.1581999957561493,0.18847805261611938,0.019151940941810608,0.1303333342075348,0.19599999487400055,0.21439999341964722,0.2522050142288208,0.03611113876104355,0.14569999277591705,0.2667999863624573,0.29170000553131104,0.31813177466392517,0.041608959436416626,0.1929333359003067,0.33000001311302185,0.36160001158714294,0.4031875431537628,0.06168200075626373,0.2531000077724457,0.41874998807907104,0.47760000824928284,0.3749370872974396,0.06478186696767807,0.21729999780654907,0.38350000977516174,0.46373334527015686
405,GeoVision_Delhi_tile_73.tif,Delhi,65536,13,0.0001983642578125,0.09381154179573059,0.01755223236978054,0.05469999834895134,0.09584999829530716,0.12280000001192093,0.12774613499641418,0.02517576888203621,0.07779999822378159,0.12280000001192093,0.16740000247955322,0.155676931142807,0.04003633186221123,0.08739999681711197,0.14380000531673431,0.23350000381469727,0.21726921200752258,0.04481883347034454,0.16619999706745148,0.18799999356269836,0.29554998874664307,0.27283844351768494,0.05912879481911659,0.20579999685287476,0.22769999504089355,0.35304999351501465,0.24387311935424805,0.047159623354673386,0.18690000474452972,0.21459999680519104,0.31325000524520874
406,GeoVision_Hyderabad_tile_2.tif,Hyderabad,65536,108,0.00164794921875,0.11097663640975952,0.03329974785447121,0.05860000103712082,0.11196666955947876,0.20999999344348907,0.14937005937099457,0.03768307715654373,0.07487499713897705,0.15613999962806702,0.23186667263507843,0.1882408708333969,0.061290446668863297,0.06279999762773514,0.2037000060081482,0.29980000853538513,0.24991105496883392,0.0905737355351448,0.0465799979865551,0.2807333469390869,0.3725999891757965,0.3010995090007782,0.10877960175275803,0.04592857137322426,0.3336249887943268,0.42750000953674316,0.25895819067955017,0.10268741846084595,0.035100001841783524,0.2849999964237213,0.4151666462421417
407,GeoVision_Kolkata_tile_89.tif,Kolkata,65536,36,0.00054931640625,0.06975555419921875,0.014480206184089184,0.04430000111460686,0.06864999979734421,0.12160000205039978,0.09551388770341873,0.014014002867043018,0.07360000163316727,0.09189999848604202,0.14499999582767487,0.08565278351306915,0.02095351368188858,0.06480000168085098,0.0804000049829483,0.1632000058889389,0.1086583286523819,0.04875292256474495,0.06620000302791595,0.09375,0.29429998993873596,0.09115000069141388,0.05619751662015915,0.0333000011742115,0.07930000126361847,0.26809999346733093,0.06920833885669708,0.04709671810269356,0.02250000089406967,0.05939999967813492,0.22290000319480896
408,GeoVision_Chennai_tile_20.tif,Chennai,65536,1896,0.0289306640625,0.16011111438274384,0.04964125528931618,0.037700001150369644,0.1518000066280365,0.32280001044273376,0.2018437385559082,0.05417497828602791,0.04740000143647194,0.19329999387264252,0.37040001153945923,0.2317865490913391,0.056950051337480545,0.03620000183582306,0.2296999990940094,0.3898000121116638,0.259284645318985,0.05171330273151398,0.0421999990940094,0.26179999113082886,0.3840000033378601,0.3125038743019104,0.05673111602663994,0.04129999876022339,0.3199000060558319,0.4404500126838684,0.29420480132102966,0.06428519636392593,0.02655000053346157,0.3013499975204468,0.4346500039100647
409,GeoVision_Bengaluru_tile_6.tif,Bengaluru,65536,759,0.0115814208984375,0.14632998406887054,0.05844314396381378,0.032349999994039536,0.14149999618530273,0.46459999680519104,0.19193194806575775,0.06203698739409447,0.04190000146627426,0.18809999525547028,0.5149999856948853,0.2317536175251007,0.06944355368614197,0.04194999858736992,0.22179999947547913,0.5131999850273132,0.29070836305618286,0.0683668926358223,0.05000000074505806,0.28349998593330383,0.5012000203132629,0.34786057472229004,0.07965695858001709,0.09350000321865082,0.3495999872684479,0.501800000667572,0.30132660269737244,0.07188814878463745,0.08444999903440475,0.2971000075340271,0.4625000059604645
410,GeoVision_Hyderabad_tile_67.tif,Hyderabad,65536,279,0.0042572021484375,0.14424969255924225,0.028061730787158012,0.0568000003695488,0.14100000262260437,0.28360000252723694,0.18189072608947754,0.03368770331144333,0.06826666742563248,0.17900000512599945,0.32600000500679016,0.22671639919281006,0.047426991164684296,0.06907500326633453,0.23149999976158142,0.35386666655540466,0.27847906947135925,0.04878417029976845,0.1315000057220459,0.29159998893737793,0.3675999939441681,0.3374701142311096,0.06316769868135452,0.14990000426769257,0.34130001068115234,0.4690999984741211,0.3171822726726532,0.06260231137275696,0.12300000339746475,0.3158000111579895,0.4530999958515167
411,GeoVision_Chennai_tile_8.tif,Chennai,65536,403,0.0061492919921875,0.1205645203590393,0.0378570631146431,0.07020000368356705,0.11860000342130661,0.28940001130104065,0.14948411285877228,0.03817103058099747,0.07660000026226044,0.14399999380111694,0.33640000224113464,0.16845731437206268,0.05009933188557625,0.06620000302791595,0.1720000058412552,0.3330000042915344,0.21409107744693756,0.06892013549804688,0.05889999866485596,0.2305999994277954,0.3864000141620636,0.2555611729621887,0.08753833174705505,0.046799998730421066,0.2745000123977661,0.5145999789237976,0.2167963981628418,0.08721107244491577,0.032600000500679016,0.2282000035047531,0.5040000081062317
412,GeoVision_Kolkata_tile_119.tif,Kolkata,65536,95,0.0014495849609375,0.09785392880439758,0.0468687079846859,0.03889999911189079,0.10010000318288803,0.29440000653266907,0.12249516695737839,0.049785979092121124,0.043800000101327896,0.12999999523162842,0.3431999981403351,0.1268034130334854,0.06086590886116028,0.044199999421834946,0.1371999979019165,0.35440000891685486,0.16280105710029602,0.08053800463676453,0.05420000106096268,0.1868000030517578,0.3840000033378601,0.1752178966999054,0.0986776277422905,0.031599998474121094,0.22679999470710754,0.38830000162124634,0.14853304624557495,0.09297608584165573,0.02160000056028366,0.19990000128746033,0.35010001063346863
413,GeoVision_Bengaluru_tile_100.tif,Bengaluru,65536,403,0.0061492919921875,0.13611215353012085,0.027795663103461266,0.05689999833703041,0.13619999587535858,0.22059999406337738,0.1834641396999359,0.03383239358663559,0.06705000251531601,0.1868000030517578,0.2754000127315521,0.23160222172737122,0.049945149570703506,0.06825000047683716,0.2305999994277954,0.3431999981403351,0.28806689381599426,0.059650395065546036,0.08865000307559967,0.28929999470710754,0.4259999990463257,0.35498130321502686,0.0718662440776825,0.17820000648498535,0.35135000944137573,0.4924499988555908,0.3178037106990814,0.06642155349254608,0.1561499983072281,0.3090499937534332,0.5279499888420105
414,GeoVision_Chennai_tile_86.tif,Chennai,65536,276,0.00421142578125,0.1319614052772522,0.043944865465164185,0.0694499984383583,0.12325000017881393,0.39660000801086426,0.15908479690551758,0.04451962560415268,0.08760000020265579,0.14945000410079956,0.4447999894618988,0.17965543270111084,0.04768521338701248,0.08959999680519104,0.16694998741149902,0.46160000562667847,0.2307235449552536,0.04372250288724899,0.16380000114440918,0.2223999947309494,0.46860000491142273,0.2767742872238159,0.057659365236759186,0.1914999932050705,0.2646999955177307,0.5645999908447266,0.25254982709884644,0.06664358079433441,0.13574999570846558,0.23634999990463257,0.5552999973297119
415,GeoVision_Mumbai_tile_148.tif,Mumbai,65536,0,0.0,,,,,,,,,,,,,,,,,,,,,,,,,,,,,,
416,GeoVision_Hyderabad_tile_156.tif,Hyderabad,65536,245,0.0037384033203125,0.14573298394680023,0.0442207008600235,0.06449999660253525,0.13920000195503235,0.30149999260902405,0.17747847735881805,0.048191137611866,0.0812000036239624,0.1737000048160553,0.3479999899864197,0.21537898480892181,0.05536368489265442,0.08900000154972076,0.22120000422000885,0.3871999979019165,0.2656932771205902,0.04930468276143074,0.12836000323295593,0.27549999952316284,0.3873000144958496,0.32032349705696106,0.06351929903030396,0.15903334319591522,0.33329999446868896,0.4856500029563904,0.2945617735385895,0.06626253575086594,0.13955000042915344,0.3048666715621948,0.4804333448410034
417,GeoVision_Kolkata_tile_138.tif,Kolkata,65536,691,0.0105438232421875,0.12520217895507812,0.05347473919391632,0.040699999779462814,0.11236666142940521,0.3352000117301941,0.1483728438615799,0.056980978697538376,0.05299999937415123,0.13840000331401825,0.37040001153945923,0.16479119658470154,0.06111157685518265,0.046133335679769516,0.15800000727176666,0.3880000114440918,0.1934845745563507,0.06457474827766418,0.05009999871253967,0.19200000166893005,0.3865000009536743,0.2261754423379898,0.07307326048612595,0.03977999836206436,0.22619999945163727,0.40070000290870667,0.21001538634300232,0.07845040410757065,0.026474999263882637,0.21334999799728394,0.42754998803138733
418,GeoVision_Hyderabad_tile_108.tif,Hyderabad,65536,2139,0.0326385498046875,0.13364581763744354,0.03755112364888191,0.03139999881386757,0.13680000603199005,0.2632000148296356,0.16657601296901703,0.04497144743800163,0.03539999946951866,0.17239999771118164,0.30489999055862427,0.19850629568099976,0.06045684963464737,0.029600000008940697,0.20943999290466309,0.3240000009536743,0.24442115426063538,0.07254699617624283,0.03200000151991844,0.2621999979019165,0.4016000032424927,0.30399829149246216,0.09910020232200623,0.027300000190734863,0.33160001039505005,0.43880000710487366,0.2731570601463318,0.09176536649465561,0.02067333459854126,0.298799991607666,0.4099000096321106
419,GeoVision_Kolkata_tile_33.tif,Kolkata,65536,12,0.00018310546875,0.10426666587591171,0.05663001164793968,0.043699998408555984,0.08990000188350677,0.24959999322891235,0.12630832195281982,0.0624898262321949,0.058400001376867294,0.10840000212192535,0.27559998631477356,0.1346583366394043,0.06716495007276535,0.05169999971985817,0.1193000003695488,0.290800005197525,0.1838749796152115,0.07352282106876373,0.06639999896287918,0.1678999960422516,0.3172000050544739,0.1894250065088272,0.04960373416543007,0.10490000247955322,0.19110000133514404,0.2734000086784363,0.15815000236034393,0.05371848866343498,0.07490000128746033,0.15549999475479126,0.2556000053882599
420,GeoVision_Bengaluru_tile_74.tif,Bengaluru,65536,366,0.005584716796875,0.15538360178470612,0.04469094052910805,0.042399998754262924,0.15834999084472656,0.288100004196167,0.1966087520122528,0.04708963260054588,0.052400000393390656,0.20000000298023224,0.3312000036239624,0.2323942482471466,0.04881798475980759,0.058400001376867294,0.2365500032901764,0.37424999475479126,0.27227023243904114,0.05100998654961586,0.07495000213384628,0.27597498893737793,0.3877499997615814,0.3481631278991699,0.060734983533620834,0.11474999785423279,0.3635999858379364,0.5109500288963318,0.3325583040714264,0.06462044268846512,0.09780000150203705,0.35965001583099365,0.4507499933242798
421,GeoVision_Jaipur_tile_135.tif,Jaipur,65536,84,0.00128173828125,0.1558922529220581,0.03482690826058388,0.06714999675750732,0.15700000524520874,0.22200000286102295,0.198873832821846,0.03314763680100441,0.10320000350475311,0.20645000040531158,0.26420000195503235,0.2418726235628128,0.03858773037791252,0.1006999984383583,0.2457749992609024,0.3179500102996826,0.31756195425987244,0.04651879519224167,0.10220000147819519,0.3197999894618988,0.38040000200271606,0.3607422411441803,0.05005668103694916,0.19760000705718994,0.36594998836517334,0.47165000438690186,0.3101482093334198,0.06282010674476624,0.16820000112056732,0.31404998898506165,0.45704999566078186
422,GeoVision_Bengaluru_tile_171.tif,Bengaluru,65536,20,0.00030517578125,0.22596502304077148,0.07169416546821594,0.07370000332593918,0.24400000274181366,0.36329999566078186,0.26175498962402344,0.0763167291879654,0.11890000104904175,0.26774999499320984,0.41040000319480896,0.28084999322891235,0.06900135427713394,0.17509999871253967,0.2732750177383423,0.42719998955726624,0.3244849741458893,0.044334858655929565,0.24469999969005585,0.3276999890804291,0.40834999084472656,0.340039998292923,0.03351878747344017,0.29589998722076416,0.3181750178337097,0.3953000009059906,0.279277503490448,0.04750984534621239,0.21539999544620514,0.26045000553131104,0.3555999994277954
423,GeoVision_Hyderabad_tile_36.tif,Hyderabad,65536,2386,0.036407470703125,0.11854758113622665,0.04939316213130951,0.0400666669011116,0.12631666660308838,0.3885999917984009,0.15102674067020416,0.05875582993030548,0.04723750054836273,0.16680000722408295,0.41946664452552795,0.17955133318901062,0.08438070863485336,0.03397500142455101,0.20774999260902405,0.4196000099182129,0.22820471227169037,0.1076166182756424,0.029400000348687172,0.2709749937057495,0.4653500020503998,0.28734079003334045,0.14386534690856934,0.023399999365210533,0.34665000438690186,0.5300999879837036,0.24857085943222046,0.1294911950826645,0.01850000023841858,0.3018999993801117,0.5446000099182129
424,GeoVision_Jaipur_tile_51.tif,Jaipur,65536,1110,0.016937255859375,0.1341179609298706,0.03510139137506485,0.049550000578165054,0.12935000658035278,0.37380000948905945,0.17486126720905304,0.037579961121082306,0.05739999935030937,0.17225000262260437,0.41600000858306885,0.2091139703989029,0.044054217636585236,0.05829999968409538,0.21105000376701355,0.4087499976158142,0.2730232775211334,0.053461704403162,0.07074999809265137,0.28027498722076416,0.40244999527931213,0.3086546063423157,0.06023067981004715,0.07370000332593918,0.31747502088546753,0.4587000012397766,0.2758781611919403,0.05903986841440201,0.05544999986886978,0.2826499938964844,0.44780001044273376
425,GeoVision_Ahmedabad_tile_151.tif,Ahmedabad,65536,937,0.0142974853515625,0.13166098296642303,0.04324730485677719,0.04543333500623703,0.11971428245306015,0.31279999017715454,0.16379930078983307,0.04498784989118576,0.06024999916553497,0.15626665949821472,0.3639500141143799,0.19724364578723907,0.05113602802157402,0.0706000030040741,0.19210000336170197,0.4053666889667511,0.24796265363693237,0.05619543790817261,0.07864999771118164,0.24619999527931213,0.4557499885559082,0.280132919549942,0.05483769252896309,0.13660000264644623,0.2820200026035309,0.4090999960899353,0.258533775806427,0.05630537122488022,0.10745000094175339,0.25593331456184387,0.38556668162345886
426,GeoVision_Chennai_tile_42.tif,Chennai,65536,1889,0.0288238525390625,0.14721883833408356,0.04059486463665962,0.0568000003695488,0.14319999516010284,0.3564000129699707,0.17860841751098633,0.041919298470020294,0.06419999897480011,0.17599999904632568,0.3977999985218048,0.1947910040616989,0.04769788682460785,0.05139999836683273,0.1964000016450882,0.4375999867916107,0.24481698870658875,0.0555306002497673,0.06419999897480011,0.24799999594688416,0.4796000123023987,0.2807343304157257,0.06393539905548096,0.04910000041127205,0.2831999957561493,0.4797999858856201,0.24738739430904388,0.06384870409965515,0.04089999943971634,0.24959999322891235,0.42559999227523804
427,GeoVision_Delhi_tile_127.tif,Delhi,65536,232,0.0035400390625,0.13312433660030365,0.034268759191036224,0.05485999584197998,0.12697333097457886,0.2581999897956848,0.16661904752254486,0.035852011293172836,0.06960000097751617,0.16452999413013458,0.3041999936103821,0.19549691677093506,0.038728635758161545,0.08608125150203705,0.19825834035873413,0.31406667828559875,0.251939058303833,0.04113961011171341,0.08974999934434891,0.25685834884643555,0.3722499907016754,0.27465271949768066,0.042200151830911636,0.09160000085830688,0.2754800021648407,0.3677833378314972,0.23951873183250427,0.044807881116867065,0.07551667094230652,0.2349500060081482,0.3413250148296356
428,GeoVision_Mumbai_tile_10.tif,Mumbai,65536,499,0.0076141357421875,0.11045180261135101,0.01577240414917469,0.06515000015497208,0.1096000000834465,0.1704999953508377,0.13324177265167236,0.01853104867041111,0.08290000259876251,0.1340000033378601,0.20389999449253082,0.15369068086147308,0.02391718327999115,0.08214999735355377,0.15690000355243683,0.26010000705718994,0.18195611238479614,0.026582172140479088,0.09830000251531601,0.1858000010251999,0.3249000012874603,0.19955359399318695,0.02818763628602028,0.1054999977350235,0.20184999704360962,0.2551499903202057,0.17285722494125366,0.030339539051055908,0.07855000346899033,0.17235000431537628,0.23765000700950623
429,GeoVision_Jaipur_tile_22.tif,Jaipur,65536,61,0.0009307861328125,0.1270180344581604,0.03354260325431824,0.060499999672174454,0.12020000070333481,0.24459999799728394,0.16856065392494202,0.03589574247598648,0.08659999817609787,0.1607999950647354,0.28540000319480896,0.2126983404159546,0.04387789964675903,0.08009999990463257,0.210099995136261,0.33399999141693115,0.28203606605529785,0.05393129214644432,0.10400000214576721,0.2818000018596649,0.38960000872612,0.35162124037742615,0.05961848050355911,0.17589999735355377,0.3668999969959259,0.43149998784065247,0.3206098675727844,0.06162578612565994,0.14020000398159027,0.33480000495910645,0.4120999872684479
430,GeoVision_Jaipur_tile_25.tif,Jaipur,65536,291,0.0044403076171875,0.14152716100215912,0.03638014942407608,0.0860000029206276,0.12999999523162842,0.2565999925136566,0.1872030794620514,0.03506648913025856,0.11299999803304672,0.17839999496936798,0.2897999882698059,0.2345433235168457,0.03381577134132385,0.12099999934434891,0.2309499979019165,0.3328000009059906,0.31183743476867676,0.03099413588643074,0.1777999997138977,0.3131999969482422,0.3991999924182892,0.3852840065956116,0.03173753246665001,0.29019999504089355,0.38839998841285706,0.46950000524520874,0.3514888286590576,0.03652438148856163,0.2280000001192093,0.3553999960422516,0.45739999413490295
431,GeoVision_Ahmedabad_tile_114.tif,Ahmedabad,65536,729,0.0111236572265625,0.13214164972305298,0.03716199845075607,0.03754999861121178,0.1298999935388565,0.35958001017570496,0.16719718277454376,0.04252415895462036,0.0523499995470047,0.16760000586509705,0.4088999927043915,0.20212823152542114,0.05362788587808609,0.03983636572957039,0.20479999482631683,0.43904998898506165,0.2617346942424774,0.06178034842014313,0.06440000236034393,0.27160000801086426,0.46299999952316284,0.2879985272884369,0.06728429347276688,0.06610000133514404,0.2879500091075897,0.4218499958515167,0.2609272003173828,0.06683958321809769,0.050039999186992645,0.26295000314712524,0.4061833322048187
432,GeoVision_Hyderabad_tile_33.tif,Hyderabad,65536,3339,0.0509490966796875,0.12641043961048126,0.04510737210512161,0.04365000128746033,0.12955999374389648,0.2854999899864197,0.1583109349012375,0.052483510226011276,0.05460000038146973,0.16840000450611115,0.31520000100135803,0.18865405023097992,0.07183603197336197,0.0430000014603138,0.20720000565052032,0.3571999967098236,0.22830455005168915,0.08955757319927216,0.03959999978542328,0.259799987077713,0.39864999055862427,0.2870098650455475,0.1135200783610344,0.03139999881386757,0.3253999948501587,0.44716665148735046,0.25753116607666016,0.10940780490636826,0.021900000050663948,0.29159998893737793,0.4553000032901764
433,GeoVision_Delhi_tile_101.tif,Delhi,65536,109,0.0016632080078125,0.10774771124124527,0.023501183837652206,0.04450000077486038,0.10779999941587448,0.15800000727176666,0.13970091938972473,0.027506466954946518,0.061400000005960464,0.13500000536441803,0.19220000505447388,0.15804220736026764,0.037052661180496216,0.0544000007212162,0.14980000257492065,0.23420000076293945,0.21196328103542328,0.04984959214925766,0.06769999861717224,0.2003999948501587,0.3068000078201294,0.24715502560138702,0.05608546361327171,0.07999999821186066,0.24240000545978546,0.3402999937534332,0.2145073562860489,0.05450395494699478,0.060600001364946365,0.21220000088214874,0.32019999623298645
434,GeoVision_Mumbai_tile_129.tif,Mumbai,65536,0,0.0,,,,,,,,,,,,,,,,,,,,,,,,,,,,,,
435,GeoVision_Bengaluru_tile_119.tif,Bengaluru,65536,993,0.0151519775390625,0.17797987163066864,0.07512062042951584,0.05034999921917915,0.1665000021457672,0.5127999782562256,0.2231556922197342,0.0721670389175415,0.06840000301599503,0.21400000154972076,0.5231999754905701,0.2819537818431854,0.0814162939786911,0.07985000312328339,0.25885000824928284,0.527999997138977,0.3306126296520233,0.07669652998447418,0.1216999962925911,0.31474998593330383,0.5424500107765198,0.4026736915111542,0.10876933485269547,0.17270000278949738,0.3725999891757965,0.672249972820282,0.3310750424861908,0.06688974052667618,0.15029999613761902,0.3237000107765198,0.7034500241279602
436,GeoVision_Bengaluru_tile_77.tif,Bengaluru,65536,865,0.0131988525390625,0.14206375181674957,0.049372922629117966,0.044599998742341995,0.13770000636577606,0.34139999747276306,0.1861521452665329,0.049698010087013245,0.06904999911785126,0.18150000274181366,0.38100001215934753,0.23210981488227844,0.05857140198349953,0.06904999911785126,0.23010000586509705,0.3955000042915344,0.27525532245635986,0.06393416225910187,0.09350000321865082,0.2778500020503998,0.45509999990463257,0.3397429883480072,0.0779813751578331,0.16955000162124634,0.3287000060081482,0.5648499727249146,0.2917037904262543,0.06873418390750885,0.13384999334812164,0.2874000072479248,0.542900025844574
437,GeoVision_Delhi_tile_112.tif,Delhi,65536,194,0.002960205078125,0.13631005585193634,0.010223586112260818,0.09205000102519989,0.1367500126361847,0.16304999589920044,0.19153916835784912,0.017010707408189774,0.11550000309944153,0.1965000033378601,0.21850000321865082,0.2518257796764374,0.030480284243822098,0.1315000057220459,0.2598249912261963,0.2939999997615814,0.330399751663208,0.029950132593512535,0.16349999606609344,0.33892500400543213,0.36285001039505005,0.3744644224643707,0.043604858219623566,0.18359999358654022,0.38405001163482666,0.423550009727478,0.34904715418815613,0.04956469312310219,0.15835000574588776,0.35725000500679016,0.4113500118255615
438,GeoVision_Hyderabad_tile_103.tif,Hyderabad,65536,932,0.01422119140625,0.139078289270401,0.04610717296600342,0.040381819009780884,0.14145714044570923,0.2565999925136566,0.16949133574962616,0.04967701807618141,0.05964444577693939,0.17319999635219574,0.28404000401496887,0.2005957067012787,0.06233469396829605,0.0417928546667099,0.2160000056028366,0.317466676235199,0.24773982167243958,0.0774846225976944,0.03220000118017197,0.26714998483657837,0.3709999918937683,0.2964566946029663,0.09987720102071762,0.030899999663233757,0.3303000032901764,0.4465999901294708,0.25894251465797424,0.09201885759830475,0.02290000021457672,0.2847000062465668,0.4106000065803528
439,GeoVision_Delhi_tile_80.tif,Delhi,65536,359,0.0054779052734375,0.1254473477602005,0.03800531476736069,0.03819999843835831,0.12399999797344208,0.27059999108314514,0.15922507643699646,0.038968928158283234,0.05339999869465828,0.1687999963760376,0.3027999997138977,0.17697827517986298,0.0516745001077652,0.048700001090765,0.17759999632835388,0.32519999146461487,0.23235125839710236,0.06723601371049881,0.06319999694824219,0.22470000386238098,0.37610000371932983,0.25609999895095825,0.0815872997045517,0.058800000697374344,0.25619998574256897,0.3896999955177307,0.21755793690681458,0.08503326773643494,0.04580000042915344,0.21529999375343323,0.36910000443458557
440,GeoVision_Jaipur_tile_76.tif,Jaipur,65536,1161,0.0177154541015625,0.14906170964241028,0.03548526391386986,0.04515000060200691,0.1387999951839447,0.3176000118255615,0.19820727407932281,0.0307743102312088,0.06960000097751617,0.19660000503063202,0.3125999867916107,0.2509986460208893,0.03304873779416084,0.0710500031709671,0.2540999948978424,0.326449990272522,0.328533411026001,0.03519391641020775,0.0828000009059906,0.33390000462532043,0.39899998903274536,0.39346033334732056,0.037118688225746155,0.2045000046491623,0.39754998683929443,0.4925000071525574,0.36456429958343506,0.039870500564575195,0.17794999480247498,0.36695000529289246,0.4756999909877777
441,GeoVision_Ahmedabad_tile_87.tif,Ahmedabad,65536,3231,0.0493011474609375,0.1368010938167572,0.0366147942841053,0.0625,0.12986665964126587,0.3499999940395355,0.17188911139965057,0.0394030399620533,0.06960000097751617,0.1653600037097931,0.4000000059604645,0.21131768822669983,0.04522192105650902,0.0872500017285347,0.20720000565052032,0.42989999055862427,0.2657667398452759,0.050876930356025696,0.11389999836683273,0.2671250104904175,0.4896000027656555,0.30887120962142944,0.05224481597542763,0.06759999692440033,0.3081666827201843,0.48454999923706055,0.2846274673938751,0.05243459716439247,0.0507499985396862,0.2854500114917755,0.4689750075340271
442,GeoVision_Hyderabad_tile_24.tif,Hyderabad,65536,1410,0.021514892578125,0.12476294487714767,0.034475166350603104,0.039500001817941666,0.13500000536441803,0.20980000495910645,0.16297022998332977,0.04301390424370766,0.047200001776218414,0.17483332753181458,0.24160000681877136,0.2052798867225647,0.06493411958217621,0.04010000079870224,0.22499999403953552,0.31040000915527344,0.259528249502182,0.0848487839102745,0.035599999129772186,0.28421664237976074,0.38280001282691956,0.31431713700294495,0.10436275601387024,0.02710000053048134,0.3409000039100647,0.4551999866962433,0.2707003951072693,0.09401098638772964,0.01726153865456581,0.29190000891685486,0.4027499854564667
443,GeoVision_Delhi_tile_133.tif,Delhi,65536,225,0.0034332275390625,0.11676134169101715,0.016850601881742477,0.058400001376867294,0.11550000309944153,0.17110000550746918,0.1563444584608078,0.01888594590127468,0.07400000095367432,0.15919999778270721,0.1988999992609024,0.19604554772377014,0.030809707939624786,0.08760000020265579,0.20489999651908875,0.25540000200271606,0.2428991198539734,0.04029781371355057,0.10899999737739563,0.24379999935626984,0.3391000032424927,0.27159976959228516,0.052438538521528244,0.12404999881982803,0.2835499942302704,0.39149999618530273,0.2492297738790512,0.05053950846195221,0.10400000214576721,0.2621000111103058,0.3703500032424927
444,GeoVision_Hyderabad_tile_110.tif,Hyderabad,65536,246,0.003753662109375,0.09643171727657318,0.03846525028347969,0.03519999980926514,0.10909999907016754,0.19626666605472565,0.1149352639913559,0.04734080657362938,0.03970000147819519,0.1262499988079071,0.22945000231266022,0.13220790028572083,0.06688114255666733,0.0298250000923872,0.14965000748634338,0.2680000066757202,0.16797517240047455,0.08726966381072998,0.03480000048875809,0.1836833357810974,0.33160001039505005,0.2066308557987213,0.10610754787921906,0.027499999850988388,0.23229999840259552,0.40720000863075256,0.18390391767024994,0.10009172558784485,0.019999999552965164,0.21580000221729279,0.3765999972820282
445,GeoVision_Hyderabad_tile_27.tif,Hyderabad,65536,587,0.0089569091796875,0.13490453362464905,0.039826687425374985,0.032499998807907104,0.12600000202655792,0.3086000084877014,0.16588687896728516,0.041449084877967834,0.03880000114440918,0.1581999957561493,0.35040000081062317,0.19926142692565918,0.043567609041929245,0.03150000050663948,0.19593334197998047,0.376800000667572,0.2546641230583191,0.045172445476055145,0.02800000086426735,0.2574000060558319,0.44999998807907104,0.30982330441474915,0.04744353145360947,0.03790000081062317,0.31119999289512634,0.42989999055862427,0.2739706039428711,0.04960550740361214,0.027000000700354576,0.27223333716392517,0.44269999861717224
446,GeoVision_Kolkata_tile_154.tif,Kolkata,65536,294,0.004486083984375,0.06266777962446213,0.02543746680021286,0.03500000014901161,0.05432499945163727,0.16220000386238098,0.07581330835819244,0.029745852574706078,0.04287499934434891,0.0655333399772644,0.18479999899864197,0.076358862221241,0.038496386259794235,0.039160002022981644,0.06724375486373901,0.2084333300590515,0.09802727401256561,0.05456925556063652,0.04312000051140785,0.08487500250339508,0.26864999532699585,0.11324754357337952,0.05679962784051895,0.02979999966919422,0.11088889092206955,0.27219998836517334,0.09345157444477081,0.05527392029762268,0.020563635975122452,0.0841333344578743,0.25529998540878296
447,GeoVision_Ahmedabad_tile_89.tif,Ahmedabad,65536,797,0.0121612548828125,0.1313978135585785,0.03473977744579315,0.04647500067949295,0.1316000074148178,0.2773999869823456,0.1654365211725235,0.03954562544822693,0.06453333050012589,0.16580000519752502,0.32899999618530273,0.19634680449962616,0.05046424642205238,0.06137499958276749,0.20126666128635406,0.3668000102043152,0.25235894322395325,0.058257754892110825,0.0718083307147026,0.2601499855518341,0.4004000127315521,0.2926783859729767,0.06377909332513809,0.055424999445676804,0.31189998984336853,0.3807699978351593,0.27320733666419983,0.06549998372793198,0.040049999952316284,0.2944999933242798,0.35545000433921814
448,GeoVision_Mumbai_tile_64.tif,Mumbai,65536,89,0.0013580322265625,0.08961734175682068,0.01491924375295639,0.06530000269412994,0.09070000052452087,0.15880000591278076,0.11014288663864136,0.015111973509192467,0.08399999886751175,0.11060000211000443,0.17086666822433472,0.1274687647819519,0.017142174765467644,0.0890749990940094,0.12639999389648438,0.18520000576972961,0.15978951752185822,0.018724290654063225,0.11771999299526215,0.1565999984741211,0.23440000414848328,0.20626884698867798,0.03216804563999176,0.08299999684095383,0.21186667680740356,0.24560000002384186,0.19148999452590942,0.03248316049575806,0.10050000250339508,0.19404999911785126,0.257999986410141
449,GeoVision_Mumbai_tile_138.tif,Mumbai,65536,0,0.0,,,,,,,,,,,,,,,,,,,,,,,,,,,,,,
450,GeoVision_Chennai_tile_23.tif,Chennai,65536,183,0.0027923583984375,0.11930737644433975,0.0519975945353508,0.04399999976158142,0.10360000282526016,0.3093000054359436,0.14667485654354095,0.055996041744947433,0.05009999871253967,0.133200004696846,0.3296000063419342,0.16035273671150208,0.06600373983383179,0.043800000101327896,0.15520000457763672,0.3456999957561493,0.20689670741558075,0.08548305928707123,0.042899999767541885,0.2198999971151352,0.4138000011444092,0.2499316930770874,0.09935157001018524,0.05700000002980232,0.2676500082015991,0.44530001282691956,0.21418637037277222,0.0996614396572113,0.03894999995827675,0.2222999930381775,0.45205000042915344
451,GeoVision_Chennai_tile_39.tif,Chennai,65536,156,0.00238037109375,0.1371612250804901,0.0375717356801033,0.08775000274181366,0.13045001029968262,0.29820001125335693,0.16875705122947693,0.038019537925720215,0.11469999700784683,0.15775001049041748,0.3269999921321869,0.19781026244163513,0.03842686116695404,0.1177000030875206,0.1891999989748001,0.3249000012874603,0.2588641047477722,0.04134708642959595,0.1906999945640564,0.2551499903202057,0.37059998512268066,0.30096733570098877,0.04011043906211853,0.21514999866485596,0.29249998927116394,0.38865000009536743,0.2600099444389343,0.04977655038237572,0.17980000376701355,0.2471500039100647,0.3650999963283539
452,GeoVision_Delhi_tile_4.tif,Delhi,65536,2223,0.0339202880859375,0.12744997441768646,0.031936999410390854,0.047200001776218414,0.12020000070333481,0.36959999799728394,0.17135456204414368,0.03159025311470032,0.06909999996423721,0.1671999990940094,0.4300000071525574,0.20985402166843414,0.03575339913368225,0.07190000265836716,0.2078000009059906,0.4668000042438507,0.2745606601238251,0.03715785965323448,0.10000000149011612,0.2786000072956085,0.4805000126361847,0.3133637011051178,0.04028655216097832,0.09700000286102295,0.3179999887943268,0.42309999465942383,0.2880658805370331,0.041391849517822266,0.07490000128746033,0.2906999886035919,0.421099990606308
453,GeoVision_Jaipur_tile_11.tif,Jaipur,65536,1981,0.0302276611328125,0.14632152020931244,0.03011544793844223,0.07639999687671661,0.13899999856948853,0.2890999913215637,0.18793538212776184,0.03108452633023262,0.11339999735355377,0.18199999630451202,0.33959999680519104,0.23053553700447083,0.032839126884937286,0.1234000027179718,0.2287999987602234,0.3650999963283539,0.3004288673400879,0.030022572726011276,0.21289999783039093,0.30000001192092896,0.44679999351501465,0.34757065773010254,0.03152288869023323,0.2467000037431717,0.3472000062465668,0.43220001459121704,0.314797043800354,0.03460763022303581,0.18870000541210175,0.31369999051094055,0.4081000089645386
454,GeoVision_Bengaluru_tile_64.tif,Bengaluru,65536,1564,0.02386474609375,0.14674592018127441,0.04852064698934555,0.039000000804662704,0.14390000700950623,0.319599986076355,0.18808691203594208,0.053294893354177475,0.046300001442432404,0.18755000829696655,0.335999995470047,0.22833622992038727,0.0639972910284996,0.05494999885559082,0.23119999468326569,0.42320001125335693,0.27222564816474915,0.06793474406003952,0.05694999918341637,0.27207499742507935,0.49050000309944153,0.34553438425064087,0.07341433316469193,0.10499999672174454,0.34027498960494995,0.5939499735832214,0.301622211933136,0.06695933640003204,0.08640000224113464,0.30570000410079956,0.4784500002861023
455,GeoVision_Hyderabad_tile_62.tif,Hyderabad,65536,1651,0.0251922607421875,0.06350098550319672,0.03761553391814232,0.040039997547864914,0.04938333481550217,0.3375000059604645,0.07799512147903442,0.04556187614798546,0.05119999870657921,0.05939999967813492,0.37560001015663147,0.07401431351900101,0.06343353539705276,0.03638888895511627,0.04690000042319298,0.39959999918937683,0.08813652396202087,0.08480522036552429,0.028200000524520874,0.050999999046325684,0.4063666760921478,0.09463787823915482,0.10701320320367813,0.0203000009059906,0.04805000126361847,0.48890000581741333,0.07580056041479111,0.09676244109869003,0.014000000432133675,0.03370000049471855,0.5047000050544739
456,GeoVision_Mumbai_tile_38.tif,Mumbai,65536,0,0.0,,,,,,,,,,,,,,,,,,,,,,,,,,,,,,
457,GeoVision_Ahmedabad_tile_181.tif,Ahmedabad,65536,455,0.0069427490234375,0.16459447145462036,0.04495717212557793,0.06224999949336052,0.1565999984741211,0.4177333414554596,0.20853576064109802,0.04997050389647484,0.0880500003695488,0.20524999499320984,0.46560001373291016,0.2569813132286072,0.060654573142528534,0.0913499966263771,0.2572999894618988,0.476500004529953,0.3171592652797699,0.057589635252952576,0.1443749964237213,0.3188000023365021,0.4825499951839447,0.365916907787323,0.06495799124240875,0.18504999577999115,0.3626999855041504,0.48829999566078186,0.33408215641975403,0.0610906258225441,0.15850000083446503,0.33239999413490295,0.448366641998291
458,GeoVision_Mumbai_tile_82.tif,Mumbai,65536,7770,0.118560791015625,0.10605382174253464,0.018435318022966385,0.05335000157356262,0.10360000282526016,0.20880000293254852,0.12516391277313232,0.02146073803305626,0.06759999692440033,0.12300000339746475,0.2378000020980835,0.14070017635822296,0.02327546291053295,0.06400000303983688,0.1392500102519989,0.26460000872612,0.15193293988704681,0.023673836141824722,0.06210000067949295,0.15060000121593475,0.3301999866962433,0.1618112474679947,0.021595746278762817,0.061400000005960464,0.1597166657447815,0.2838999927043915,0.14682786166667938,0.02129395678639412,0.05180000141263008,0.14470000565052032,0.26109999418258667
459,GeoVision_Delhi_tile_33.tif,Delhi,65536,71,0.0010833740234375,0.07699999213218689,0.029538912698626518,0.035999998450279236,0.08160000294446945,0.16680000722408295,0.11396197229623795,0.02481178380548954,0.07819999754428864,0.11420000344514847,0.19339999556541443,0.12482956051826477,0.03932499140501022,0.06499999761581421,0.13120000064373016,0.22439999878406525,0.15464085340499878,0.05673684924840927,0.06400000303983688,0.17069999873638153,0.27559998631477356,0.18861128389835358,0.05657685920596123,0.06509999930858612,0.20630000531673431,0.30489999055862427,0.15770003199577332,0.05253772810101509,0.04439999908208847,0.17149999737739563,0.25949999690055847
460,GeoVision_Mumbai_tile_33.tif,Mumbai,65536,126,0.001922607421875,0.1896079182624817,0.07960104197263718,0.0763000026345253,0.15850000083446503,0.32499998807907104,0.21649442613124847,0.08739963918924332,0.08990000188350677,0.17855000495910645,0.38019999861717224,0.2381349354982376,0.08930598199367523,0.10109999775886536,0.20229999721050262,0.39899998903274536,0.27228331565856934,0.08434468507766724,0.12780000269412994,0.23589999973773956,0.4088999927043915,0.3249948024749756,0.09400597214698792,0.16670000553131104,0.2930750250816345,0.5255500078201294,0.3249872922897339,0.11078738421201706,0.14145000278949738,0.3086000084877014,0.5777000188827515
461,GeoVision_Hyderabad_tile_43.tif,Hyderabad,65536,591,0.0090179443359375,0.1175098866224289,0.045927561819553375,0.03530000150203705,0.11620000004768372,0.25780001282691956,0.145964115858078,0.04901827499270439,0.04255000129342079,0.14920000731945038,0.2802000045776367,0.17304383218288422,0.0628659799695015,0.03660000115633011,0.1876000016927719,0.3045499920845032,0.21900302171707153,0.08200772851705551,0.03669999912381172,0.2484000027179718,0.3418999910354614,0.2659952938556671,0.10034479945898056,0.02937999926507473,0.3001999855041504,0.40806666016578674,0.22912023961544037,0.09108509868383408,0.020400000736117363,0.26338332891464233,0.33676666021347046
462,GeoVision_Jaipur_tile_74.tif,Jaipur,65536,49,0.0007476806640625,0.1780775487422943,0.02879340574145317,0.11659999936819077,0.19140000641345978,0.20819999277591705,0.20593470335006714,0.019383586943149567,0.15160000324249268,0.21060000360012054,0.23319999873638153,0.2296520471572876,0.022025421261787415,0.19349999725818634,0.22840000689029694,0.30445000529289246,0.3096112310886383,0.024379517883062363,0.26455000042915344,0.30660000443458557,0.3831999897956848,0.3177469074726105,0.04590916633605957,0.26205000281333923,0.3064500093460083,0.430649995803833,0.2547030448913574,0.059056900441646576,0.193900004029274,0.23270000517368317,0.40174999833106995
463,GeoVision_Ahmedabad_tile_179.tif,Ahmedabad,65536,1596,0.02435302734375,0.13868212699890137,0.03352821618318558,0.062300000339746475,0.13099999725818634,0.3637000024318695,0.18171679973602295,0.03712216764688492,0.08465000241994858,0.17448332905769348,0.4059999883174896,0.22407375276088715,0.042903486639261246,0.09460832923650742,0.21587499976158142,0.4230000078678131,0.284930020570755,0.04471183568239212,0.18666666746139526,0.2781500220298767,0.4703333377838135,0.3353899419307709,0.04329582676291466,0.20495831966400146,0.3319000005722046,0.4652000069618225,0.3081342279911041,0.041866060346364975,0.1509999930858612,0.3057999908924103,0.45862001180648804
464,GeoVision_Chennai_tile_119.tif,Chennai,65536,510,0.007781982421875,0.14502470195293427,0.03482640162110329,0.04899999871850014,0.14090000092983246,0.32420000433921814,0.17290666699409485,0.03661087527871132,0.053700000047683716,0.1676499992609024,0.3418000042438507,0.19631293416023254,0.0426546074450016,0.04324999824166298,0.19439999759197235,0.36419999599456787,0.25049489736557007,0.048758044838905334,0.05974999815225601,0.2516000270843506,0.4334000051021576,0.3048321604728699,0.0587269552052021,0.07374999672174454,0.3013250231742859,0.4816499948501587,0.27440452575683594,0.05754007399082184,0.04360000044107437,0.270550012588501,0.4602999985218048
465,GeoVision_Chennai_tile_121.tif,Chennai,65536,350,0.005340576171875,0.129488006234169,0.032168105244636536,0.08209999650716782,0.1200999990105629,0.3086000084877014,0.150448277592659,0.03345658630132675,0.0966000035405159,0.14110000431537628,0.3328000009059906,0.1712477058172226,0.03744683787226677,0.09910000115633011,0.1655000001192093,0.3203999996185303,0.21807485818862915,0.04084327071905136,0.12280000001192093,0.2176000028848648,0.37279999256134033,0.2434362769126892,0.04998272284865379,0.133200004696846,0.24210000038146973,0.3711000084877014,0.20754887163639069,0.05768229812383652,0.09989999979734421,0.2186499983072281,0.3343999981880188
466,GeoVision_Jaipur_tile_128.tif,Jaipur,65536,949,0.0144805908203125,0.139444038271904,0.028264660388231277,0.051500000059604645,0.13680000603199005,0.3336000144481659,0.1862121820449829,0.029885349795222282,0.0832500010728836,0.1843000054359436,0.35534998774528503,0.23299984633922577,0.03743826225399971,0.07275000214576721,0.23375000059604645,0.3935000002384186,0.30086129903793335,0.041855085641145706,0.10980000346899033,0.304749995470047,0.43320000171661377,0.3565935492515564,0.04978196322917938,0.09669999778270721,0.35850000381469727,0.46845000982284546,0.32560428977012634,0.05224572494626045,0.07575000077486038,0.3265500068664551,0.4519500136375427
467,GeoVision_Chennai_tile_81.tif,Chennai,65536,98,0.001495361328125,0.25608980655670166,0.10883768647909164,0.07410000264644623,0.257099986076355,0.4323999881744385,0.2915540933609009,0.11821279674768448,0.09629999846220016,0.2937000095844269,0.48399999737739563,0.30457550287246704,0.11897122859954834,0.11060000211000443,0.2961999773979187,0.4896000027656555,0.3334428369998932,0.09080768376588821,0.16660000383853912,0.3216000199317932,0.48080000281333923,0.39698362350463867,0.09524505585432053,0.20000000298023224,0.3995000123977661,0.5684000253677368,0.36681124567985535,0.10494615882635117,0.1785999983549118,0.3783999979496002,0.5526000261306763
468,GeoVision_Ahmedabad_tile_59.tif,Ahmedabad,65536,1026,0.015655517578125,0.12713594734668732,0.03622133284807205,0.039799999445676804,0.12600000202655792,0.2851000130176544,0.1716717630624771,0.05000593513250351,0.06225999817252159,0.17103999853134155,0.3282333314418793,0.21693557500839233,0.06703434884548187,0.046379998326301575,0.22478000819683075,0.362283319234848,0.27967873215675354,0.07941360771656036,0.04964999854564667,0.2952499985694885,0.40238749980926514,0.3288417160511017,0.09686939418315887,0.06729999929666519,0.3477500081062317,0.46875,0.29897183179855347,0.09542342275381088,0.04574999958276749,0.3123583197593689,0.4422999918460846
469,GeoVision_Chennai_tile_149.tif,Chennai,65536,506,0.007720947265625,0.13230375945568085,0.03141181170940399,0.0653500035405159,0.12475000321865082,0.32269999384880066,0.1525670886039734,0.03462196886539459,0.06759999692440033,0.14395000040531158,0.35010001063346863,0.16872934997081757,0.039549440145492554,0.05615000054240227,0.15924999117851257,0.3716999888420105,0.217031329870224,0.04698055610060692,0.0617000013589859,0.2074500024318695,0.42660000920295715,0.26978012919425964,0.04884685203433037,0.11299999803304672,0.26717501878738403,0.4551500082015991,0.2440541535615921,0.0501139797270298,0.08855000138282776,0.24199999868869781,0.467849999666214
470,GeoVision_Delhi_tile_31.tif,Delhi,65536,521,0.0079498291015625,0.09309636056423187,0.018681397661566734,0.045099999755620956,0.09290000051259995,0.21080000698566437,0.11155125498771667,0.022826822474598885,0.054099999368190765,0.11100000143051147,0.24459999799728394,0.13457638025283813,0.02961541712284088,0.062300000339746475,0.13220000267028809,0.27140000462532043,0.17454184591770172,0.03760997951030731,0.07670000195503235,0.16760000586509705,0.29429998993873596,0.21653319895267487,0.04802531749010086,0.14100000262260437,0.21160000562667847,0.34200000762939453,0.18988291919231415,0.04503251239657402,0.11969999969005585,0.1850000023841858,0.3086000084877014
471,GeoVision_Chennai_tile_122.tif,Chennai,65536,137,0.0020904541015625,0.16222409904003143,0.07746564596891403,0.07779999822378159,0.12839999794960022,0.40619999170303345,0.18088246881961823,0.07833947986364365,0.09000000357627869,0.15219999849796295,0.4081999957561493,0.19152188301086426,0.08303391933441162,0.07590000331401825,0.1703999936580658,0.43639999628067017,0.24437956511974335,0.08831381797790527,0.07500000298023224,0.22579999268054962,0.46320000290870667,0.2647540271282196,0.0687016099691391,0.13920000195503235,0.2736000120639801,0.4027000069618225,0.23355548083782196,0.06713508069515228,0.09640000015497208,0.23389999568462372,0.366100013256073
472,GeoVision_Delhi_tile_19.tif,Delhi,65536,361,0.0055084228515625,0.13921219110488892,0.04169816896319389,0.06109999865293503,0.12880000472068787,0.28060001134872437,0.18829886615276337,0.04192839935421944,0.10010000318288803,0.17720000445842743,0.3424000144004822,0.22131356596946716,0.0482880100607872,0.08330000191926956,0.21199999749660492,0.3720000088214874,0.2861418128013611,0.04819416627287865,0.1306000053882599,0.28999999165534973,0.39340001344680786,0.3006061017513275,0.08243108540773392,0.10130000114440918,0.32089999318122864,0.4212999939918518,0.26882854104042053,0.08678843826055527,0.07440000027418137,0.28529998660087585,0.40049999952316284
473,GeoVision_Bengaluru_tile_41.tif,Bengaluru,65536,375,0.0057220458984375,0.1519528031349182,0.04426771029829979,0.03974999859929085,0.1526000052690506,0.3140000104904175,0.18324920535087585,0.04661187157034874,0.052299998700618744,0.18559999763965607,0.36079999804496765,0.20752693712711334,0.04912295565009117,0.050999999046325684,0.21250000596046448,0.34894999861717224,0.2515418827533722,0.05311424285173416,0.0677499994635582,0.2565999925136566,0.3664500117301941,0.30236199498176575,0.05873310938477516,0.06769999861717224,0.30774998664855957,0.4086500108242035,0.28078174591064453,0.0637889951467514,0.0507499985396862,0.28189998865127563,0.41964998841285706
474,GeoVision_Bengaluru_tile_36.tif,Bengaluru,65536,2164,0.03302001953125,0.13585184514522552,0.044549424201250076,0.029500000178813934,0.1311500072479248,0.4339999854564667,0.1859331876039505,0.048014476895332336,0.04670000076293945,0.18424999713897705,0.42660000920295715,0.23828288912773132,0.06187953054904938,0.033799998462200165,0.24342499673366547,0.43799999356269836,0.2979718744754791,0.07096847891807556,0.029600000008940697,0.30707499384880066,0.4848499894142151,0.3887726366519928,0.09550705552101135,0.04565000161528587,0.4031499922275543,0.6133999824523926,0.32344451546669006,0.07659930735826492,0.03269999846816063,0.330949991941452,0.5670499801635742
475,GeoVision_Jaipur_tile_181.tif,Jaipur,65536,2061,0.0314483642578125,0.14100874960422516,0.020618770271539688,0.05719999969005585,0.14309999346733093,0.2994000017642975,0.20327016711235046,0.031055569648742676,0.08290000259876251,0.20669999718666077,0.3928000032901764,0.2677164673805237,0.046012748032808304,0.09035000205039978,0.27445000410079956,0.4344500005245209,0.33775895833969116,0.047728534787893295,0.1168999969959259,0.3472000062465668,0.48500001430511475,0.4108238220214844,0.05724839121103287,0.17035000026226044,0.42045000195503235,0.56454998254776,0.3869747817516327,0.062384381890296936,0.14720000326633453,0.39754998683929443,0.5346500277519226
476,GeoVision_Chennai_tile_156.tif,Chennai,65536,6052,0.09234619140625,0.1547756791114807,0.02101094461977482,0.05770000070333481,0.1565999984741211,0.3882000148296356,0.21153758466243744,0.02956278622150421,0.06589999794960022,0.21860000491142273,0.43880000710487366,0.2622987627983093,0.04042623192071915,0.05139999836683273,0.2766000032424927,0.47999998927116394,0.2965121567249298,0.04757864773273468,0.049300000071525574,0.3131999969482422,0.520799994468689,0.39838141202926636,0.08057272434234619,0.04450000077486038,0.42879998683929443,0.4788999855518341,0.4114346504211426,0.09218347072601318,0.03620000183582306,0.45089998841285706,0.5008999705314636
477,GeoVision_Hyderabad_tile_119.tif,Hyderabad,65536,457,0.0069732666015625,0.1401016116142273,0.026706637814641,0.07500000298023224,0.13539999723434448,0.22676001489162445,0.17699570953845978,0.025415461510419846,0.09520000219345093,0.17560000717639923,0.2752000093460083,0.21858824789524078,0.03128385543823242,0.10655000060796738,0.21960000693798065,0.3370000123977661,0.2830674648284912,0.03206463158130646,0.1963428556919098,0.28540000319480896,0.41119998693466187,0.3489901125431061,0.04949312284588814,0.202633336186409,0.3494666814804077,0.4699999988079071,0.29868561029434204,0.04089595749974251,0.1303333342075348,0.30329999327659607,0.39465001225471497
478,GeoVision_Delhi_tile_62.tif,Delhi,65536,446,0.006805419921875,0.14855651557445526,0.0750524029135704,0.0689999982714653,0.13009999692440033,0.44600000977516174,0.19454528391361237,0.07614759355783463,0.10100000351667404,0.17640000581741333,0.49160000681877136,0.23231548070907593,0.07407726347446442,0.10939999669790268,0.21930000185966492,0.5108000040054321,0.29523274302482605,0.056094586849212646,0.16140000522136688,0.2928500175476074,0.49559998512268066,0.34320157766342163,0.06667818129062653,0.17640000581741333,0.35019999742507935,0.5383999943733215,0.31803855299949646,0.07053258270025253,0.14110000431537628,0.31850001215934753,0.5299999713897705
479,GeoVision_Kolkata_tile_45.tif,Kolkata,65536,17,0.0002593994140625,0.08388235419988632,0.021150976419448853,0.039400000125169754,0.093299999833107,0.10159999877214432,0.11264705657958984,0.026658782735466957,0.05719999969005585,0.1265999972820282,0.13339999318122864,0.1223352923989296,0.038648415356874466,0.0421999990940094,0.13379999995231628,0.15620000660419464,0.15701176226139069,0.061418380588293076,0.046799998730421066,0.1768999993801117,0.22360000014305115,0.19078825414180756,0.08438987284898758,0.04729999974370003,0.18070000410079956,0.28029999136924744,0.1565999984741211,0.08031484484672546,0.027499999850988388,0.13359999656677246,0.2468000054359436
480,GeoVision_Mumbai_tile_71.tif,Mumbai,65536,128,0.001953125,0.07634706795215607,0.015134252607822418,0.046041667461395264,0.07197143137454987,0.10731110721826553,0.0940200537443161,0.01911229081451893,0.0626363679766655,0.0887133777141571,0.13269999623298645,0.11276953667402267,0.023098904639482498,0.06219375133514404,0.10850333422422409,0.17059999704360962,0.13637344539165497,0.027318555861711502,0.08886666595935822,0.1356966644525528,0.19726666808128357,0.14687298238277435,0.02934766188263893,0.10129091143608093,0.143192857503891,0.20358888804912567,0.1277233362197876,0.02382778376340866,0.08538749814033508,0.12521597743034363,0.171833336353302
481,GeoVision_Ahmedabad_tile_50.tif,Ahmedabad,65536,2483,0.0378875732421875,0.12734495103359222,0.028123803436756134,0.041074998676776886,0.1244250014424324,0.3163999915122986,0.16128160059452057,0.03163660317659378,0.06504999846220016,0.1587499976158142,0.3513333201408386,0.19756890833377838,0.03953252732753754,0.05050000175833702,0.19580000638961792,0.38760000467300415,0.2522772550582886,0.04639018326997757,0.07438333332538605,0.25302499532699585,0.4210500121116638,0.291832834482193,0.04851686209440231,0.0531499981880188,0.2915000021457672,0.4293999969959259,0.27071818709373474,0.04893619567155838,0.042750000953674316,0.27035000920295715,0.41696664690971375
482,GeoVision_Delhi_tile_135.tif,Delhi,65536,439,0.0066986083984375,0.11640296131372452,0.02504992112517357,0.05770000070333481,0.11699999868869781,0.20020000636577606,0.14127972722053528,0.0284071397036314,0.08254999667406082,0.14139999449253082,0.23000000417232513,0.1642715334892273,0.03621372580528259,0.07859999686479568,0.16249999403953552,0.26980000734329224,0.19570694863796234,0.0454750582575798,0.09470000118017197,0.1912499964237213,0.33059999346733093,0.21516571938991547,0.04413112625479698,0.11270000040531158,0.21195000410079956,0.34929999709129333,0.19420590996742249,0.04329202324151993,0.07765000313520432,0.18825000524520874,0.3402499854564667
483,GeoVision_Ahmedabad_tile_84.tif,Ahmedabad,65536,536,0.0081787109375,0.11492624133825302,0.040228236466646194,0.03505999967455864,0.11151666939258575,0.28679999709129333,0.14720217883586884,0.04471069201827049,0.0723000019788742,0.13729999959468842,0.3386000096797943,0.17083922028541565,0.06675185263156891,0.041999999433755875,0.15790000557899475,0.39945000410079956,0.21437354385852814,0.0763913169503212,0.05375000089406967,0.21506249904632568,0.4340899884700775,0.23593975603580475,0.09167691320180893,0.02539999969303608,0.23614999651908875,0.4038499891757965,0.2234758734703064,0.09415285289287567,0.021175000816583633,0.21565000712871552,0.4059000015258789
484,GeoVision_Chennai_tile_109.tif,Chennai,65536,0,0.0,,,,,,,,,,,,,,,,,,,,,,,,,,,,,,
485,GeoVision_Hyderabad_tile_169.tif,Hyderabad,65536,320,0.0048828125,0.1395958513021469,0.03755775839090347,0.04879999905824661,0.13954000174999237,0.2393999993801117,0.17026782035827637,0.0409720279276371,0.05139999836683273,0.17390000820159912,0.27900001406669617,0.20037207007408142,0.055383723229169846,0.042500000447034836,0.2091749906539917,0.31165000796318054,0.255209356546402,0.06891852617263794,0.04507499933242798,0.2667166590690613,0.39399999380111694,0.3066817820072174,0.08973932266235352,0.04684999957680702,0.3208000063896179,0.5289000272750854,0.27711614966392517,0.08968370407819748,0.03269999846816063,0.28345000743865967,0.5109333395957947
486,GeoVision_Jaipur_tile_59.tif,Jaipur,65536,2450,0.037384033203125,0.15406978130340576,0.025695715099573135,0.08299999684095383,0.15285000205039978,0.3741999864578247,0.20632871985435486,0.031729958951473236,0.1160999983549118,0.20605000853538513,0.4174500107765198,0.25431370735168457,0.041265491396188736,0.12060000002384186,0.2531999945640564,0.4668000042438507,0.324116051197052,0.03972287476062775,0.16085000336170197,0.3255000114440918,0.49320000410079956,0.3928775191307068,0.049832314252853394,0.18404999375343323,0.3959999978542328,0.5016499757766724,0.3659989833831787,0.05370968207716942,0.18854999542236328,0.36774998903274536,0.48910000920295715
487,GeoVision_Jaipur_tile_79.tif,Jaipur,65536,767,0.0117034912109375,0.14276818931102753,0.031903479248285294,0.06324999779462814,0.13899999856948853,0.29159998893737793,0.18721941113471985,0.034452520310878754,0.08614999800920486,0.18539999425411224,0.3264000117778778,0.23341943323612213,0.042017605155706406,0.10909999907016754,0.23559999465942383,0.3896999955177307,0.3071470558643341,0.04212933033704758,0.15115000307559967,0.30970001220703125,0.4413999915122986,0.36497262120246887,0.04796002805233002,0.17395000159740448,0.36739999055862427,0.475849986076355,0.3327287435531616,0.05074511468410492,0.15735000371932983,0.3337000012397766,0.44964998960494995
488,GeoVision_Bengaluru_tile_47.tif,Bengaluru,65536,208,0.003173828125,0.12799400091171265,0.028712157160043716,0.03985000029206276,0.13444998860359192,0.2037999927997589,0.19402813911437988,0.050138454884290695,0.048700001090765,0.21379999816417694,0.2556999921798706,0.2693485617637634,0.08478154242038727,0.04964999854564667,0.2941250205039978,0.3874000012874603,0.3361317217350006,0.09727846086025238,0.06610000133514404,0.3744499981403351,0.460999995470047,0.415876179933548,0.1273084431886673,0.10740000009536743,0.4465999901294708,0.5669999718666077,0.3536810278892517,0.11032509803771973,0.0742499977350235,0.3838750123977661,0.48875001072883606
489,GeoVision_Kolkata_tile_145.tif,Kolkata,65536,211,0.0032196044921875,0.09845627844333649,0.018124353140592575,0.046549998223781586,0.10353333503007889,0.12139999866485596,0.1148015707731247,0.018266627565026283,0.05889999866485596,0.12039999663829803,0.13779999315738678,0.1279706209897995,0.026979045942425728,0.045875001698732376,0.1371999979019165,0.15700000524520874,0.1727595180273056,0.03911605477333069,0.05173332989215851,0.1851000040769577,0.22699999809265137,0.20471952855587006,0.05940503627061844,0.024739999324083328,0.2337999939918518,0.25699999928474426,0.17222246527671814,0.05397655442357063,0.014825000427663326,0.19820000231266022,0.23713332414627075
490,GeoVision_Jaipur_tile_75.tif,Jaipur,65536,75,0.0011444091796875,0.18046200275421143,0.04959296062588692,0.06880000233650208,0.1891999989748001,0.2533999979496002,0.2092439979314804,0.04360580071806908,0.1177000030875206,0.21819999814033508,0.27390000224113464,0.2314533293247223,0.04277199134230614,0.10429999977350235,0.24009999632835388,0.28839999437332153,0.3134726583957672,0.0329584926366806,0.15049999952316284,0.3163999915122986,0.368149995803833,0.32872068881988525,0.024681922048330307,0.20295000076293945,0.32359999418258667,0.3928000032901764,0.2645053267478943,0.02767186425626278,0.16099999845027924,0.25745001435279846,0.351500004529953
491,GeoVision_Bengaluru_tile_161.tif,Bengaluru,65536,1604,0.02447509765625,0.11514635384082794,0.03835524246096611,0.0442500002682209,0.10360000282526016,0.26809999346733093,0.1697726547718048,0.04039524495601654,0.07885000109672546,0.1589999943971634,0.35839998722076416,0.2472946047782898,0.05024537444114685,0.06994999945163727,0.2476000040769577,0.4699999988079071,0.30591973662376404,0.054018765687942505,0.08754999935626984,0.3088250160217285,0.5244500041007996,0.4035723805427551,0.07790464907884598,0.11415000259876251,0.4203749895095825,0.6064500212669373,0.32534313201904297,0.059480227530002594,0.06814999878406525,0.33355000615119934,0.45295000076293945
492,GeoVision_Hyderabad_tile_82.tif,Hyderabad,65536,423,0.0064544677734375,0.11728305369615555,0.03821404278278351,0.054749999195337296,0.12520000338554382,0.18240000307559967,0.159601092338562,0.06014365702867508,0.061400000005960464,0.17659999430179596,0.2409999966621399,0.20532186329364777,0.09473351389169693,0.0568000003695488,0.23819999396800995,0.32820001244544983,0.25634071230888367,0.11257757246494293,0.062199998646974564,0.29580000042915344,0.39559999108314514,0.3089839816093445,0.15487968921661377,0.04544999822974205,0.36649999022483826,0.5035714507102966,0.2877415418624878,0.1544521600008011,0.03440000116825104,0.333050012588501,0.47780001163482666
493,GeoVision_Bengaluru_tile_165.tif,Bengaluru,65536,1505,0.0229644775390625,0.1359318643808365,0.03907687962055206,0.03629999980330467,0.1282999962568283,0.3472000062465668,0.19057439267635345,0.03878612816333771,0.06615000218153,0.1882999986410141,0.4025999903678894,0.25400272011756897,0.047186560928821564,0.0723000019788742,0.2621999979019165,0.4302000105381012,0.3153262138366699,0.054657869040966034,0.06154999881982803,0.3219499886035919,0.47804999351501465,0.4035736918449402,0.07628551125526428,0.04715000092983246,0.4135499894618988,0.6261500120162964,0.3317026197910309,0.07181678712368011,0.0364999994635582,0.3366999924182892,0.5006999969482422
494,GeoVision_Kolkata_tile_151.tif,Kolkata,65536,194,0.002960205078125,0.073216013610363,0.023162882775068283,0.037300001829862595,0.07569167017936707,0.17640000581741333,0.09365848451852798,0.0293880682438612,0.04506666585803032,0.09700000286102295,0.19140000641345978,0.10669607669115067,0.046760596334934235,0.039400000125169754,0.10310833156108856,0.20980000495910645,0.14191530644893646,0.05888887122273445,0.041999999433755875,0.1459333300590515,0.25060001015663147,0.1682485044002533,0.073435477912426,0.047200001776218414,0.16317500174045563,0.3294999897480011,0.13922858238220215,0.06293939054012299,0.03125,0.14069999754428864,0.27140000462532043
495,GeoVision_Chennai_tile_41.tif,Chennai,65536,2208,0.03369140625,0.13764113187789917,0.034866925328969955,0.061000000685453415,0.1316000074148178,0.34599998593330383,0.1661960631608963,0.03564868122339249,0.07199999690055847,0.16220000386238098,0.37720000743865967,0.18418513238430023,0.03857212886214256,0.05719999969005585,0.1826000064611435,0.391400009393692,0.22547093033790588,0.0449477918446064,0.06340000033378601,0.22390000522136688,0.44519999623298645,0.25806549191474915,0.048712823539972305,0.040800001472234726,0.257750004529953,0.40119999647140503,0.23133228719234467,0.04939233884215355,0.027699999511241913,0.23070000112056732,0.36890000104904175
496,GeoVision_Mumbai_tile_39.tif,Mumbai,65536,0,0.0,,,,,,,,,,,,,,,,,,,,,,,,,,,,,,
497,GeoVision_Kolkata_tile_177.tif,Kolkata,65536,420,0.00640869140625,0.0984364002943039,0.022718938067555428,0.04740000143647194,0.10140000283718109,0.15770000219345093,0.1223260760307312,0.025670256465673447,0.06620000302791595,0.12573333084583282,0.1876000016927719,0.1387164145708084,0.039074063301086426,0.05350000038743019,0.1451999992132187,0.2612000107765198,0.18802067637443542,0.053822487592697144,0.05719999969005585,0.19717499613761902,0.3257499933242798,0.21812084317207336,0.0752042680978775,0.03500000014901161,0.22705000638961792,0.39399999380111694,0.19148015975952148,0.07469020038843155,0.024450000375509262,0.20346666872501373,0.3914499878883362
498,GeoVision_Hyderabad_tile_154.tif,Hyderabad,65536,1427,0.0217742919921875,0.13586129248142242,0.03923222795128822,0.04026000201702118,0.14339999854564667,0.2502000033855438,0.16757051646709442,0.04962969571352005,0.04948750138282776,0.17720000445842743,0.2859500050544739,0.19807367026805878,0.07193651050329208,0.03920000046491623,0.21040000021457672,0.33250001072883606,0.24531416594982147,0.09355107694864273,0.03139999881386757,0.26440000534057617,0.4273250102996826,0.29862862825393677,0.11630639433860779,0.03317499905824661,0.31470000743865967,0.5424000024795532,0.2718726694583893,0.11551522463560104,0.02484999969601631,0.2849000096321106,0.5389000177383423
499,GeoVision_Delhi_tile_160.tif,Delhi,65536,1526,0.023284912109375,0.1089179739356041,0.013844171538949013,0.04039999842643738,0.10909999907016754,0.16699999570846558,0.15621140599250793,0.020379668101668358,0.06650000065565109,0.1565999984741211,0.20960000157356262,0.20251454412937164,0.02833767607808113,0.055799998342990875,0.20605000853538513,0.26669999957084656,0.26538610458374023,0.026667676866054535,0.08349999785423279,0.2683500051498413,0.3269500136375427,0.3245556950569153,0.043612040579319,0.11964999884366989,0.3268499970436096,0.40985000133514404,0.29784947633743286,0.048314712941646576,0.09759999811649323,0.3000999987125397,0.4099000096321106
500,GeoVision_Chennai_tile_78.tif,Chennai,65536,0,0.0,,,,,,,,,,,,,,,,,,,,,,,,,,,,,,
501,GeoVision_Hyderabad_tile_173.tif,Hyderabad,65536,710,0.010833740234375,0.13552750647068024,0.06484808772802353,0.0598750002682209,0.13618332147598267,0.39164999127388,0.1659698337316513,0.06537652015686035,0.08595000207424164,0.1672857105731964,0.414000004529953,0.17946787178516388,0.08757727593183517,0.06029000133275986,0.203083336353302,0.43320000171661377,0.21938906610012054,0.09990587830543518,0.0722000002861023,0.258525013923645,0.43700000643730164,0.2470564991235733,0.15171223878860474,0.023399999365210533,0.31139999628067017,0.5849000215530396,0.22401544451713562,0.14675775170326233,0.017677776515483856,0.2789500057697296,0.6139000058174133
502,GeoVision_Hyderabad_tile_95.tif,Hyderabad,65536,459,0.0070037841796875,0.11668647080659866,0.039692334830760956,0.04610000178217888,0.11559999734163284,0.3084000051021576,0.14283621311187744,0.04770150035619736,0.05299999937415123,0.1436000019311905,0.3463999927043915,0.18008054792881012,0.06781864911317825,0.04529999941587448,0.19120000302791595,0.3736000061035156,0.2294645458459854,0.08028243482112885,0.044599998742341995,0.24779999256134033,0.39570000767707825,0.289612352848053,0.12265245616436005,0.037700001150369644,0.30570000410079956,0.524399995803833,0.26560091972351074,0.12315002828836441,0.029133334755897522,0.2849999964237213,0.5144500136375427
503,GeoVision_Ahmedabad_tile_68.tif,Ahmedabad,65536,1014,0.015472412109375,0.10998567193746567,0.029361506924033165,0.047974999994039536,0.11294999718666077,0.2287999987602234,0.14093486964702606,0.03730751946568489,0.061000000685453415,0.1440500020980835,0.2689000070095062,0.1738184690475464,0.05070199817419052,0.06610000133514404,0.17678749561309814,0.3030500113964081,0.22345741093158722,0.06082621216773987,0.08744999766349792,0.22595833241939545,0.3463999927043915,0.26143476366996765,0.06998147070407867,0.14323334395885468,0.2556999921798706,0.41462084650993347,0.24611540138721466,0.07138853520154953,0.12444999814033508,0.24182084202766418,0.41411250829696655
504,GeoVision_Kolkata_tile_73.tif,Kolkata,65536,190,0.002899169921875,0.07213632017374039,0.0221430454403162,0.04639999940991402,0.06565000116825104,0.16920000314712524,0.09940735995769501,0.023709412664175034,0.06620000302791595,0.09270000457763672,0.18199999630451202,0.0946715921163559,0.03291145712137222,0.05220000073313713,0.08105000108480453,0.21080000698566437,0.11986842006444931,0.053121939301490784,0.05660000070929527,0.09465000033378601,0.2750000059604645,0.12794475257396698,0.06946741044521332,0.04749999940395355,0.10985000431537628,0.29840001463890076,0.09943580627441406,0.06294090300798416,0.02710000053048134,0.07609999924898148,0.24369999766349792
505,GeoVision_Delhi_tile_123.tif,Delhi,65536,61,0.0009307861328125,0.08961310982704163,0.049123428761959076,0.031599998474121094,0.10559999942779541,0.16220000386238098,0.11403033137321472,0.06109381839632988,0.040449999272823334,0.13770000636577606,0.19550000131130219,0.12603440880775452,0.07527999579906464,0.03970000147819519,0.16040000319480896,0.22089999914169312,0.1743827760219574,0.10478019714355469,0.0466499999165535,0.24345000088214874,0.28679999709129333,0.18540820479393005,0.12148074060678482,0.04165000095963478,0.25734999775886536,0.3199999928474426,0.16494180262088776,0.11658193171024323,0.031050000339746475,0.2215999960899353,0.3025999963283539
506,GeoVision_Chennai_tile_150.tif,Chennai,65536,932,0.01422119140625,0.152020663022995,0.04324772208929062,0.061500001698732376,0.14045000076293945,0.397599995136261,0.176929771900177,0.045727942138910294,0.07020000368356705,0.1680999994277954,0.42179998755455017,0.19780804216861725,0.04899786412715912,0.05909999832510948,0.19249999523162842,0.4458000063896179,0.251054048538208,0.05293118953704834,0.06435000151395798,0.25064998865127563,0.459199994802475,0.29715436697006226,0.06019581854343414,0.06599999964237213,0.301800012588501,0.5630999803543091,0.26217252016067505,0.06187155842781067,0.04735000059008598,0.2551000118255615,0.5870500206947327
507,GeoVision_Chennai_tile_115.tif,Chennai,65536,0,0.0,,,,,,,,,,,,,,,,,,,,,,,,,,,,,,
508,GeoVision_Delhi_tile_1.tif,Delhi,65536,2751,0.0419769287109375,0.15753163397312164,0.08444333076477051,0.06960000097751617,0.12300000339746475,0.5436000227928162,0.1931852400302887,0.08169151842594147,0.08720000088214874,0.16680000722408295,0.5663999915122986,0.22679951786994934,0.07616709172725677,0.10599999874830246,0.20880000293254852,0.5691999793052673,0.2759465277194977,0.06323101371526718,0.1404000073671341,0.2727999985218048,0.5623999834060669,0.33560121059417725,0.08901036530733109,0.19269999861717224,0.32269999384880066,0.7332000136375427,0.31853199005126953,0.09804666042327881,0.16760000586509705,0.3012000024318695,0.7720999717712402
509,GeoVision_Ahmedabad_tile_77.tif,Ahmedabad,65536,226,0.003448486328125,0.09936131536960602,0.03962318226695061,0.03126666694879532,0.10333333164453506,0.2849000096321106,0.12637557089328766,0.04503940790891647,0.04410000145435333,0.12764999270439148,0.34130001068115234,0.14599110186100006,0.06382672488689423,0.035225000232458115,0.15257500112056732,0.3612666726112366,0.2018163800239563,0.08670499920845032,0.036233335733413696,0.21619999408721924,0.4055333137512207,0.24897320568561554,0.09618034213781357,0.04544999822974205,0.27889999747276306,0.38181668519973755,0.21552570164203644,0.0926765725016594,0.03305000066757202,0.2407499998807907,0.357699990272522
510,GeoVision_Chennai_tile_135.tif,Chennai,65536,634,0.009674072265625,0.12561222910881042,0.0550767183303833,0.04845000058412552,0.12359999865293503,0.2818000018596649,0.1460649073123932,0.06080491468310356,0.05705000087618828,0.15105000138282776,0.31360000371932983,0.15639778971672058,0.07538595795631409,0.04259999841451645,0.17149999737739563,0.35580000281333923,0.19845490157604218,0.09344375133514404,0.043299999088048935,0.23569999635219574,0.4124999940395355,0.23451663553714752,0.11967146396636963,0.034299999475479126,0.2840000092983246,0.4366999864578247,0.20109125971794128,0.10847557336091995,0.025750000029802322,0.24397499859333038,0.3646000027656555
511,GeoVision_Mumbai_tile_53.tif,Mumbai,65536,2,3.0517578125e-05,0.10311899334192276,0.008813731372356415,0.09430526196956635,0.10311899334192276,0.11193272471427917,0.12439523637294769,0.008261900395154953,0.11613333970308304,0.12439523637294769,0.13265714049339294,0.1657624989748001,0.011137500405311584,0.15462499856948853,0.1657624989748001,0.1768999993801117,0.21057619154453278,0.030109524726867676,0.1804666668176651,0.21057619154453278,0.24068571627140045,0.2104404717683792,0.009473815560340881,0.20096665620803833,0.2104404717683792,0.2199142873287201,0.17670249938964844,0.012147501111030579,0.16455499827861786,0.17670249938964844,0.18885000050067902
512,GeoVision_Chennai_tile_98.tif,Chennai,65536,158,0.002410888671875,0.11263164132833481,0.04965277016162872,0.03480000048875809,0.1046999990940094,0.2971999943256378,0.1370999962091446,0.05066116526722908,0.04360000044107437,0.13379999995231628,0.3118000030517578,0.15292532742023468,0.06330866366624832,0.03849999979138374,0.16189999878406525,0.3440000116825104,0.1965639442205429,0.07973037660121918,0.04270000010728836,0.2206999957561493,0.3635999858379364,0.24984492361545563,0.09986697137355804,0.04129999876022339,0.2831000089645386,0.4189999997615814,0.20595063269138336,0.09649712592363358,0.03350000083446503,0.23659999668598175,0.4154999852180481
513,GeoVision_Jaipur_tile_87.tif,Jaipur,65536,1311,0.0200042724609375,0.18955571949481964,0.063136026263237,0.060100000351667404,0.17710000276565552,0.36959999799728394,0.23594650626182556,0.06471423804759979,0.08015000075101852,0.22120000422000885,0.39419999718666077,0.2778012156486511,0.061974167823791504,0.07654999941587448,0.2681500017642975,0.4147999882698059,0.32881060242652893,0.04476969689130783,0.11379999667406082,0.3284499943256378,0.4325999915599823,0.3760322034358978,0.0442751944065094,0.1676499992609024,0.3842499852180481,0.4770500063896179,0.3601316809654236,0.05458732321858406,0.12950000166893005,0.3647499978542328,0.4702000021934509
514,GeoVision_Kolkata_tile_64.tif,Kolkata,65536,536,0.0081787109375,0.09590933471918106,0.021280046552419662,0.039000000804662704,0.09709999710321426,0.20440000295639038,0.11424776166677475,0.024326235055923462,0.04569999873638153,0.11599999666213989,0.2125999927520752,0.12943412363529205,0.03094008006155491,0.039900001138448715,0.13260000944137573,0.24199999868869781,0.1672486960887909,0.04402756690979004,0.0406000018119812,0.1712000072002411,0.3400999903678894,0.17954738438129425,0.044016361236572266,0.0406000018119812,0.1826999932527542,0.33980000019073486,0.155551478266716,0.042885683476924896,0.025699999183416367,0.15610000491142273,0.31779998540878296
515,GeoVision_Bengaluru_tile_18.tif,Bengaluru,65536,547,0.0083465576171875,0.1313866525888443,0.03139464557170868,0.027799999341368675,0.12839999794960022,0.31150001287460327,0.187501460313797,0.04497592896223068,0.04639999940991402,0.1860000044107437,0.36559998989105225,0.24964405596256256,0.07185105979442596,0.03044999949634075,0.2505500018596649,0.44119998812675476,0.30468592047691345,0.08024799823760986,0.026850000023841858,0.3112500011920929,0.4965499937534332,0.38611161708831787,0.10360192507505417,0.02604999952018261,0.39489999413490295,0.6013000011444092,0.3168236017227173,0.07016552239656448,0.021299999207258224,0.32710000872612,0.44165000319480896
516,GeoVision_Delhi_tile_109.tif,Delhi,65536,407,0.0062103271484375,0.11184735596179962,0.016905123367905617,0.05636666715145111,0.10999000072479248,0.20100000500679016,0.16609491407871246,0.01644621603190899,0.0877624973654747,0.16815999150276184,0.235033318400383,0.21162232756614685,0.0249943807721138,0.09903333336114883,0.21597500145435333,0.2696666717529297,0.2875480651855469,0.022500449791550636,0.17612500488758087,0.29010000824928284,0.34345000982284546,0.33368396759033203,0.028413722291588783,0.20252500474452972,0.33649998903274536,0.420199990272522,0.29927095770835876,0.03540123999118805,0.14994999766349792,0.301800012588501,0.44876664876937866
517,GeoVision_Jaipur_tile_102.tif,Jaipur,65536,1831,0.0279388427734375,0.14073891937732697,0.03431937098503113,0.06714999675750732,0.13330000638961792,0.412200003862381,0.18161499500274658,0.03347507491707802,0.08529999852180481,0.17630000412464142,0.42980000376701355,0.22410036623477936,0.035171303898096085,0.08569999784231186,0.22220000624656677,0.43540000915527344,0.2904898226261139,0.03634686395525932,0.09799999743700027,0.2915000021457672,0.4652000069618225,0.3487778306007385,0.03303152695298195,0.19670000672340393,0.34964999556541443,0.5071499943733215,0.32255780696868896,0.03530891239643097,0.18735000491142273,0.3226499855518341,0.5133500099182129
518,GeoVision_Delhi_tile_88.tif,Delhi,65536,304,0.004638671875,0.1267971694469452,0.027691172435879707,0.0700666680932045,0.12489166855812073,0.22259999811649323,0.16806381940841675,0.03752210736274719,0.08763333410024643,0.1678958237171173,0.2694000005722046,0.20389677584171295,0.0509038046002388,0.09264999628067017,0.20625001192092896,0.3255999982357025,0.2608121931552887,0.059790343046188354,0.11545000225305557,0.26635000109672546,0.42100000381469727,0.2880484461784363,0.07622670382261276,0.11924999952316284,0.2886500060558319,0.42767998576164246,0.26249444484710693,0.07491963356733322,0.09354999661445618,0.2578499913215637,0.40404999256134033
519,GeoVision_Delhi_tile_71.tif,Delhi,65536,319,0.0048675537109375,0.1515028178691864,0.053295210003852844,0.03880000114440918,0.14239999651908875,0.38839998841285706,0.18423102796077728,0.05544247478246689,0.052299998700618744,0.17659999430179596,0.43639999628067017,0.2093018889427185,0.056797802448272705,0.060600001364946365,0.2021999955177307,0.446399986743927,0.2711862325668335,0.051438771188259125,0.08399999886751175,0.2685000002384186,0.4440000057220459,0.28477898240089417,0.056864943355321884,0.0966000035405159,0.2870999872684479,0.42329999804496765,0.2508902847766876,0.061544135212898254,0.07129999995231628,0.2451000064611435,0.40139999985694885
520,GeoVision_Bengaluru_tile_116.tif,Bengaluru,65536,1562,0.023834228515625,0.1342322677373886,0.040001366287469864,0.04190000146627426,0.12685000896453857,0.5027999877929688,0.1832759976387024,0.0403321273624897,0.04470000043511391,0.17715001106262207,0.5210000276565552,0.23822419345378876,0.04542642459273338,0.048700001090765,0.2362000048160553,0.5173500180244446,0.2954097390174866,0.05071495473384857,0.058400001376867294,0.29602500796318054,0.525600016117096,0.3839071989059448,0.0645868107676506,0.1428000032901764,0.3944000005722046,0.5478500127792358,0.3218810260295868,0.05416755750775337,0.11739999800920486,0.32155001163482666,0.5654000043869019
521,GeoVision_Kolkata_tile_103.tif,Kolkata,65536,681,0.0103912353515625,0.13677342236042023,0.06736872345209122,0.03400000184774399,0.11640000343322754,0.33799999952316284,0.15287621319293976,0.056417204439640045,0.05889999866485596,0.14219999313354492,0.3248000144958496,0.1733594685792923,0.08325191587209702,0.04809999838471413,0.16200000047683716,0.4131999909877777,0.2330939769744873,0.12024716287851334,0.05909999832510948,0.21279999613761902,0.5472000241279602,0.21480514109134674,0.1096101924777031,0.026399999856948853,0.24789999425411224,0.4302000105381012,0.1670750379562378,0.08707868307828903,0.020500000566244125,0.20409999787807465,0.30880001187324524
522,GeoVision_Bengaluru_tile_15.tif,Bengaluru,65536,35,0.0005340576171875,0.22113285958766937,0.12030798941850662,0.09399999678134918,0.16329999268054962,0.44440001249313354,0.2634028196334839,0.12548142671585083,0.11100000143051147,0.2094999998807907,0.49880000948905945,0.28979000449180603,0.12100742012262344,0.11855000257492065,0.24289999902248383,0.5170000195503235,0.33259427547454834,0.09624040126800537,0.17020000517368317,0.32030001282691956,0.5026000142097473,0.38083428144454956,0.102048359811306,0.25760000944137573,0.35429999232292175,0.5878000259399414,0.3398771584033966,0.11202501505613327,0.1960500031709671,0.31005001068115234,0.5725499987602234
523,GeoVision_Ahmedabad_tile_163.tif,Ahmedabad,65536,734,0.011199951171875,0.13396459817886353,0.034288082271814346,0.03889999911189079,0.14024999737739563,0.26635000109672546,0.17184576392173767,0.04547550901770592,0.05530000105500221,0.18209999799728394,0.29179999232292175,0.21003860235214233,0.06067902222275734,0.04832499846816063,0.2243250012397766,0.32409998774528503,0.2596747875213623,0.07378329336643219,0.037211112678050995,0.28392499685287476,0.39432498812675476,0.31260210275650024,0.08041832596063614,0.05400000140070915,0.34111249446868896,0.4560000002384186,0.2892737090587616,0.07998274266719818,0.036016665399074554,0.31786665320396423,0.421999990940094
524,GeoVision_Delhi_tile_75.tif,Delhi,65536,207,0.0031585693359375,0.11381424218416214,0.03863109275698662,0.0406000018119812,0.11800000071525574,0.289900004863739,0.14689010381698608,0.040382757782936096,0.05979999899864197,0.1485999971628189,0.3156999945640564,0.16651402413845062,0.056544020771980286,0.06530000269412994,0.18115000426769257,0.32440000772476196,0.21140673756599426,0.0780087560415268,0.05790000036358833,0.23600000143051147,0.35374999046325684,0.23477055132389069,0.08263910561800003,0.04600000008940697,0.25450000166893005,0.4050000011920929,0.20448043942451477,0.08128274232149124,0.03689999878406525,0.21185000240802765,0.42214998602867126
525,GeoVision_Delhi_tile_141.tif,Delhi,65536,9,0.0001373291015625,0.1339055597782135,0.03118113987147808,0.0742499977350235,0.1395999938249588,0.17069999873638153,0.1634666621685028,0.027200203388929367,0.10859999805688858,0.16940000653266907,0.1972000002861023,0.18496112525463104,0.034325890243053436,0.12155000120401382,0.1906999945640564,0.22460000216960907,0.2613722085952759,0.012890634126961231,0.24609999358654022,0.2599000036716461,0.2851000130176544,0.257016658782959,0.020126374438405037,0.23170000314712524,0.25540000200271606,0.2994999885559082,0.22065000236034393,0.02190219610929489,0.1973000019788742,0.21809999644756317,0.27125000953674316
526,GeoVision_Bengaluru_tile_37.tif,Bengaluru,65536,933,0.0142364501953125,0.14346452057361603,0.05144936963915825,0.03985000029206276,0.13510000705718994,0.39959999918937683,0.19433118402957916,0.05725594982504845,0.05290000140666962,0.18240000307559967,0.4472000002861023,0.25181886553764343,0.07110794633626938,0.04749999940395355,0.24735000729560852,0.459199994802475,0.3177184760570526,0.07760360091924667,0.06194999814033508,0.3158999979496002,0.5273500084877014,0.3981897532939911,0.09866360574960709,0.04740000143647194,0.39605000615119934,0.6290000081062317,0.3250107169151306,0.07401815056800842,0.033250000327825546,0.3236500024795532,0.5003499984741211
527,GeoVision_Bengaluru_tile_148.tif,Bengaluru,65536,661,0.0100860595703125,0.13289955258369446,0.06533948332071304,0.032349999994039536,0.11289999634027481,0.36230000853538513,0.17685650289058685,0.06831081956624985,0.043549999594688416,0.16419999301433563,0.4058000147342682,0.22530151903629303,0.0740840882062912,0.04309999942779541,0.22220000624656677,0.4359000027179718,0.2749636769294739,0.07195992022752762,0.07169999927282333,0.2808000147342682,0.493149995803833,0.32803985476493835,0.0875224620103836,0.1140500009059906,0.3349500000476837,0.5602999925613403,0.2800472676753998,0.08195758610963821,0.10384999960660934,0.27970001101493835,0.45945000648498535
528,GeoVision_Ahmedabad_tile_128.tif,Ahmedabad,65536,121,0.0018463134765625,0.15275046229362488,0.060661911964416504,0.057999998331069946,0.1404999941587448,0.33110833168029785,0.1883772611618042,0.06236467510461807,0.09463333338499069,0.18000000715255737,0.3743000030517578,0.21590498089790344,0.0678534135222435,0.09243333339691162,0.21089999377727509,0.4059000015258789,0.2746310532093048,0.06151701882481575,0.09794999659061432,0.2731333374977112,0.4273500144481659,0.29631543159484863,0.05270569771528244,0.0843999981880188,0.2971999943256378,0.4266875088214874,0.2650125026702881,0.05333605408668518,0.06885000318288803,0.2772499918937683,0.39989998936653137
529,GeoVision_Bengaluru_tile_4.tif,Bengaluru,65536,1359,0.0207366943359375,0.14986944198608398,0.04713388532400131,0.02655000053346157,0.1509000062942505,0.3691999912261963,0.19367513060569763,0.057039953768253326,0.0348999984562397,0.19990000128746033,0.4196000099182129,0.2274980992078781,0.07076913863420486,0.031199999153614044,0.23589999973773956,0.44784998893737793,0.2690243422985077,0.08237531781196594,0.033149998635053635,0.2768000066280365,0.4722500145435333,0.33412086963653564,0.10689883679151535,0.04430000111460686,0.31790000200271606,0.5895500183105469,0.30053117871284485,0.09550999104976654,0.03610000014305115,0.29910001158714294,0.581250011920929
530,GeoVision_Hyderabad_tile_113.tif,Hyderabad,65536,390,0.005950927734375,0.13195723295211792,0.03328660503029823,0.05950000137090683,0.1454000025987625,0.1808999925851822,0.17100262641906738,0.050035685300827026,0.06445000320672989,0.1784999966621399,0.24979999661445618,0.21227401494979858,0.07870320975780487,0.058150000870227814,0.2143000066280365,0.34200000762939453,0.2690460681915283,0.0901908427476883,0.08070000261068344,0.28968167304992676,0.3941499888896942,0.3131040632724762,0.11403650790452957,0.06469999998807907,0.3189428448677063,0.48649999499320984,0.29058465361595154,0.11298687011003494,0.04867500066757202,0.28687500953674316,0.47189998626708984
531,GeoVision_Delhi_tile_100.tif,Delhi,65536,394,0.006011962890625,0.11264365166425705,0.029843585565686226,0.03700000047683716,0.1103999987244606,0.2199999988079071,0.14691421389579773,0.03123943880200386,0.05420000106096268,0.1459999978542328,0.251800000667572,0.16720178723335266,0.043359436094760895,0.04820000007748604,0.1703999936580658,0.2831999957561493,0.22957994043827057,0.055837783962488174,0.06019999831914902,0.2362000048160553,0.32659998536109924,0.2474830001592636,0.06551584601402283,0.06650000065565109,0.25220000743865967,0.36149999499320984,0.21332156658172607,0.06772533059120178,0.04780000075697899,0.22599999606609344,0.33899998664855957
532,GeoVision_Kolkata_tile_95.tif,Kolkata,65536,152,0.0023193359375,0.06908947229385376,0.0302144642919302,0.03799999877810478,0.05770000070333481,0.17499999701976776,0.08590658009052277,0.040415070950984955,0.044199999421834946,0.06904999911785126,0.19259999692440033,0.09075000137090683,0.054518163204193115,0.0414000004529953,0.062199998646974564,0.22599999606609344,0.11167631298303604,0.07569637894630432,0.039400000125169754,0.06989999860525131,0.28850001096725464,0.13240723311901093,0.08767862617969513,0.03669999912381172,0.09790000319480896,0.33869999647140503,0.11297434568405151,0.08930768072605133,0.026599999517202377,0.07980000227689743,0.34470000863075256
533,GeoVision_Ahmedabad_tile_10.tif,Ahmedabad,65536,419,0.0063934326171875,0.12790130078792572,0.046803366392850876,0.0359250009059906,0.12449999898672104,0.2902500033378601,0.16123048961162567,0.053716447204351425,0.055149998515844345,0.1665000021457672,0.33480000495910645,0.1918533742427826,0.06725843995809555,0.04084999859333038,0.20350000262260437,0.3632749915122986,0.24823807179927826,0.07814282923936844,0.05028333514928818,0.27156001329421997,0.39089998602867126,0.2736196219921112,0.0874880775809288,0.04996666684746742,0.30114999413490295,0.40252500772476196,0.24964842200279236,0.0907595306634903,0.03034999966621399,0.2714333236217499,0.40174999833106995
534,GeoVision_Mumbai_tile_158.tif,Mumbai,65536,566,0.008636474609375,0.0985938161611557,0.02509104274213314,0.05889999866485596,0.09435000270605087,0.19300000369548798,0.11748674511909485,0.03043953888118267,0.06499999761581421,0.11309999972581863,0.24160000681877136,0.13441041111946106,0.037867799401283264,0.061799999326467514,0.13339999318122864,0.3068000078201294,0.1669100672006607,0.04440472647547722,0.07419999688863754,0.16279999911785126,0.36239999532699585,0.18382686376571655,0.04105977341532707,0.08569999784231186,0.18410000205039978,0.31200000643730164,0.15893815457820892,0.041917331516742706,0.06880000233650208,0.16099999845027924,0.2962000072002411
535,GeoVision_Ahmedabad_tile_167.tif,Ahmedabad,65536,4484,0.06842041015625,0.131476029753685,0.030984506011009216,0.04724999889731407,0.12729999423027039,0.3867500126361847,0.17439667880535126,0.03523889183998108,0.05979999899864197,0.17217499017715454,0.44020000100135803,0.2183292657136917,0.04286763072013855,0.06804999709129333,0.2182750105857849,0.4846000075340271,0.27861857414245605,0.04901649430394173,0.08143333345651627,0.283341646194458,0.5175999999046326,0.32370951771736145,0.04861932620406151,0.10962499678134918,0.32804998755455017,0.4331600069999695,0.2985188961029053,0.04941219463944435,0.08892499655485153,0.3007333278656006,0.42730000615119934
536,GeoVision_Ahmedabad_tile_95.tif,Ahmedabad,65536,2603,0.0397186279296875,0.12451319396495819,0.037907060235738754,0.03243333473801613,0.12229999899864197,0.39899998903274536,0.1576443761587143,0.04354070872068405,0.05582499876618385,0.15719999372959137,0.446399986743927,0.18911544978618622,0.05387786030769348,0.03917500004172325,0.1926666647195816,0.49720001220703125,0.23899763822555542,0.06715991348028183,0.034716665744781494,0.2502500116825104,0.554639995098114,0.27304425835609436,0.06723367422819138,0.04374999925494194,0.28165000677108765,0.5326166749000549,0.24955812096595764,0.06561096757650375,0.03353999927639961,0.2553499937057495,0.5128499865531921
537,GeoVision_Kolkata_tile_149.tif,Kolkata,65536,573,0.0087432861328125,0.05788687244057655,0.014473800547420979,0.041099999099969864,0.05355000123381615,0.1404999941587448,0.08063456416130066,0.016538409516215324,0.04632222279906273,0.07632499933242798,0.1682666689157486,0.06636851280927658,0.02275930903851986,0.0421999990940094,0.058800000697374344,0.18649999797344208,0.08918942511081696,0.03399351239204407,0.04800000041723251,0.07900000363588333,0.25920000672340393,0.0641455426812172,0.043844692409038544,0.03164999932050705,0.04658333584666252,0.2529999911785126,0.04709864407777786,0.03844703733921051,0.0203000009059906,0.031199999153614044,0.2280000001192093
538,GeoVision_Ahmedabad_tile_8.tif,Ahmedabad,65536,1265,0.0193023681640625,0.11545867472887039,0.03254713490605354,0.025692855939269066,0.11573334038257599,0.28279998898506165,0.14774037897586823,0.040108129382133484,0.03584999963641167,0.14803999662399292,0.337799996137619,0.1772906333208084,0.05210451781749725,0.03446250036358833,0.17790000140666962,0.3801000118255615,0.23316867649555206,0.060456592589616776,0.04232500120997429,0.24220000207424164,0.42045000195503235,0.2710568904876709,0.06833107769489288,0.043299999088048935,0.28174999356269836,0.4046500027179718,0.2436457872390747,0.0666702389717102,0.030633334070444107,0.2547000050544739,0.3731499910354614
539,GeoVision_Jaipur_tile_34.tif,Jaipur,65536,530,0.008087158203125,0.1597028374671936,0.03649448975920677,0.05849999934434891,0.15330000221729279,0.25049999356269836,0.2122926563024521,0.03926091641187668,0.08250000327825546,0.21044999361038208,0.32679998874664307,0.25467708706855774,0.04211407154798508,0.08190000057220459,0.2584500014781952,0.365200012922287,0.3175509572029114,0.03893230855464935,0.08474999666213989,0.3228749930858612,0.40244999527931213,0.3634170889854431,0.04365202412009239,0.12080000340938568,0.37450000643730164,0.4239000082015991,0.3422901928424835,0.049921512603759766,0.09849999845027924,0.35987502336502075,0.40779998898506165
540,GeoVision_Kolkata_tile_58.tif,Kolkata,65536,336,0.005126953125,0.0871627926826477,0.03188648819923401,0.038100000470876694,0.07860000431537628,0.18060000240802765,0.11445476859807968,0.034210119396448135,0.051500000059604645,0.10699999332427979,0.21699999272823334,0.11667678505182266,0.04570573940873146,0.045099999755620956,0.10135000199079514,0.2425999939441681,0.14764642715454102,0.06869097054004669,0.03869999945163727,0.12894999980926514,0.31439998745918274,0.15058839321136475,0.08462359756231308,0.0340999998152256,0.12370000034570694,0.3529999852180481,0.12118064612150192,0.08139610290527344,0.023800000548362732,0.09109999984502792,0.31679999828338623
541,GeoVision_Kolkata_tile_19.tif,Kolkata,65536,1,1.52587890625e-05,0.12439999729394913,0.0,0.12439999729394913,0.12439999729394913,0.12439999729394913,0.14800000190734863,0.0,0.14800000190734863,0.14800000190734863,0.14800000190734863,0.17219999432563782,0.0,0.17219999432563782,0.17219999432563782,0.17219999432563782,0.22709999978542328,0.0,0.22709999978542328,0.22709999978542328,0.22709999978542328,0.23970000445842743,0.0,0.23970000445842743,0.23970000445842743,0.23970000445842743,0.20579999685287476,0.0,0.20579999685287476,0.20579999685287476,0.20579999685287476
542,GeoVision_Kolkata_tile_113.tif,Kolkata,65536,144,0.002197265625,0.07136644423007965,0.02786579541862011,0.03530000150203705,0.061149999499320984,0.1469999998807907,0.08617603778839111,0.03293466567993164,0.042100001126527786,0.07649999856948853,0.1687999963760376,0.0904662236571312,0.042319461703300476,0.03959999978542328,0.07882000505924225,0.1850000023841858,0.11779189109802246,0.05867686867713928,0.03720000013709068,0.10260000079870224,0.23589999973773956,0.12856321036815643,0.06147177889943123,0.03790000081062317,0.12364999949932098,0.31060001254081726,0.10378274321556091,0.05965365096926689,0.026799999177455902,0.09147916734218597,0.29409998655319214
543,GeoVision_Ahmedabad_tile_26.tif,Ahmedabad,65536,984,0.0150146484375,0.13006830215454102,0.05099155008792877,0.031050000339746475,0.1272749900817871,0.359333336353302,0.1642569899559021,0.054372429847717285,0.04931666702032089,0.16380000114440918,0.4061200022697449,0.19330237805843353,0.06594493240118027,0.04495000094175339,0.1996999979019165,0.4364200234413147,0.24797694385051727,0.07553301006555557,0.04586666449904442,0.2648000121116638,0.48214998841285706,0.27612385153770447,0.07813814282417297,0.038100000470876694,0.2928375005722046,0.4684000015258789,0.2489462047815323,0.07697992026805878,0.0284000001847744,0.26461249589920044,0.4641999900341034
544,GeoVision_Mumbai_tile_86.tif,Mumbai,65536,9862,0.150482177734375,0.0992935448884964,0.00961480475962162,0.06040000170469284,0.09929999709129333,0.1656000018119812,0.12115920335054398,0.011804172769188881,0.07562857121229172,0.12106665968894958,0.1850000023841858,0.1415463089942932,0.015579599887132645,0.07440000027418137,0.14203999936580658,0.21040000021457672,0.1651974320411682,0.018169404938817024,0.07504000514745712,0.16543430089950562,0.25073331594467163,0.18321998417377472,0.02077355608344078,0.07246667146682739,0.18363334238529205,0.291949987411499,0.16684289276599884,0.021411268040537834,0.05925000086426735,0.1671999990940094,0.29840001463890076
545,GeoVision_Bengaluru_tile_52.tif,Bengaluru,65536,277,0.0042266845703125,0.1371178776025772,0.05529394745826721,0.06129999831318855,0.12380000203847885,0.3043000102043152,0.1769247204065323,0.04876159876585007,0.0949999988079071,0.1712999939918518,0.353300005197525,0.22897852957248688,0.04478701949119568,0.1059499979019165,0.23199999332427979,0.38769999146461487,0.2900512218475342,0.04702353850007057,0.1421000063419342,0.2924000024795532,0.42195001244544983,0.38954582810401917,0.057303864508867264,0.2502500116825104,0.39579999446868896,0.5036500096321106,0.339248389005661,0.0545678548514843,0.2025499939918518,0.3477500081062317,0.4715000092983246
546,GeoVision_Chennai_tile_166.tif,Chennai,65536,659,0.0100555419921875,0.14992693066596985,0.031098362058401108,0.08990000188350677,0.1459999978542328,0.367000013589859,0.1759403645992279,0.03168255463242531,0.11159999668598175,0.1737000048160553,0.3950999975204468,0.19265417754650116,0.03444435074925423,0.10080000013113022,0.18979999423027039,0.4153999984264374,0.24735616147518158,0.03558555990457535,0.10970000177621841,0.24699999392032623,0.4742000102996826,0.2929638922214508,0.03668212890625,0.16054999828338623,0.2924500107765198,0.4645000100135803,0.25965145230293274,0.03703628480434418,0.14104999601840973,0.26030001044273376,0.4722000062465668
547,GeoVision_Bengaluru_tile_45.tif,Bengaluru,65536,130,0.001983642578125,0.13869653642177582,0.04659666493535042,0.03465000167489052,0.13210000097751617,0.30880001187324524,0.1875588595867157,0.051023587584495544,0.0746999979019165,0.18935000896453857,0.3409000039100647,0.2331896275281906,0.07176033407449722,0.06714999675750732,0.23787499964237213,0.3569500148296356,0.2919711768627167,0.07517273724079132,0.04334999993443489,0.2895750105381012,0.42649999260902405,0.33011844754219055,0.09078043699264526,0.062049999833106995,0.3276500105857849,0.48910000920295715,0.29746344685554504,0.08235707879066467,0.04735000059008598,0.2894499897956848,0.44040000438690186
548,GeoVision_Hyderabad_tile_55.tif,Hyderabad,65536,1289,0.0196685791015625,0.12573258578777313,0.03544941172003746,0.04450000077486038,0.12919999659061432,0.29159998893737793,0.15748955309391022,0.04238955304026604,0.05273333191871643,0.16466666758060455,0.3352000117301941,0.1913694590330124,0.059775855392217636,0.03830000013113022,0.20419999957084656,0.3704666793346405,0.24766811728477478,0.07764145731925964,0.041999999433755875,0.2667500078678131,0.3984000086784363,0.30772897601127625,0.09848686307668686,0.03220000118017197,0.33059999346733093,0.4660249948501587,0.2681523263454437,0.08905079960823059,0.02630000002682209,0.2888000011444092,0.3977000117301941
549,GeoVision_Delhi_tile_37.tif,Delhi,65536,990,0.015106201171875,0.10890070348978043,0.038450174033641815,0.03689999878406525,0.11259999871253967,0.3431999981403351,0.13822677731513977,0.04292670637369156,0.05169999971985817,0.14399999380111694,0.3716000020503998,0.16100405156612396,0.05090220272541046,0.054999999701976776,0.1688999980688095,0.3871999979019165,0.20869384706020355,0.06128888204693794,0.07090000063180923,0.22390000522136688,0.4047999978065491,0.22966605424880981,0.06645897030830383,0.08259999752044678,0.2379000037908554,0.476500004529953,0.2065451592206955,0.06946338713169098,0.05609999969601631,0.21279999613761902,0.46140000224113464
550,GeoVision_Hyderabad_tile_164.tif,Hyderabad,65536,1356,0.02069091796875,0.1629737913608551,0.03870838135480881,0.03291666507720947,0.16194000840187073,0.32519999146461487,0.19558368623256683,0.040085483342409134,0.046383336186409,0.19496667385101318,0.3537999987602234,0.227367103099823,0.04476284980773926,0.03317999839782715,0.22984999418258667,0.36039999127388,0.2782851457595825,0.050306592136621475,0.029999999329447746,0.2811499834060669,0.44029998779296875,0.3292725384235382,0.0652850940823555,0.024299999698996544,0.3257499933242798,0.526285707950592,0.28719907999038696,0.059573158621788025,0.017000000923871994,0.2858666777610779,0.5033666491508484
551,GeoVision_Chennai_tile_9.tif,Chennai,65536,606,0.009246826171875,0.10373365879058838,0.02757997438311577,0.05009999871253967,0.0986500009894371,0.3492000102996826,0.1432100534439087,0.030364027246832848,0.059700001031160355,0.14030000567436218,0.36579999327659607,0.14824388921260834,0.03992030397057533,0.04470000043511391,0.14480000734329224,0.3522000014781952,0.18094439804553986,0.06772574782371521,0.04430000111460686,0.18709999322891235,0.44839999079704285,0.19737426936626434,0.07832749933004379,0.05050000175833702,0.1973000019788742,0.36079999804496765,0.15393614768981934,0.07201993465423584,0.036400001496076584,0.1444000005722046,0.32589998841285706
552,GeoVision_Bengaluru_tile_142.tif,Bengaluru,65536,2542,0.038787841796875,0.14939016103744507,0.04256708547472954,0.04084999859333038,0.1428000032901764,0.4537999927997589,0.20430690050125122,0.04760698601603508,0.050850000232458115,0.1972000002861023,0.5063999891281128,0.2673202455043793,0.05713735148310661,0.05745000019669533,0.26109999418258667,0.5014500021934509,0.3305257260799408,0.058583442121744156,0.06584999710321426,0.32374998927116394,0.5179499983787537,0.4156777560710907,0.0729232206940651,0.11455000191926956,0.41119998693466187,0.6138499975204468,0.3346732556819916,0.05737220123410225,0.07885000109672546,0.3333500027656555,0.47984999418258667
553,GeoVision_Chennai_tile_154.tif,Chennai,65536,211,0.0032196044921875,0.12754549086093903,0.028601180762052536,0.08500000089406967,0.11720000207424164,0.25519999861717224,0.16148579120635986,0.029735295102000237,0.09520000219345093,0.1597999930381775,0.2766000032424927,0.19951467216014862,0.040702756494283676,0.10379999876022339,0.20880000293254852,0.287200003862381,0.25606539845466614,0.04639508202672005,0.13099999725818634,0.2702000141143799,0.323199987411499,0.32169339060783386,0.0690813958644867,0.14980000257492065,0.3262999951839447,0.44600000977516174,0.28717485070228577,0.06374527513980865,0.12559999525547028,0.2782999873161316,0.38999998569488525
554,GeoVision_Ahmedabad_tile_44.tif,Ahmedabad,65536,678,0.010345458984375,0.1516791433095932,0.049556322395801544,0.032737500965595245,0.13630999624729156,0.32046666741371155,0.18497146666049957,0.05363282188773155,0.05169999971985817,0.17339999973773956,0.37288331985473633,0.21720418334007263,0.05989937484264374,0.04031666740775108,0.21232500672340393,0.39551249146461487,0.26960650086402893,0.056907229125499725,0.055266667157411575,0.27355000376701355,0.4021500051021576,0.31257733702659607,0.07780621200799942,0.0617000013589859,0.3118000030517578,0.5491499900817871,0.2942512631416321,0.089686818420887,0.04405000060796738,0.29077082872390747,0.5937333703041077
555,GeoVision_Bengaluru_tile_163.tif,Bengaluru,65536,711,0.0108489990234375,0.13731983304023743,0.05794230476021767,0.01600000075995922,0.12849999964237213,0.6485999822616577,0.1843455731868744,0.061162855476140976,0.02239999920129776,0.18119999766349792,0.6880000233650208,0.2375817894935608,0.07591081410646439,0.013849999755620956,0.23919999599456787,0.7331500053405762,0.29740288853645325,0.08371854573488235,0.01655000075697899,0.296999990940094,0.7563499808311462,0.3573622405529022,0.10356783121824265,0.017999999225139618,0.34119999408721924,0.6328499913215637,0.3031734824180603,0.08201770484447479,0.013799999840557575,0.29670000076293945,0.5365999937057495
556,GeoVision_Hyderabad_tile_100.tif,Hyderabad,65536,1604,0.02447509765625,0.1022925078868866,0.041505150496959686,0.04879999905824661,0.09822499752044678,0.3529999852180481,0.123377725481987,0.049768202006816864,0.058766670525074005,0.1259250044822693,0.3846000134944916,0.14021411538124084,0.06623899936676025,0.05249999836087227,0.15285000205039978,0.39079999923706055,0.17623749375343323,0.08872540295124054,0.05469999834895134,0.18729999661445618,0.39169999957084656,0.19784949719905853,0.121072918176651,0.031700000166893005,0.24433332681655884,0.4762499928474426,0.17377786338329315,0.11353159695863724,0.025800000876188278,0.21854999661445618,0.4691999852657318
557,GeoVision_Jaipur_tile_134.tif,Jaipur,65536,37,0.0005645751953125,0.12743782997131348,0.03786816447973251,0.06825000047683716,0.11919999867677689,0.23260000348091125,0.1686391830444336,0.04168345034122467,0.10374999791383743,0.16349999606609344,0.2662999927997589,0.20565137267112732,0.05521302670240402,0.10715000331401825,0.2155500054359436,0.301800012588501,0.2716135084629059,0.06752623617649078,0.1437000036239624,0.29089999198913574,0.36469998955726624,0.32462435960769653,0.07304716855287552,0.15905000269412994,0.361050009727478,0.40404999256134033,0.2909216582775116,0.07005444169044495,0.13189999759197235,0.32554998993873596,0.3779999911785126
558,GeoVision_Ahmedabad_tile_72.tif,Ahmedabad,65536,6047,0.0922698974609375,0.15912878513336182,0.04431241378188133,0.03621666505932808,0.15150000154972076,0.3667333126068115,0.19393831491470337,0.04695805162191391,0.0674000009894371,0.18664000928401947,0.4016000032424927,0.22599101066589355,0.04938296601176262,0.04877999797463417,0.2220499962568283,0.4293999969959259,0.2756258547306061,0.044588856399059296,0.06548570841550827,0.2762666642665863,0.4719499945640564,0.3048624098300934,0.040629006922245026,0.042100001126527786,0.3060374855995178,0.4551500082015991,0.28452298045158386,0.04252411425113678,0.033075001090765,0.2864750027656555,0.4526750147342682
559,GeoVision_Ahmedabad_tile_75.tif,Ahmedabad,65536,1384,0.0211181640625,0.1340651512145996,0.0381460003554821,0.05806666985154152,0.1288750022649765,0.366266667842865,0.170796737074852,0.039843760430812836,0.07542499899864197,0.16609999537467957,0.4059000015258789,0.20507386326789856,0.04921211302280426,0.07327499985694885,0.20727500319480896,0.4456000030040741,0.26038479804992676,0.05796488747000694,0.06644999980926514,0.2680000066757202,0.47920000553131104,0.29506513476371765,0.05890873447060585,0.05950000137090683,0.3036375045776367,0.43884000182151794,0.26472756266593933,0.05971866473555565,0.04533999785780907,0.2727999985218048,0.4023750126361847
560,GeoVision_Mumbai_tile_80.tif,Mumbai,65536,28,0.00042724609375,0.1194341853260994,0.020412098616361618,0.09390000253915787,0.11793333292007446,0.17000000178813934,0.1401626318693161,0.024344593286514282,0.10824999958276749,0.13456666469573975,0.2003999948501587,0.14979343116283417,0.02832060493528843,0.11060000211000443,0.1436000019311905,0.22139999270439148,0.1487523764371872,0.033554140478372574,0.09459999948740005,0.14320001006126404,0.22779999673366547,0.14404089748859406,0.026504598557949066,0.08103333413600922,0.14512500166893005,0.17339999973773956,0.1426267921924591,0.02754352055490017,0.07930000126361847,0.13779999315738678,0.179299995303154
561,GeoVision_Ahmedabad_tile_166.tif,Ahmedabad,65536,1932,0.02947998046875,0.13387081027030945,0.032387033104896545,0.03909999877214432,0.1317249983549118,0.37119999527931213,0.17613093554973602,0.038627058267593384,0.049525000154972076,0.17486333847045898,0.4253000020980835,0.21861515939235687,0.04889630898833275,0.058150000870227814,0.22075000405311584,0.4410000145435333,0.27927061915397644,0.05661917105317116,0.07485000044107437,0.2856625020503998,0.45879998803138733,0.32057249546051025,0.05795355886220932,0.07154999673366547,0.3245374858379364,0.46970000863075256,0.2946360111236572,0.058672647923231125,0.061799999326467514,0.29782500863075256,0.44815000891685486
562,GeoVision_Chennai_tile_60.tif,Chennai,65536,0,0.0,,,,,,,,,,,,,,,,,,,,,,,,,,,,,,
563,GeoVision_Chennai_tile_14.tif,Chennai,65536,0,0.0,,,,,,,,,,,,,,,,,,,,,,,,,,,,,,
564,GeoVision_Ahmedabad_tile_158.tif,Ahmedabad,65536,1173,0.0178985595703125,0.15159156918525696,0.06824906915426254,0.028950000181794167,0.13539999723434448,0.38359999656677246,0.18417832255363464,0.07292049378156662,0.038100000470876694,0.16885000467300415,0.42820000648498535,0.21333689987659454,0.07584794610738754,0.02630000002682209,0.20457500219345093,0.48010000586509705,0.26241350173950195,0.07437949627637863,0.027300000190734863,0.2698499858379364,0.5649583339691162,0.29422035813331604,0.07789092510938644,0.04670000076293945,0.29858750104904175,0.5468500256538391,0.27430734038352966,0.08425895124673843,0.04010000079870224,0.27320000529289246,0.5880249738693237
565,GeoVision_Kolkata_tile_156.tif,Kolkata,65536,318,0.004852294921875,0.09043078124523163,0.03682727739214897,0.041191667318344116,0.07800666987895966,0.17720000445842743,0.10511714965105057,0.04058976471424103,0.04882499948143959,0.08809375017881393,0.2085999995470047,0.11590389162302017,0.04517139494419098,0.049533333629369736,0.10107666254043579,0.25200000405311584,0.14895300567150116,0.059148743748664856,0.05305999889969826,0.12946666777133942,0.30820000171661377,0.15517346560955048,0.05146824195981026,0.05790000036358833,0.1384333372116089,0.30605000257492065,0.1263045370578766,0.0387694388628006,0.04610000178217888,0.11678000539541245,0.25236666202545166
566,GeoVision_Chennai_tile_48.tif,Chennai,65536,18,0.000274658203125,0.08999444544315338,0.012628032825887203,0.06960000097751617,0.08744999766349792,0.11659999936819077,0.14196665585041046,0.02088170312345028,0.10819999873638153,0.14300000667572021,0.18860000371932983,0.1492944359779358,0.03439296409487724,0.09529999643564224,0.14339999854564667,0.2215999960899353,0.16259998083114624,0.05954473093152046,0.06790000200271606,0.14720000326633453,0.2996000051498413,0.18729443848133087,0.08510922640562057,0.1080000028014183,0.15530000627040863,0.39890000224113464,0.13334999978542328,0.08049145340919495,0.06390000134706497,0.10279999673366547,0.34869998693466187
567,GeoVision_Mumbai_tile_34.tif,Mumbai,65536,4,6.103515625e-05,0.08470416069030762,0.009265866130590439,0.07133333384990692,0.08497916162014008,0.09752500057220459,0.10972083359956741,0.012701405212283134,0.09096667170524597,0.11055833101272583,0.12680000066757202,0.13679690659046173,0.017929889261722565,0.11264000087976456,0.1358238160610199,0.16290000081062317,0.1871630847454071,0.023488713428378105,0.15309999883174896,0.1884261965751648,0.21870000660419464,0.21357500553131104,0.010868615470826626,0.20730000734329224,0.20730000734329224,0.23240000009536743,0.1771250069141388,0.009136567823588848,0.17184999585151672,0.17184999585151672,0.19294999539852142
568,GeoVision_Ahmedabad_tile_145.tif,Ahmedabad,65536,320,0.0048828125,0.10417003929615021,0.03522927314043045,0.046433333307504654,0.09197500348091125,0.23770000040531158,0.1447940319776535,0.0348614864051342,0.08034999668598175,0.13750000298023224,0.2772499918937683,0.15516331791877747,0.05521204695105553,0.059700001031160355,0.14228332042694092,0.314300000667572,0.1794532835483551,0.09437022358179092,0.04854999855160713,0.1618500053882599,0.3719500005245209,0.21692092716693878,0.09420567750930786,0.05480000004172325,0.20880000293254852,0.43316665291786194,0.18081295490264893,0.08965416997671127,0.0377499982714653,0.1692499965429306,0.39614999294281006
569,GeoVision_Bengaluru_tile_103.tif,Bengaluru,65536,1003,0.0153045654296875,0.15573668479919434,0.07142012566328049,0.025299999862909317,0.14900000393390656,0.5443999767303467,0.20330990850925446,0.07201407104730606,0.031300000846385956,0.1973000019788742,0.5333999991416931,0.25042957067489624,0.0751694068312645,0.03375000134110451,0.24285000562667847,0.5284500122070312,0.30908262729644775,0.0765472874045372,0.034949999302625656,0.3100000023841858,0.5081499814987183,0.3777853846549988,0.09239424020051956,0.05285000056028366,0.3788999915122986,0.60589998960495,0.32102659344673157,0.08416050672531128,0.04170000180602074,0.3122999966144562,0.628350019454956
570,GeoVision_Hyderabad_tile_91.tif,Hyderabad,65536,3021,0.0460968017578125,0.13256171345710754,0.029000388458371162,0.04569999873638153,0.12999999523162842,0.2996000051498413,0.1641284078359604,0.0330391563475132,0.04830000177025795,0.1637333333492279,0.3540000021457672,0.1974814236164093,0.04048273339867592,0.04259999841451645,0.19939999282360077,0.38019999861717224,0.24572551250457764,0.04890871420502663,0.035179998725652695,0.251800000667572,0.4036000072956085,0.30552881956100464,0.05632319301366806,0.02808571420609951,0.31049999594688416,0.49079999327659607,0.2705351412296295,0.05214053392410278,0.020275000482797623,0.2734000086784363,0.47964999079704285
571,GeoVision_Kolkata_tile_90.tif,Kolkata,65536,141,0.0021514892578125,0.0779007077217102,0.029038317501544952,0.03200000151991844,0.07559999823570251,0.1632000058889389,0.08968794345855713,0.0346401147544384,0.03680000081658363,0.09019999951124191,0.1720000058412552,0.0945354625582695,0.04221713915467262,0.03519999980926514,0.10010000318288803,0.2093999981880188,0.12421560287475586,0.056594960391521454,0.04580000042915344,0.12430000305175781,0.2888999879360199,0.15574821829795837,0.057581473141908646,0.03689999878406525,0.1582999974489212,0.2784999907016754,0.13899360597133636,0.04620840400457382,0.026399999856948853,0.1362999975681305,0.2232999950647354
572,GeoVision_Mumbai_tile_103.tif,Mumbai,65536,7861,0.1199493408203125,0.10121481120586395,0.01544727198779583,0.057500001043081284,0.10027500241994858,0.2021999955177307,0.12314807623624802,0.0183162372559309,0.06435000151395798,0.12275999784469604,0.23839999735355377,0.14161159098148346,0.02346041239798069,0.06424999982118607,0.1415500044822693,0.28209999203681946,0.16638119518756866,0.027970444411039352,0.06511250138282776,0.16660000383853912,0.30640000104904175,0.18230263888835907,0.03232072666287422,0.05719999969005585,0.1826999932527542,0.3638499975204468,0.16418731212615967,0.03291141986846924,0.04910000041127205,0.16509999334812164,0.328000009059906
573,GeoVision_Chennai_tile_4.tif,Chennai,65536,52,0.00079345703125,0.17087595164775848,0.057634782046079636,0.05534999817609787,0.18529999256134033,0.2648000121116638,0.1969144195318222,0.058407124131917953,0.06684999912977219,0.21095000207424164,0.28529998660087585,0.2141759693622589,0.0644867867231369,0.050700001418590546,0.22995001077651978,0.31540000438690186,0.27223557233810425,0.07031720131635666,0.0531499981880188,0.279449999332428,0.37779998779296875,0.2806423306465149,0.06545283645391464,0.08105000108480453,0.3002749979496002,0.35589998960494995,0.23722688853740692,0.06646691262722015,0.059050001204013824,0.2634499967098236,0.3343999981880188
574,GeoVision_Bengaluru_tile_33.tif,Bengaluru,65536,253,0.0038604736328125,0.13627469539642334,0.03864453732967377,0.04690000042319298,0.13379999995231628,0.320499986410141,0.18136027455329895,0.04465831443667412,0.06080000102519989,0.1867000013589859,0.32440000772476196,0.22230809926986694,0.06439974159002304,0.061250001192092896,0.22190000116825104,0.35714998841285706,0.284393846988678,0.07574046403169632,0.09075000137090683,0.28644999861717224,0.43735000491142273,0.33286622166633606,0.0865304172039032,0.11394999921321869,0.32670000195503235,0.5579500198364258,0.290161669254303,0.07342775166034698,0.09565000236034393,0.28049999475479126,0.48364999890327454
575,GeoVision_Hyderabad_tile_144.tif,Hyderabad,65536,112,0.001708984375,0.126573383808136,0.025228414684534073,0.07162857055664062,0.12646999955177307,0.2567000091075897,0.16827593743801117,0.03127756714820862,0.09737777709960938,0.16740000247955322,0.30000001192092896,0.22587306797504425,0.043292757123708725,0.13099999725818634,0.21930000185966492,0.3206999897956848,0.3018936514854431,0.048281874507665634,0.19850000739097595,0.2980250120162964,0.3776000142097473,0.36296534538269043,0.05945355072617531,0.22945000231266022,0.35032498836517334,0.4668000042438507,0.32655349373817444,0.06479647755622864,0.19859999418258667,0.3124333322048187,0.4423750042915344
576,GeoVision_Ahmedabad_tile_3.tif,Ahmedabad,65536,88,0.0013427734375,0.134398952126503,0.07668693363666534,0.0440666638314724,0.11940000206232071,0.33915001153945923,0.17275124788284302,0.07496064901351929,0.07760000228881836,0.15334999561309814,0.3837999999523163,0.18479131162166595,0.0943935215473175,0.05465000122785568,0.18551500141620636,0.43059998750686646,0.24021388590335846,0.1196938082575798,0.0625,0.2696250081062317,0.4907500147819519,0.23398031294345856,0.10845834016799927,0.04504166543483734,0.28744998574256897,0.3902750015258789,0.19694232940673828,0.10208757221698761,0.030933333560824394,0.23842084407806396,0.35306668281555176
577,GeoVision_Mumbai_tile_12.tif,Mumbai,65536,418,0.006378173828125,0.076584093272686,0.0037693192716687918,0.06174999848008156,0.07625000178813934,0.08569999784231186,0.09481842815876007,0.005946008022874594,0.07795000076293945,0.0939750000834465,0.11230000108480453,0.11143337935209274,0.01257879938930273,0.08654999732971191,0.10790000110864639,0.14659999310970306,0.14373552799224854,0.01488027535378933,0.11819999665021896,0.14054998755455017,0.18459999561309814,0.17991973459720612,0.03172888606786728,0.13089999556541443,0.17614999413490295,0.25824999809265137,0.15631340444087982,0.03657381981611252,0.09350000321865082,0.15565000474452972,0.2390500009059906
578,GeoVision_Kolkata_tile_172.tif,Kolkata,65536,269,0.0041046142578125,0.08496572077274323,0.026508957147598267,0.04910000041127205,0.07715000212192535,0.17080000042915344,0.10325030237436295,0.03355089947581291,0.05878333002328873,0.09125000238418579,0.1972000002861023,0.1172160878777504,0.048154521733522415,0.05634000152349472,0.09679999947547913,0.2134999930858612,0.14989112317562103,0.06740611791610718,0.05225000157952309,0.13124999403953552,0.26579999923706055,0.1767536997795105,0.08246371150016785,0.07859999686479568,0.13891999423503876,0.3257000148296356,0.15717045962810516,0.08714865148067474,0.056049998849630356,0.11630000174045563,0.32359999418258667
579,GeoVision_Bengaluru_tile_40.tif,Bengaluru,65536,375,0.0057220458984375,0.1306377351284027,0.04519028216600418,0.04019999876618385,0.12290000170469284,0.3531999886035919,0.16820013523101807,0.05052477493882179,0.047600001096725464,0.16910000145435333,0.39959999918937683,0.2095872014760971,0.06562239676713943,0.050850000232458115,0.21279999613761902,0.41484999656677246,0.2619469463825226,0.07552023977041245,0.06129999831318855,0.2671000063419342,0.4193499982357025,0.3351680040359497,0.11501485109329224,0.07904999703168869,0.3070000112056732,0.5613999962806702,0.3050384223461151,0.10936319082975388,0.052549999207258224,0.28244999051094055,0.5217499732971191
580,GeoVision_Hyderabad_tile_153.tif,Hyderabad,65536,1769,0.0269927978515625,0.14704087376594543,0.03526552394032478,0.0568000003695488,0.14419999718666077,0.2734000086784363,0.18217013776302338,0.040172088891267776,0.07199999690055847,0.17800000309944153,0.33059999346733093,0.21487130224704742,0.047985710203647614,0.07159999758005142,0.21223999559879303,0.3707999885082245,0.2582688629627228,0.05322101712226868,0.07463333010673523,0.26034998893737793,0.41653335094451904,0.3154246509075165,0.06612586975097656,0.062049999833106995,0.3163999915122986,0.4876999855041504,0.28354862332344055,0.06664397567510605,0.03849999979138374,0.2851499915122986,0.4424000084400177
581,GeoVision_Ahmedabad_tile_148.tif,Ahmedabad,65536,1000,0.0152587890625,0.1389460414648056,0.03266560286283493,0.04475000128149986,0.13407500088214874,0.32100000977516174,0.1806412786245346,0.0359986387193203,0.05262500047683716,0.1784999966621399,0.3492499887943268,0.22227059304714203,0.04218272119760513,0.06274999678134918,0.22534999251365662,0.37560001015663147,0.2887740731239319,0.04848528653383255,0.08815000206232071,0.29368752241134644,0.42289999127388,0.3276098668575287,0.04852200672030449,0.15264999866485596,0.33430832624435425,0.43802499771118164,0.2966410517692566,0.048847444355487823,0.13774999976158142,0.30287498235702515,0.4106000065803528
582,GeoVision_Ahmedabad_tile_14.tif,Ahmedabad,65536,454,0.006927490234375,0.1532580554485321,0.055128373205661774,0.02567916549742222,0.14529642462730408,0.3309333324432373,0.19026117026805878,0.05870179831981659,0.037933334708213806,0.1860666573047638,0.36754998564720154,0.22804519534111023,0.06920279562473297,0.029474999755620956,0.23346945643424988,0.4032999873161316,0.28428736329078674,0.07822718471288681,0.03319999948143959,0.2935500144958496,0.42446663975715637,0.3201035261154175,0.08570563048124313,0.043033335357904434,0.3255416750907898,0.48717498779296875,0.2932436466217041,0.08820486813783646,0.029660001397132874,0.298087477684021,0.4936416447162628
583,GeoVision_Bengaluru_tile_23.tif,Bengaluru,65536,1430,0.021820068359375,0.1282581388950348,0.04769058898091316,0.050200000405311584,0.12205000221729279,0.5004000067710876,0.1772458702325821,0.053533006459474564,0.05700000002980232,0.1716499924659729,0.5016000270843506,0.2379213124513626,0.058363500982522964,0.07124999910593033,0.23135000467300415,0.4941999912261963,0.30349603295326233,0.0588422454893589,0.08914999663829803,0.3000499904155731,0.4955500066280365,0.3904579281806946,0.07828647643327713,0.19134999811649323,0.37712499499320984,0.5914000272750854,0.3179415762424469,0.05962283909320831,0.1395999938249588,0.31244999170303345,0.5468500256538391
584,GeoVision_Hyderabad_tile_0.tif,Hyderabad,65536,188,0.00286865234375,0.13893505930900574,0.04286399483680725,0.042160000652074814,0.1362999975681305,0.25813332200050354,0.16751083731651306,0.038843296468257904,0.06024999916553497,0.17019999027252197,0.26820001006126404,0.19779428839683533,0.03730928525328636,0.046799998730421066,0.20915500819683075,0.29120001196861267,0.2611493170261383,0.03934071585536003,0.053199999034404755,0.2606000006198883,0.33980000019073486,0.30634939670562744,0.05471062660217285,0.08259999752044678,0.30000001192092896,0.42239999771118164,0.2422434240579605,0.05830227583646774,0.05008333548903465,0.2240000069141388,0.35066667199134827
585,GeoVision_Hyderabad_tile_38.tif,Hyderabad,65536,3781,0.0576934814453125,0.12980245053768158,0.027129897847771645,0.04324999824166298,0.1326500028371811,0.2581999897956848,0.17184503376483917,0.03381194919347763,0.05204999819397926,0.17720000445842743,0.2994999885559082,0.22144454717636108,0.05026416853070259,0.04039999842643738,0.2321999967098236,0.38019999861717224,0.27745386958122253,0.05969993770122528,0.04019999876618385,0.289000004529953,0.46560001373291016,0.34114575386047363,0.07309971749782562,0.026200000196695328,0.35703331232070923,0.45524999499320984,0.2938268184661865,0.06539391726255417,0.019700000062584877,0.30684998631477356,0.3978666663169861
586,GeoVision_Kolkata_tile_70.tif,Kolkata,65536,74,0.001129150390625,0.08114594221115112,0.030763007700443268,0.041200000792741776,0.07885000109672546,0.1589999943971634,0.10578648746013641,0.03288332372903824,0.0575999990105629,0.1010499969124794,0.19099999964237213,0.11108919233083725,0.04438263550400734,0.05040000006556511,0.1128000020980835,0.20980000495910645,0.14796215295791626,0.06536085158586502,0.05920000001788139,0.16600000858306885,0.25029999017715454,0.16299864649772644,0.067470483481884,0.04659999907016754,0.1940000057220459,0.2508000135421753,0.1368878334760666,0.06529790908098221,0.031300000846385956,0.16775000095367432,0.22689999639987946
587,GeoVision_Bengaluru_tile_5.tif,Bengaluru,65536,1012,0.01544189453125,0.1553625464439392,0.05318189412355423,0.028349999338388443,0.14970000088214874,0.4544000029563904,0.19694383442401886,0.056790973991155624,0.05355000123381615,0.19820000231266022,0.4970000088214874,0.23196455836296082,0.06504197418689728,0.05139999836683273,0.23295000195503235,0.5401999950408936,0.2804703414440155,0.06841695308685303,0.05990000069141388,0.279325008392334,0.5347999930381775,0.34041184186935425,0.08269409835338593,0.05714999884366989,0.33605000376701355,0.5537999868392944,0.30620184540748596,0.07216031849384308,0.03869999945163727,0.3101249933242798,0.4717000126838684
588,GeoVision_Bengaluru_tile_1.tif,Bengaluru,65536,52,0.00079345703125,0.14858654141426086,0.04884428158402443,0.06430000066757202,0.14675000309944153,0.25060001015663147,0.18552882969379425,0.053053002804517746,0.09775000065565109,0.1800999939441681,0.3059000074863434,0.22480575740337372,0.04633820429444313,0.13064999878406525,0.21172499656677246,0.35850000381469727,0.2944624722003937,0.042599715292453766,0.22849999368190765,0.2842000126838684,0.41165000200271606,0.34916922450065613,0.03526544198393822,0.2630999982357025,0.34474998712539673,0.41519999504089355,0.29217883944511414,0.03387201204895973,0.2102999985218048,0.2914999723434448,0.3591499924659729
589,GeoVision_Chennai_tile_102.tif,Chennai,65536,394,0.006011962890625,0.12172741442918777,0.04639991745352745,0.05375000089406967,0.11640000343322754,0.3465999960899353,0.14305126667022705,0.04618801176548004,0.05184999853372574,0.1392500102519989,0.37869998812675476,0.15819047391414642,0.05148152634501457,0.04650000110268593,0.16009999811649323,0.38260000944137573,0.20871788263320923,0.06202492117881775,0.049550000578165054,0.21610000729560852,0.41019999980926514,0.2531251609325409,0.07123451679944992,0.051750000566244125,0.26489999890327454,0.45544999837875366,0.2259015142917633,0.07125569134950638,0.039650000631809235,0.2379000037908554,0.4717000126838684
590,GeoVision_Bengaluru_tile_143.tif,Bengaluru,65536,113,0.0017242431640625,0.12958407402038574,0.07253942638635635,0.04334999993443489,0.10040000081062317,0.40689998865127563,0.1604805290699005,0.07750561833381653,0.06989999860525131,0.13099999725818634,0.45080000162124634,0.195331409573555,0.07609929144382477,0.06364999711513519,0.17949999868869781,0.46974998712539673,0.245352640748024,0.07741594314575195,0.04619999974966049,0.2370000034570694,0.48019999265670776,0.3159845173358917,0.07064003497362137,0.06185000017285347,0.3127500116825104,0.4187999963760376,0.26458805799484253,0.07246213406324387,0.042149998247623444,0.26614999771118164,0.40549999475479126
591,GeoVision_Jaipur_tile_85.tif,Jaipur,65536,1887,0.0287933349609375,0.12280333042144775,0.036193765699863434,0.030899999663233757,0.13109999895095825,0.25380000472068787,0.16122108697891235,0.04613332822918892,0.04149999842047691,0.17409999668598175,0.2766999900341034,0.19545124471187592,0.061613984405994415,0.041349999606609344,0.21400000154972076,0.30379998683929443,0.24767783284187317,0.07915938645601273,0.05730000138282776,0.27425000071525574,0.37560001015663147,0.2888330817222595,0.08385482430458069,0.10419999808073044,0.29919999837875366,0.454800009727478,0.26680734753608704,0.0826905220746994,0.08335000276565552,0.2728999853134155,0.45190000534057617
592,GeoVision_Kolkata_tile_5.tif,Kolkata,65536,0,0.0,,,,,,,,,,,,,,,,,,,,,,,,,,,,,,
593,GeoVision_Kolkata_tile_160.tif,Kolkata,65536,825,0.0125885009765625,0.09361185133457184,0.03599124401807785,0.040300000458955765,0.08802000433206558,0.2540000081062317,0.11299345642328262,0.042130328714847565,0.04910000041127205,0.10610000044107437,0.2935999929904938,0.11982474476099014,0.05350206792354584,0.04366666451096535,0.11599999666213989,0.34439998865127563,0.15408426523208618,0.0700865164399147,0.05130000039935112,0.1530333310365677,0.37279999256134033,0.16451844573020935,0.07415615767240524,0.029999999329447746,0.16590000689029694,0.3529999852180481,0.1369595229625702,0.07012433558702469,0.01954999938607216,0.13840000331401825,0.3125999867916107
594,GeoVision_Bengaluru_tile_31.tif,Bengaluru,65536,352,0.00537109375,0.11594986170530319,0.04046955332159996,0.0364999994635582,0.10860000550746918,0.2443999946117401,0.1644139140844345,0.04099650681018829,0.05615000054240227,0.17114999890327454,0.2660999894142151,0.21481889486312866,0.06842222809791565,0.040699999779462814,0.22097501158714294,0.33105000853538513,0.26730623841285706,0.07818348705768585,0.03099999949336052,0.2692999839782715,0.44255000352859497,0.3322390615940094,0.10343601554632187,0.041749998927116394,0.3231000006198883,0.5357499718666077,0.293860524892807,0.10088431090116501,0.03359999880194664,0.298550009727478,0.48684999346733093
595,GeoVision_Chennai_tile_91.tif,Chennai,65536,498,0.007598876953125,0.12496024370193481,0.044538695365190506,0.05260000005364418,0.12129999697208405,0.4187999963760376,0.15236687660217285,0.05409013107419014,0.05700000002980232,0.1444000005722046,0.45080000162124634,0.17233070731163025,0.069161556661129,0.04230000078678131,0.1664000004529953,0.43160000443458557,0.22222931683063507,0.08284278959035873,0.03779999911785126,0.21480000019073486,0.4275999963283539,0.26289939880371094,0.1018972396850586,0.031700000166893005,0.2540000081062317,0.46540001034736633,0.23474036157131195,0.1017492264509201,0.023399999365210533,0.22089999914169312,0.4772000014781952
596,GeoVision_Jaipur_tile_7.tif,Jaipur,65536,148,0.00225830078125,0.1466168910264969,0.04120524600148201,0.07680000364780426,0.1371999979019165,0.33559998869895935,0.1892155408859253,0.03632524609565735,0.11500000208616257,0.18320000171661377,0.34200000762939453,0.22808107733726501,0.036805540323257446,0.12630000710487366,0.22780001163482666,0.3431999981403351,0.30217161774635315,0.04023173451423645,0.18940000236034393,0.3052999973297119,0.4047999978065491,0.3602641820907593,0.04370376467704773,0.20430000126361847,0.3668000102043152,0.43479999899864197,0.326354056596756,0.04663712531328201,0.1785999983549118,0.3325999975204468,0.42320001125335693
597,GeoVision_Delhi_tile_45.tif,Delhi,65536,1035,0.0157928466796875,0.13322068750858307,0.02079661563038826,0.06400000303983688,0.133200004696846,0.2168000042438507,0.1753048151731491,0.02485932968556881,0.07940000295639038,0.17560000717639923,0.26100000739097595,0.21598300337791443,0.03238547220826149,0.0966000035405159,0.2168000042438507,0.32120001316070557,0.2748454213142395,0.035454969853162766,0.1136000007390976,0.2791000008583069,0.3700999915599823,0.3158159554004669,0.04178645834326744,0.1704999953508377,0.3181000053882599,0.4212999939918518,0.2892962396144867,0.04520731791853905,0.1518000066280365,0.287200003862381,0.4025999903678894
598,GeoVision_Jaipur_tile_62.tif,Jaipur,65536,4173,0.0636749267578125,0.19593621790409088,0.08575615286827087,0.06965000182390213,0.16339999437332153,0.48660001158714294,0.23788349330425262,0.07309107482433319,0.1023000031709671,0.2151000052690506,0.48840001225471497,0.27798426151275635,0.06288830190896988,0.10419999808073044,0.26350000500679016,0.4827499985694885,0.3292672634124756,0.04911496117711067,0.11400000005960464,0.3296000063419342,0.45899999141693115,0.4173460006713867,0.06958923488855362,0.094200000166893,0.40860000252723694,0.636650025844574,0.3997596502304077,0.08111044019460678,0.06199999898672104,0.38694998621940613,0.6594499945640564
599,GeoVision_Jaipur_tile_15.tif,Jaipur,65536,20,0.00030517578125,0.11266250908374786,0.02224293164908886,0.07895000278949738,0.1051499992609024,0.1881999969482422,0.1646600067615509,0.022663770243525505,0.12759999930858612,0.15929999947547913,0.22709999978542328,0.1934400051832199,0.03222169354557991,0.15389999747276306,0.18344999849796295,0.2750000059604645,0.2694374918937683,0.04995402693748474,0.1835000067949295,0.26899999380111694,0.37040001153945923,0.2900925278663635,0.04371817037463188,0.24410000443458557,0.27732497453689575,0.3864000141620636,0.24587254226207733,0.04520000144839287,0.20444999635219574,0.23160000145435333,0.3555000126361847
600,GeoVision_Kolkata_tile_1.tif,Kolkata,65536,2,3.0517578125e-05,0.10590000450611115,0.018699999898672104,0.08720000088214874,0.10590000450611115,0.12460000067949295,0.12680000066757202,0.01719999685883522,0.1096000000834465,0.12680000066757202,0.14399999380111694,0.1306999921798706,0.015500001609325409,0.1151999980211258,0.1306999921798706,0.1462000012397766,0.18005000054836273,0.015049993991851807,0.16500000655651093,0.18005000054836273,0.19509999454021454,0.2053000032901764,0.030199997127056122,0.17509999871253967,0.2053000032901764,0.23549999296665192,0.1712999939918518,0.03480000048875809,0.13650000095367432,0.1712999939918518,0.2061000019311905
601,GeoVision_Mumbai_tile_173.tif,Mumbai,65536,589,0.0089874267578125,0.08569083362817764,0.014871163293719292,0.053700000047683716,0.0820000022649765,0.15839999914169312,0.10282257944345474,0.017814921215176582,0.06480000168085098,0.09709999710321426,0.18400000035762787,0.11674889177083969,0.021841486915946007,0.0625,0.10980000346899033,0.21240000426769257,0.1434343010187149,0.025600770488381386,0.07320000231266022,0.13500000536441803,0.23119999468326569,0.15578436851501465,0.028819307684898376,0.0681999996304512,0.16429999470710754,0.22439999878406525,0.14151917397975922,0.03140759840607643,0.05739999935030937,0.14800000190734863,0.2143000066280365
602,GeoVision_Ahmedabad_tile_45.tif,Ahmedabad,65536,1146,0.017486572265625,0.15255209803581238,0.05849272757768631,0.035599999129772186,0.1441749930381775,0.32839998602867126,0.18878298997879028,0.06348056346178055,0.050599999725818634,0.18267500400543213,0.38393333554267883,0.2195332646369934,0.07379709929227829,0.04455000162124634,0.22152499854564667,0.41920000314712524,0.2672828435897827,0.07790493965148926,0.04430000111460686,0.28209999203681946,0.4408000111579895,0.30061182379722595,0.0842713862657547,0.04154999926686287,0.3120749890804291,0.47530001401901245,0.2795814871788025,0.08940035104751587,0.030525000765919685,0.2905583381652832,0.5037333369255066
603,GeoVision_Kolkata_tile_12.tif,Kolkata,65536,386,0.005889892578125,0.07607331871986389,0.029260355979204178,0.037700001150369644,0.07019999623298645,0.20180000364780426,0.10052952915430069,0.029494406655430794,0.05959999933838844,0.09799999743700027,0.22579999268054962,0.10143730789422989,0.03789832442998886,0.04619999974966049,0.09380000084638596,0.23499999940395355,0.12204016000032425,0.05652115121483803,0.04340000078082085,0.11535000056028366,0.2815000116825104,0.15329144895076752,0.07125168293714523,0.04560000076889992,0.14920000731945038,0.3547999858856201,0.12953004240989685,0.07191626727581024,0.03060000017285347,0.11914999783039093,0.3718000054359436
604,GeoVision_Bengaluru_tile_111.tif,Bengaluru,65536,556,0.00848388671875,0.1363150179386139,0.0631658136844635,0.04405000060796738,0.12254999577999115,0.5070000290870667,0.18519631028175354,0.06461090594530106,0.05624999850988388,0.18584999442100525,0.5343999862670898,0.2311585545539856,0.07246629148721695,0.05685000121593475,0.24125000834465027,0.567799985408783,0.2808687090873718,0.07480081915855408,0.06530000269412994,0.2947999835014343,0.593999981880188,0.3395405411720276,0.08544325083494186,0.11860000342130661,0.35835000872612,0.5789999961853027,0.2889246642589569,0.08263646066188812,0.08349999785423279,0.29284998774528503,0.6075999736785889
605,GeoVision_Mumbai_tile_99.tif,Mumbai,65536,153,0.0023345947265625,0.09846583753824234,0.012307132594287395,0.05490000173449516,0.09816666692495346,0.133366659283638,0.11813835799694061,0.012503648176789284,0.07395000010728836,0.12060000002384186,0.15309999883174896,0.12622644007205963,0.018151888623833656,0.061149999499320984,0.12960000336170197,0.16840000450611115,0.1489059031009674,0.026875579729676247,0.06390000134706497,0.16060000658035278,0.21140000224113464,0.14819668233394623,0.03362734243273735,0.06129999831318855,0.15434999763965607,0.19535000622272491,0.13044863939285278,0.02943737804889679,0.05420000106096268,0.13529999554157257,0.17520000040531158
606,GeoVision_Mumbai_tile_89.tif,Mumbai,65536,0,0.0,,,,,,,,,,,,,,,,,,,,,,,,,,,,,,
607,GeoVision_Kolkata_tile_97.tif,Kolkata,65536,197,0.0030059814453125,0.05301066115498543,0.014061866328120232,0.03720000013709068,0.04699999839067459,0.11720000207424164,0.06411268562078476,0.016768429428339005,0.04390000179409981,0.057999998331069946,0.13600000739097595,0.061889853328466415,0.02271493338048458,0.04050000011920929,0.052000001072883606,0.15719999372959137,0.08265837281942368,0.03761622682213783,0.04430000111460686,0.06780000030994415,0.20080000162124634,0.10159796476364136,0.038365934044122696,0.039900001138448715,0.09510000050067902,0.19660000503063202,0.07835838198661804,0.037139568477869034,0.02850000001490116,0.07050000131130219,0.1737000048160553
608,GeoVision_Delhi_tile_93.tif,Delhi,65536,84,0.00128173828125,0.1346101015806198,0.031013505533337593,0.06975000351667404,0.1399500072002411,0.2021999955177307,0.17155179381370544,0.03472854942083359,0.08474999666213989,0.17190000414848328,0.2370000034570694,0.20554283261299133,0.04519529268145561,0.09794999659061432,0.21722500026226044,0.2761000096797943,0.24117615818977356,0.056522637605667114,0.09544999897480011,0.2661750018596649,0.3160000145435333,0.2685713768005371,0.05850238725543022,0.08094999939203262,0.29339998960494995,0.33219999074935913,0.24376249313354492,0.05657268688082695,0.050450000911951065,0.2648000121116638,0.31654998660087585
609,GeoVision_Bengaluru_tile_20.tif,Bengaluru,65536,1177,0.0179595947265625,0.15010161697864532,0.046845342963933945,0.031449999660253525,0.14239999651908875,0.3361999988555908,0.21339073777198792,0.06329338252544403,0.04125000163912773,0.20360000431537628,0.3743000030517578,0.26650598645210266,0.0764431431889534,0.04515000060200691,0.26284998655319214,0.44179999828338623,0.3348296284675598,0.08015050739049911,0.04964999854564667,0.3389500081539154,0.5408499836921692,0.40597274899482727,0.10302557051181793,0.039900001138448715,0.41510000824928284,0.6215999722480774,0.33117005228996277,0.07967232912778854,0.02630000002682209,0.3305499851703644,0.5051500201225281
610,GeoVision_Chennai_tile_25.tif,Chennai,65536,1132,0.01727294921875,0.13284577429294586,0.03264689818024635,0.061400000005960464,0.13439999520778656,0.31380000710487366,0.1582566201686859,0.03542686253786087,0.0771000012755394,0.1632000058889389,0.35499998927116394,0.1742008924484253,0.04635797068476677,0.062199998646974564,0.18279999494552612,0.3776000142097473,0.21803860366344452,0.06057113781571388,0.05909999832510948,0.23260000348091125,0.41440001130104065,0.2506329417228699,0.07091797143220901,0.05739999935030937,0.2648000121116638,0.38989999890327454,0.21888825297355652,0.0667455717921257,0.037700001150369644,0.23260000348091125,0.3495999872684479
611,GeoVision_Hyderabad_tile_161.tif,Hyderabad,65536,419,0.0063934326171875,0.12905561923980713,0.029269658029079437,0.05959999933838844,0.12319999933242798,0.23479999601840973,0.16225436329841614,0.030874360352754593,0.07850000262260437,0.1615999937057495,0.2676500082015991,0.20099489390850067,0.04265965521335602,0.08320000022649765,0.2006250023841858,0.2953999936580658,0.25584712624549866,0.05308569595217705,0.13439999520778656,0.25060001015663147,0.37619999051094055,0.3041042983531952,0.05663244053721428,0.1782499998807907,0.29249998927116394,0.44600000977516174,0.27379193902015686,0.05325430631637573,0.11940000206232071,0.2632499933242798,0.4253999888896942
612,GeoVision_Jaipur_tile_118.tif,Jaipur,65536,87,0.0013275146484375,0.14810289442539215,0.03271285071969032,0.07485000044107437,0.1420000046491623,0.25780001282691956,0.1916368156671524,0.033820196986198425,0.10779999941587448,0.18649999797344208,0.28519999980926514,0.23536668717861176,0.04141727834939957,0.08375000208616257,0.23770000040531158,0.3303999900817871,0.3061235547065735,0.048901673406362534,0.08529999852180481,0.31360000371932983,0.3831999897956848,0.3617057502269745,0.03526582196354866,0.2370000034570694,0.36149999499320984,0.4327000081539154,0.329275906085968,0.037434156984090805,0.2167000025510788,0.3276500105857849,0.41154998540878296
613,GeoVision_Mumbai_tile_96.tif,Mumbai,65536,2770,0.042266845703125,0.09727335721254349,0.023406097665429115,0.04944999888539314,0.09253749996423721,0.2387000024318695,0.11016107350587845,0.0271578598767519,0.04899999871850014,0.10487125813961029,0.2809999883174896,0.12216193228960037,0.03105652518570423,0.04899999871850014,0.11693333834409714,0.30219998955726624,0.1469781994819641,0.0362066812813282,0.04608749970793724,0.14264726638793945,0.3466285765171051,0.17425955832004547,0.039638444781303406,0.04901000112295151,0.17447499930858612,0.3291333317756653,0.15609502792358398,0.03851165995001793,0.03685000166296959,0.15777179598808289,0.2895500063896179
614,GeoVision_Hyderabad_tile_75.tif,Hyderabad,65536,513,0.0078277587890625,0.05949999392032623,0.02935381606221199,0.03929999843239784,0.04976249858736992,0.17000000178813934,0.07294619083404541,0.04221775382757187,0.04600000008940697,0.05823333188891411,0.23800000548362732,0.07121757417917252,0.06683848798274994,0.033399999141693115,0.047600001096725464,0.3255000114440918,0.09137479215860367,0.09150956571102142,0.023933332413434982,0.058740001171827316,0.39910000562667847,0.09328203648328781,0.11179622262716293,0.02250000089406967,0.05260000005364418,0.4722999930381775,0.07391911000013351,0.10470875352621078,0.01655000075697899,0.036157142370939255,0.46006664633750916
615,GeoVision_Bengaluru_tile_89.tif,Bengaluru,65536,1541,0.0235137939453125,0.1569836437702179,0.07981318235397339,0.03334999829530716,0.13590000569820404,0.4986000061035156,0.20240604877471924,0.0839611366391182,0.03999999910593033,0.188400000333786,0.5175999999046326,0.2445376068353653,0.0914183035492897,0.04024999961256981,0.23669999837875366,0.527999997138977,0.2864829897880554,0.0942663848400116,0.043049998581409454,0.28610000014305115,0.5307999849319458,0.3556901514530182,0.11868242919445038,0.04964999854564667,0.34915000200271606,0.7428500056266785,0.303863525390625,0.10889329016208649,0.04114999994635582,0.29670000076293945,0.8039000034332275
616,GeoVision_Kolkata_tile_171.tif,Kolkata,65536,271,0.0041351318359375,0.08130410313606262,0.022248229011893272,0.03700000047683716,0.07670000195503235,0.13940000534057617,0.09939868003129959,0.028252504765987396,0.043699998408555984,0.094200000166893,0.16832000017166138,0.11371266841888428,0.035982951521873474,0.041349999606609344,0.1071000024676323,0.21023999154567719,0.13983920216560364,0.045088112354278564,0.039650000631809235,0.13410000503063202,0.2768000066280365,0.16400140523910522,0.05178704485297203,0.04490000009536743,0.16030000150203705,0.35440000891685486,0.1482631415128708,0.055117275565862656,0.03280000016093254,0.14259999990463257,0.3481166660785675
617,GeoVision_Kolkata_tile_98.tif,Kolkata,65536,687,0.0104827880859375,0.08002591878175735,0.03747056424617767,0.03500000014901161,0.0746999979019165,0.2078000009059906,0.09693478792905807,0.04165279120206833,0.042100001126527786,0.0892999991774559,0.22859999537467957,0.10008703917264938,0.05120087414979935,0.03660000115633011,0.09619999676942825,0.22759999334812164,0.12437540292739868,0.06937225908041,0.03689999878406525,0.1225999966263771,0.29339998960494995,0.13909170031547546,0.07985462993383408,0.03269999846816063,0.12690000236034393,0.3700000047683716,0.11691659688949585,0.07973535358905792,0.021199999377131462,0.09700000286102295,0.3707999885082245
618,GeoVision_Mumbai_tile_31.tif,Mumbai,65536,2106,0.032135009765625,0.10946422070264816,0.034655552357435226,0.062199998646974564,0.10064999759197235,0.3208000063896179,0.12937045097351074,0.038044363260269165,0.07100000232458115,0.12080000340938568,0.357699990272522,0.14992433786392212,0.04159706085920334,0.07845000177621841,0.1400499939918518,0.38999998569488525,0.17219358682632446,0.04096875339746475,0.09515000134706497,0.16419999301433563,0.38359999656677246,0.19472938776016235,0.06754330545663834,0.10980000346899033,0.17425000667572021,0.6150500178337097,0.17607170343399048,0.07810132950544357,0.0925000011920929,0.1480250060558319,0.678849995136261
619,GeoVision_Jaipur_tile_46.tif,Jaipur,65536,1264,0.019287109375,0.14202871918678284,0.041695546358823776,0.04809999838471413,0.13609999418258667,0.4009999930858612,0.18159295618534088,0.04149599000811577,0.06145000085234642,0.17875000834465027,0.4230000078678131,0.2199143022298813,0.04415399581193924,0.07280000299215317,0.21904999017715454,0.427949994802475,0.2897671163082123,0.04599086567759514,0.07680000364780426,0.2929750084877014,0.42524999380111694,0.3399982750415802,0.054184041917324066,0.08009999990463257,0.3434000015258789,0.5585500001907349,0.3081384599208832,0.05635455995798111,0.05624999850988388,0.31060001254081726,0.5758000016212463
620,GeoVision_Delhi_tile_142.tif,Delhi,65536,14,0.000213623046875,0.17189285159111023,0.01038676779717207,0.15189999341964722,0.17520000040531158,0.186599999666214,0.20665714144706726,0.012587392702698708,0.18029999732971191,0.21024999022483826,0.22509999573230743,0.2438642680644989,0.013428892008960247,0.22110000252723694,0.24654999375343323,0.2587999999523163,0.28110358119010925,0.014850728213787079,0.25189998745918274,0.28209999203681946,0.30410000681877136,0.3178679049015045,0.008522124961018562,0.2937000095844269,0.3159500062465668,0.3280999958515167,0.308724969625473,0.018524575978517532,0.27515000104904175,0.31564998626708984,0.3362500071525574
621,GeoVision_Mumbai_tile_115.tif,Mumbai,65536,1040,0.015869140625,0.09178535640239716,0.018110502511262894,0.053279999643564224,0.08831000328063965,0.22579999268054962,0.11187959462404251,0.025295691564679146,0.06499999761581421,0.10669666528701782,0.26460000872612,0.1317508965730667,0.039892856031656265,0.06224285811185837,0.11983689665794373,0.3118000030517578,0.16056375205516815,0.051069796085357666,0.06528332829475403,0.14836429059505463,0.3984000086784363,0.19051463901996613,0.06712190806865692,0.058766670525074005,0.1807861030101776,0.414000004529953,0.1710713654756546,0.06574082374572754,0.050599999725818634,0.15864285826683044,0.40290001034736633
622,GeoVision_Hyderabad_tile_13.tif,Hyderabad,65536,243,0.0037078857421875,0.13258257508277893,0.033594608306884766,0.05285000056028366,0.12646666169166565,0.2287999987602234,0.1723201870918274,0.036451321095228195,0.065700002014637,0.17059999704360962,0.2799000144004822,0.2228582501411438,0.045941565185785294,0.06809999793767929,0.21979999542236328,0.3319999873638153,0.2794978618621826,0.05167422816157341,0.09395000338554382,0.28306666016578674,0.39399999380111694,0.3508923053741455,0.06317158788442612,0.1388999968767166,0.3542749881744385,0.45794999599456787,0.3016776442527771,0.05300768092274666,0.11940000206232071,0.3084000051021576,0.38304999470710754
623,GeoVision_Mumbai_tile_2.tif,Mumbai,65536,0,0.0,,,,,,,,,,,,,,,,,,,,,,,,,,,,,,
624,GeoVision_Bengaluru_tile_138.tif,Bengaluru,65536,1806,0.027557373046875,0.1512451171875,0.056226473301649094,0.02759999968111515,0.14214999973773956,0.4262000024318695,0.20861470699310303,0.06465625017881393,0.03974999859929085,0.19949999451637268,0.49480000138282776,0.27378714084625244,0.07068872451782227,0.0507499985396862,0.27117499709129333,0.5016000270843506,0.33240100741386414,0.07578917592763901,0.04984999820590019,0.33034998178482056,0.5667499899864197,0.41384974122047424,0.09781918674707413,0.07649999856948853,0.41554999351501465,0.7056999802589417,0.3446749150753021,0.07688838988542557,0.06449999660253525,0.34619998931884766,0.762499988079071
625,GeoVision_Bengaluru_tile_42.tif,Bengaluru,65536,308,0.00469970703125,0.12615567445755005,0.045735884457826614,0.04809999838471413,0.11445000022649765,0.38019999861717224,0.1676710993051529,0.052628785371780396,0.05925000086426735,0.16179999709129333,0.4004000127315521,0.208437979221344,0.065386563539505,0.06605000048875809,0.2033500075340271,0.39820000529289246,0.2645021080970764,0.070521779358387,0.08775000274181366,0.2637249827384949,0.4521999955177307,0.31851688027381897,0.0871407613158226,0.14524999260902405,0.3075999915599823,0.5434499979019165,0.2796204686164856,0.08092289417982101,0.11604999750852585,0.2672249972820282,0.46355000138282776
626,GeoVision_Jaipur_tile_160.tif,Jaipur,65536,136,0.0020751953125,0.11084117740392685,0.0218415018171072,0.07620000094175339,0.11374999582767487,0.2240999937057495,0.15597794950008392,0.027743253856897354,0.10409999638795853,0.15847499668598175,0.2513999938964844,0.2044757455587387,0.03735795244574547,0.11599999666213989,0.20704999566078186,0.2881999909877777,0.2822503447532654,0.044352129101753235,0.1678999960422516,0.2862749993801117,0.3718000054359436,0.3502444922924042,0.04248978570103645,0.19519999623298645,0.3566499948501587,0.44225001335144043,0.32909703254699707,0.04628458619117737,0.16539999842643738,0.34244999289512634,0.4311999976634979
627,GeoVision_Ahmedabad_tile_113.tif,Ahmedabad,65536,2746,0.041900634765625,0.12709179520606995,0.026441214606165886,0.04235000163316727,0.12600000202655792,0.3336000144481659,0.167925626039505,0.032626714557409286,0.051783330738544464,0.16882500052452087,0.36899998784065247,0.2101600170135498,0.043670594692230225,0.05694999918341637,0.21230000257492065,0.4083000123500824,0.27347567677497864,0.05479983985424042,0.07020000368356705,0.27836665511131287,0.42800000309944153,0.3188939392566681,0.06385697424411774,0.10717500001192093,0.3240833282470703,0.4841666519641876,0.291213721036911,0.06237785518169403,0.0815500020980835,0.2951500117778778,0.45899999141693115
628,GeoVision_Chennai_tile_2.tif,Chennai,65536,231,0.0035247802734375,0.16339826583862305,0.0556456558406353,0.03400000184774399,0.15060000121593475,0.3840000033378601,0.1959826797246933,0.05805404484272003,0.048500001430511475,0.1881999969482422,0.438400000333786,0.22620820999145508,0.06207319721579552,0.03629999980330467,0.22380000352859497,0.4375999867916107,0.276932030916214,0.0651039406657219,0.04410000145435333,0.27219998836517334,0.4796000123023987,0.3198281228542328,0.06193125993013382,0.03269999846816063,0.3352000117301941,0.4246000051498413,0.27780821919441223,0.06073412299156189,0.02539999969303608,0.2973000109195709,0.36899998784065247
629,GeoVision_Chennai_tile_6.tif,Chennai,65536,729,0.0111236572265625,0.16192716360092163,0.05417684093117714,0.050450000911951065,0.15360000729560852,0.37959998846054077,0.19510012865066528,0.053285252302885056,0.07554999738931656,0.18790000677108765,0.4068000018596649,0.22262194752693176,0.05854439362883568,0.056049998849630356,0.22010000050067902,0.4368000030517578,0.2670791447162628,0.06177454814314842,0.05364999920129776,0.2680000066757202,0.4779999852180481,0.3254312574863434,0.06780277192592621,0.06710000336170197,0.336650013923645,0.43355000019073486,0.28904569149017334,0.06692362576723099,0.04410000145435333,0.30035001039505005,0.38975000381469727
630,GeoVision_Mumbai_tile_81.tif,Mumbai,65536,0,0.0,,,,,,,,,,,,,,,,,,,,,,,,,,,,,,
631,GeoVision_Bengaluru_tile_156.tif,Bengaluru,65536,119,0.0018157958984375,0.0906432718038559,0.026688868179917336,0.051899999380111694,0.08574999868869781,0.2223999947309494,0.12690293788909912,0.028543621301651,0.08354999870061874,0.12349999696016312,0.2676999866962433,0.18665336072444916,0.025804297998547554,0.13379999995231628,0.1867000013589859,0.2964499890804291,0.23820798099040985,0.029948541894555092,0.15125000476837158,0.2378000020980835,0.3516499996185303,0.3469744026660919,0.030874399468302727,0.26339998841285706,0.34485000371932983,0.44609999656677246,0.28252896666526794,0.02922675758600235,0.19095000624656677,0.2843500077724457,0.35385000705718994
632,GeoVision_Delhi_tile_118.tif,Delhi,65536,959,0.0146331787109375,0.1301189810037613,0.02516929805278778,0.029249999672174454,0.12770000100135803,0.2313999980688095,0.15715552866458893,0.026915738359093666,0.03435000032186508,0.15639999508857727,0.27730000019073486,0.173658549785614,0.031499266624450684,0.03869999945163727,0.17229999601840973,0.32580000162124634,0.22990494966506958,0.04022069275379181,0.049400001764297485,0.23399999737739563,0.3612000048160553,0.2470429539680481,0.03814053535461426,0.08015000075101852,0.24729999899864197,0.3319000005722046,0.21795625984668732,0.03721148520708084,0.06224999949336052,0.2188500016927719,0.3064500093460083
633,GeoVision_Kolkata_tile_122.tif,Kolkata,65536,1084,0.01654052734375,0.0934983417391777,0.01594018004834652,0.03994285687804222,0.09759999811649323,0.15413333475589752,0.12147444486618042,0.02001872844994068,0.052400000393390656,0.12439332902431488,0.17373333871364594,0.14023323357105255,0.03288310766220093,0.04166363552212715,0.14303570985794067,0.22619999945163727,0.18620145320892334,0.039498865604400635,0.04295000061392784,0.18725000321865082,0.28546667098999023,0.22573190927505493,0.05566053092479706,0.03985000029206276,0.23555000126361847,0.3546999990940094,0.20759159326553345,0.06389831006526947,0.023571427911520004,0.21694999933242798,0.35304999351501465
634,GeoVision_Kolkata_tile_36.tif,Kolkata,65536,21,0.0003204345703125,0.07491427659988403,0.03583167493343353,0.03779999911785126,0.05999999865889549,0.16120000183582306,0.09271429479122162,0.03864650800824165,0.04919999837875366,0.07419999688863754,0.1881999969482422,0.09220951795578003,0.048069827258586884,0.04280000180006027,0.07360000163316727,0.20419999957084656,0.12492381036281586,0.0695585161447525,0.05739999935030937,0.1023000031709671,0.2639999985694885,0.12093809992074966,0.05983993783593178,0.035999998450279236,0.10610000044107437,0.21899999678134918,0.09731429070234299,0.05645683780312538,0.02019999921321869,0.08550000190734863,0.19099999964237213
635,GeoVision_Kolkata_tile_80.tif,Kolkata,65536,262,0.003997802734375,0.07900457829236984,0.036351192742586136,0.035999998450279236,0.06890000402927399,0.17919999361038208,0.09760686010122299,0.042230889201164246,0.04039999842643738,0.08744999766349792,0.21660000085830688,0.10170725733041763,0.054538264870643616,0.035999998450279236,0.08855000138282776,0.23659999668598175,0.13164924085140228,0.073921337723732,0.040699999779462814,0.12155000120401382,0.2930000126361847,0.14907556772232056,0.08621257543563843,0.03189999982714653,0.1229500025510788,0.32820001244544983,0.1303805261850357,0.08440671116113663,0.020800000056624413,0.10359999537467957,0.3192000091075897
636,GeoVision_Ahmedabad_tile_177.tif,Ahmedabad,65536,159,0.0024261474609375,0.16211271286010742,0.05390433967113495,0.09589999914169312,0.15299999713897705,0.4099000096321106,0.1979418843984604,0.053668852895498276,0.12189999967813492,0.1913333386182785,0.44839999079704285,0.23408296704292297,0.05310636758804321,0.12150000035762787,0.23100000619888306,0.460999995470047,0.3009885847568512,0.04512597620487213,0.1858000010251999,0.30387499928474426,0.4587666392326355,0.3332614004611969,0.035392310470342636,0.22705000638961792,0.3328999876976013,0.45647498965263367,0.29731452465057373,0.04006059467792511,0.1996999979019165,0.29510000348091125,0.4318000078201294
637,GeoVision_Bengaluru_tile_11.tif,Bengaluru,65536,846,0.012908935546875,0.1427745223045349,0.05316684767603874,0.03240000084042549,0.12894999980926514,0.32100000977516174,0.17835697531700134,0.046461060643196106,0.051100000739097595,0.1707499921321869,0.3529999852180481,0.21700602769851685,0.04434722289443016,0.04645000025629997,0.21879999339580536,0.37654998898506165,0.2720864713191986,0.049542732536792755,0.04874999821186066,0.2728250026702881,0.40470001101493835,0.3299359977245331,0.06532993912696838,0.03750000149011612,0.32477498054504395,0.5386999845504761,0.2769278883934021,0.06625620275735855,0.027950000017881393,0.27652499079704285,0.48399999737739563
638,GeoVision_Chennai_tile_84.tif,Chennai,65536,1559,0.0237884521484375,0.1251196265220642,0.03343592956662178,0.04399999976158142,0.1264999955892563,0.39899998903274536,0.14189362525939941,0.03728526085615158,0.04349999874830246,0.14499999582767487,0.4424000084400177,0.14853253960609436,0.041901007294654846,0.0348999984562397,0.15160000324249268,0.4352000057697296,0.18074451386928558,0.053610436618328094,0.03920000046491623,0.18700000643730164,0.41819998621940613,0.2184762954711914,0.05933178588747978,0.037300001829862595,0.22499999403953552,0.429500013589859,0.20082899928092957,0.060816098004579544,0.027149999514222145,0.20909999310970306,0.4393500089645386
639,GeoVision_Ahmedabad_tile_107.tif,Ahmedabad,65536,1528,0.0233154296875,0.1863054782152176,0.07178961485624313,0.030799999833106995,0.17149999737739563,0.47040000557899475,0.22169853746891022,0.07329566031694412,0.042249999940395355,0.20960000157356262,0.5162000060081482,0.25148293375968933,0.07704333961009979,0.03336666524410248,0.24599376320838928,0.5655500292778015,0.30411267280578613,0.07274254411458969,0.042649999260902405,0.30553752183914185,0.6103166341781616,0.34201282262802124,0.07830024510622025,0.052299998700618744,0.3398500084877014,0.6086285710334778,0.32009685039520264,0.08811773359775543,0.035349998623132706,0.3133624792098999,0.6484571099281311
640,GeoVision_Mumbai_tile_37.tif,Mumbai,65536,0,0.0,,,,,,,,,,,,,,,,,,,,,,,,,,,,,,
641,GeoVision_Bengaluru_tile_25.tif,Bengaluru,65536,721,0.0110015869140625,0.16100271046161652,0.0889732614159584,0.03999999910593033,0.1347000002861023,0.5763999819755554,0.20669202506542206,0.08333681523799896,0.062049999833106995,0.1858000010251999,0.5857999920845032,0.2598501443862915,0.07648149877786636,0.06825000047683716,0.256850004196167,0.6132000088691711,0.32135143876075745,0.06963107734918594,0.10970000177621841,0.3203499913215637,0.644599974155426,0.39724066853523254,0.07572131603956223,0.12364999949932098,0.4029499888420105,0.6018999814987183,0.32940736413002014,0.07351450622081757,0.09390000253915787,0.3330000042915344,0.628600001335144
642,GeoVision_Mumbai_tile_167.tif,Mumbai,65536,767,0.0117034912109375,0.09700668603181839,0.02168704755604267,0.0430000014603138,0.09667500108480453,0.24533332884311676,0.11738390475511551,0.025320088490843773,0.055399999022483826,0.11620000004768372,0.29311999678611755,0.13173872232437134,0.03069717437028885,0.056699998676776886,0.13264000415802002,0.3312000036239624,0.16516631841659546,0.03639546036720276,0.06780000030994415,0.16705000400543213,0.38119998574256897,0.16775748133659363,0.03255132585763931,0.06700000166893005,0.16712500154972076,0.29258573055267334,0.14511623978614807,0.030799083411693573,0.05234285816550255,0.14318571984767914,0.2574555575847626
643,GeoVision_Bengaluru_tile_29.tif,Bengaluru,65536,543,0.0082855224609375,0.14159925282001495,0.05267612636089325,0.04450000077486038,0.13459999859333038,0.4390000104904175,0.17604926228523254,0.05529496446251869,0.0507499985396862,0.16619999706745148,0.48820000886917114,0.2071595937013626,0.062053948640823364,0.052149999886751175,0.19975000619888306,0.4909999966621399,0.2526669502258301,0.06788172572851181,0.06769999861717224,0.24819999933242798,0.47780001163482666,0.30618149042129517,0.08489519357681274,0.10849999636411667,0.2874999940395355,0.6033499836921692,0.27246013283729553,0.07620550692081451,0.08685000240802765,0.25975000858306885,0.595300018787384
644,GeoVision_Bengaluru_tile_85.tif,Bengaluru,65536,705,0.0107574462890625,0.12199538201093674,0.029736537486314774,0.030500000342726707,0.12530000507831573,0.21709999442100525,0.17027467489242554,0.03461970016360283,0.057999998331069946,0.17550000548362732,0.25940001010894775,0.2222743183374405,0.06327531486749649,0.04385000094771385,0.2150000035762787,0.35554999113082886,0.2782355844974518,0.07789981365203857,0.03970000147819519,0.26455000042915344,0.42294999957084656,0.35263243317604065,0.10659291595220566,0.07495000213384628,0.33079999685287476,0.5608999729156494,0.31957799196243286,0.09525061398744583,0.04170000180602074,0.32409998774528503,0.5234000086784363
645,GeoVision_Bengaluru_tile_172.tif,Bengaluru,65536,91,0.0013885498046875,0.11565659195184708,0.028004886582493782,0.05990000069141388,0.11840000003576279,0.19679999351501465,0.15469010174274445,0.023358728736639023,0.10270000249147415,0.1535000056028366,0.23800000548362732,0.21003516018390656,0.04146387428045273,0.13089999556541443,0.20724999904632568,0.29739999771118164,0.26728788018226624,0.061781492084264755,0.09449999779462814,0.26899999380111694,0.37770000100135803,0.3683319091796875,0.08250603079795837,0.16300000250339508,0.382750004529953,0.5003499984741211,0.29658079147338867,0.07448066771030426,0.1128000020980835,0.31915000081062317,0.39969998598098755
646,GeoVision_Bengaluru_tile_99.tif,Bengaluru,65536,118,0.001800537109375,0.12028008699417114,0.029199685901403427,0.04405000060796738,0.12790000438690186,0.1639000028371811,0.1836821734905243,0.05248968303203583,0.047200001776218414,0.19530001282691956,0.26249998807907104,0.2596525549888611,0.09309164434671402,0.049949999898672104,0.28189998865127563,0.39135000109672546,0.31538596749305725,0.105957992374897,0.05469999834895134,0.35417500138282776,0.45509999990463257,0.4006084203720093,0.1455857753753662,0.10639999806880951,0.41222500801086426,0.5874000191688538,0.34710341691970825,0.1248571053147316,0.09094999730587006,0.34607499837875366,0.5166500210762024
647,GeoVision_Mumbai_tile_120.tif,Mumbai,65536,14,0.000213623046875,0.10168750584125519,0.008260615170001984,0.08829999715089798,0.10175000131130219,0.1136000007390976,0.11560000479221344,0.0070524560287594795,0.10520000010728836,0.11599999666213989,0.1273999959230423,0.1261214315891266,0.007509439717978239,0.1096000000834465,0.125900000333786,0.1379999965429306,0.12669286131858826,0.010909919627010822,0.09989999979734421,0.12869998812675476,0.14139999449253082,0.11524047702550888,0.016893373802304268,0.08596666902303696,0.11605000495910645,0.1387999951839447,0.11267144232988358,0.018317025154829025,0.0794999971985817,0.11585000157356262,0.13459999859333038
648,GeoVision_Hyderabad_tile_151.tif,Hyderabad,65536,3324,0.05072021484375,0.13345257937908173,0.04113054648041725,0.03220000118017197,0.14000000059604645,0.2818000018596649,0.16761429607868195,0.05187957361340523,0.03620000183582306,0.17880000174045563,0.32199999690055847,0.1986190229654312,0.06788577139377594,0.027499999850988388,0.2157033383846283,0.3492000102996826,0.24453875422477722,0.08139944821596146,0.025800000876188278,0.26684999465942383,0.38830000162124634,0.30351218581199646,0.10684877634048462,0.02017500065267086,0.33535000681877136,0.4657000005245209,0.26819947361946106,0.09784659743309021,0.015200000256299973,0.2944999933242798,0.4278999865055084
649,GeoVision_Mumbai_tile_0.tif,Mumbai,65536,0,0.0,,,,,,,,,,,,,,,,,,,,,,,,,,,,,,
650,GeoVision_Jaipur_tile_71.tif,Jaipur,65536,3263,0.0497894287109375,0.13259786367416382,0.026092136278748512,0.06210000067949295,0.1298000067472458,0.257999986410141,0.1892184168100357,0.031683992594480515,0.08340000361204147,0.18809999525547028,0.30230000615119934,0.2487524300813675,0.042615488171577454,0.10140000283718109,0.24995000660419464,0.38405001163482666,0.3122466802597046,0.04785265401005745,0.10845000296831131,0.31700000166893005,0.45100000500679016,0.3881295621395111,0.0567760244011879,0.179749995470047,0.3894999921321869,0.5555499792098999,0.33111947774887085,0.056639786809682846,0.12894999980926514,0.33434998989105225,0.4832000136375427
651,GeoVision_Hyderabad_tile_86.tif,Hyderabad,65536,435,0.0066375732421875,0.11750348657369614,0.0440339557826519,0.03550000116229057,0.1120000034570694,0.24719999730587006,0.14793957769870758,0.0476430207490921,0.04639999940991402,0.14920000731945038,0.28839999437332153,0.17321360111236572,0.06603255122900009,0.031700000166893005,0.18486666679382324,0.3059999942779541,0.21445947885513306,0.08956699818372726,0.028599999845027924,0.24220000207424164,0.34713998436927795,0.24980394542217255,0.11373161524534225,0.029200000688433647,0.28029999136924744,0.44609999656677246,0.21636205911636353,0.10513269156217575,0.021700000390410423,0.24819999933242798,0.4059000015258789
652,GeoVision_Hyderabad_tile_147.tif,Hyderabad,65536,956,0.01458740234375,0.1286878138780594,0.03884916752576828,0.042739998549222946,0.11924000084400177,0.2831000089645386,0.16398873925209045,0.040965497493743896,0.06689999997615814,0.15929999947547913,0.3149000108242035,0.19931134581565857,0.045449983328580856,0.06546667218208313,0.20082500576972961,0.3391999900341034,0.24560756981372833,0.0470394603908062,0.05570000037550926,0.2565999925136566,0.35089999437332153,0.3141360878944397,0.06894298642873764,0.07771428674459457,0.31804999709129333,0.47253334522247314,0.2860379219055176,0.06359969079494476,0.05849999934434891,0.2923583388328552,0.49470001459121704
653,GeoVision_Hyderabad_tile_145.tif,Hyderabad,65536,923,0.0140838623046875,0.11550291627645493,0.02894601598381996,0.05040000006556511,0.11259999871253967,0.20393334329128265,0.14333601295948029,0.03363656625151634,0.06723333150148392,0.13940000534057617,0.24185000360012054,0.16872505843639374,0.05536321923136711,0.04969999939203262,0.16760000586509705,0.3328000009059906,0.21108105778694153,0.06859589368104935,0.06400000303983688,0.21240000426769257,0.38359999656677246,0.2526770234107971,0.09474632889032364,0.029733333736658096,0.2704142928123474,0.45477500557899475,0.22595784068107605,0.09197261184453964,0.02419999986886978,0.24729999899864197,0.4360499978065491
654,GeoVision_Hyderabad_tile_118.tif,Hyderabad,65536,401,0.0061187744140625,0.13490018248558044,0.026366906240582466,0.07509999722242355,0.12999999523162842,0.23853331804275513,0.17027020454406738,0.027533739805221558,0.09459999948740005,0.16740000247955322,0.2809000015258789,0.2100386768579483,0.030670199543237686,0.10383334010839462,0.21070000529289246,0.3147999942302704,0.27312353253364563,0.03014051355421543,0.19189999997615814,0.2739500105381012,0.3442666828632355,0.3282797932624817,0.0358152836561203,0.2409999966621399,0.32670000195503235,0.43406665325164795,0.28509098291397095,0.03359302505850792,0.18400000035762787,0.28630000352859497,0.3625999987125397
655,GeoVision_Delhi_tile_169.tif,Delhi,65536,1266,0.019317626953125,0.12627153098583221,0.021792655810713768,0.04729999974370003,0.12639285624027252,0.2258666753768921,0.17007091641426086,0.024649014696478844,0.05754999816417694,0.1710733324289322,0.2567000091075897,0.2089574784040451,0.03224150091409683,0.06442499905824661,0.2128833383321762,0.29919999837875366,0.265055775642395,0.03685906156897545,0.08460000157356262,0.2704821228981018,0.3406749963760376,0.310476690530777,0.04769643023610115,0.12182500213384628,0.3172999918460846,0.4138200283050537,0.28556588292121887,0.04867320880293846,0.0994499996304512,0.2915000021457672,0.39923998713493347
656,GeoVision_Mumbai_tile_77.tif,Mumbai,65536,377,0.0057525634765625,0.10402004420757294,0.023290378972887993,0.04534799978137016,0.10393333435058594,0.21556000411510468,0.12309686094522476,0.02894585020840168,0.04535806551575661,0.12305714190006256,0.2515428364276886,0.13558703660964966,0.034682463854551315,0.04737391322851181,0.13549230992794037,0.2896571457386017,0.15796786546707153,0.03779597580432892,0.04700909182429314,0.15521816909313202,0.3209333121776581,0.16678255796432495,0.03694482147693634,0.06029411777853966,0.16755999624729156,0.34900832176208496,0.1493428349494934,0.03412541002035141,0.05286666750907898,0.14871665835380554,0.26739999651908875
657,GeoVision_Hyderabad_tile_66.tif,Hyderabad,65536,265,0.0040435791015625,0.14055123925209045,0.02780216932296753,0.07329999655485153,0.13670000433921814,0.23960000276565552,0.1747063547372818,0.032038185745477676,0.09554000198841095,0.17409999668598175,0.2619999945163727,0.2138230800628662,0.04131808131933212,0.10063333064317703,0.2150000035762787,0.3034000098705292,0.2725684344768524,0.044796571135520935,0.15929999947547913,0.2797999978065491,0.3540000021457672,0.3312253952026367,0.04776058346033096,0.22470000386238098,0.3387333154678345,0.4246000051498413,0.29868680238723755,0.04565681517124176,0.17180000245571136,0.3012999892234802,0.40209999680519104
658,GeoVision_Hyderabad_tile_84.tif,Hyderabad,65536,634,0.009674072265625,0.09372931718826294,0.02845923788845539,0.05180000141263008,0.08393333852291107,0.2329999953508377,0.12565703690052032,0.034161072224378586,0.061340004205703735,0.11599999666213989,0.24560000002384186,0.1312473863363266,0.0570676214993,0.05871666967868805,0.101500004529953,0.30720001459121704,0.15162920951843262,0.08538681268692017,0.055799998342990875,0.11107499897480011,0.3716000020503998,0.15552468597888947,0.10086189210414886,0.029999999329447746,0.13619999587535858,0.4343000054359436,0.13064955174922943,0.09396234899759293,0.023466667160391808,0.11050000041723251,0.4018999934196472
659,GeoVision_Chennai_tile_22.tif,Chennai,65536,374,0.005706787109375,0.1548818200826645,0.0601179376244545,0.044199999421834946,0.14094999432563782,0.35260000824928284,0.1786734014749527,0.06132020056247711,0.05350000038743019,0.1673000007867813,0.3833000063896179,0.1902933120727539,0.07060658931732178,0.03884999826550484,0.18360000848770142,0.414000004529953,0.23825281858444214,0.07887890189886093,0.03680000081658363,0.24404999613761902,0.43720000982284546,0.2599981427192688,0.07948936522006989,0.027950000017881393,0.2771500051021576,0.4074999988079071,0.2283058762550354,0.07680509984493256,0.020400000736117363,0.23405000567436218,0.38694998621940613
660,GeoVision_Mumbai_tile_161.tif,Mumbai,65536,2149,0.0327911376953125,0.09407440572977066,0.01660786010324955,0.04610000178217888,0.09166666865348816,0.19140000641345978,0.11210150271654129,0.019930869340896606,0.053300000727176666,0.11053333431482315,0.21819999814033508,0.1301063448190689,0.02548663504421711,0.052000001072883606,0.12937778234481812,0.24799999594688416,0.16023333370685577,0.030113764107227325,0.05860000103712082,0.16169999539852142,0.2996000051498413,0.17971809208393097,0.031388819217681885,0.06199999898672104,0.17820000648498535,0.3255000114440918,0.16281549632549286,0.033339422196149826,0.047600001096725464,0.16060000658035278,0.3206999897956848
661,GeoVision_Mumbai_tile_57.tif,Mumbai,65536,0,0.0,,,,,,,,,,,,,,,,,,,,,,,,,,,,,,
662,GeoVision_Bengaluru_tile_160.tif,Bengaluru,65536,388,0.00592041015625,0.14928041398525238,0.03962159529328346,0.06599999964237213,0.14315000176429749,0.27790001034736633,0.18751907348632812,0.04072771221399307,0.09430000185966492,0.18334999680519104,0.3149999976158142,0.22795334458351135,0.05028599128127098,0.10459999740123749,0.22622498869895935,0.376800000667572,0.28200528025627136,0.05305461212992668,0.14429999887943268,0.2829750180244446,0.4560999870300293,0.3416755497455597,0.07733556628227234,0.16339999437332153,0.3362500071525574,0.5347499847412109,0.2842142879962921,0.06891980022192001,0.11919999867677689,0.2853499948978424,0.4021500051021576
663,GeoVision_Jaipur_tile_93.tif,Jaipur,65536,63,0.0009613037109375,0.10697698593139648,0.020603938028216362,0.066600002348423,0.1018500030040741,0.17260000109672546,0.15575316548347473,0.027235789224505424,0.09925000369548798,0.15060000121593475,0.2198999971151352,0.2061801552772522,0.03712313622236252,0.11460000276565552,0.20479999482631683,0.27959999442100525,0.2870507836341858,0.03674529492855072,0.23514999449253082,0.28165000677108765,0.3626999855041504,0.33086106181144714,0.0451221726834774,0.25380000472068787,0.32179999351501465,0.4124999940395355,0.2939293682575226,0.05087994784116745,0.20065000653266907,0.2865999937057495,0.39195001125335693
664,GeoVision_Bengaluru_tile_181.tif,Bengaluru,65536,1040,0.015869140625,0.16350534558296204,0.07944871485233307,0.053599998354911804,0.1408500075340271,0.45239999890327454,0.22236384451389313,0.07653763145208359,0.09019999951124191,0.20724999904632568,0.5113999843597412,0.2844773530960083,0.07190585881471634,0.09894999861717224,0.28097498416900635,0.517799973487854,0.3244732916355133,0.07165423035621643,0.11195000261068344,0.33102500438690186,0.4932500123977661,0.40611934661865234,0.11005552113056183,0.032600000500679016,0.4241749942302704,0.5676000118255615,0.3381322920322418,0.10624729096889496,0.02345000021159649,0.36297500133514404,0.520799994468689
665,GeoVision_Mumbai_tile_132.tif,Mumbai,65536,1539,0.0234832763671875,0.08133009076118469,0.028163030743598938,0.030799999833106995,0.0786999985575676,0.2379000037908554,0.09711727499961853,0.0347212590277195,0.032999999821186066,0.09431000053882599,0.28253331780433655,0.10963653028011322,0.04419459030032158,0.03323749825358391,0.10700000077486038,0.3418000042438507,0.14167484641075134,0.05568062886595726,0.033399999141693115,0.1421000063419342,0.37400001287460327,0.1607687771320343,0.05991107597947121,0.04179999977350235,0.16380000114440918,0.35030001401901245,0.14133194088935852,0.05848585069179535,0.03200000151991844,0.1422666609287262,0.3532800078392029
666,GeoVision_Jaipur_tile_66.tif,Jaipur,65536,1030,0.015716552734375,0.13937626779079437,0.03583262115716934,0.035599999129772186,0.14249999821186066,0.3537999987602234,0.1805824339389801,0.043180689215660095,0.04280000180006027,0.18724998831748962,0.3483999967575073,0.22395049035549164,0.05822091922163963,0.04834999889135361,0.23144999146461487,0.3594000041484833,0.30054280161857605,0.07879607379436493,0.060750000178813934,0.3095499873161316,0.4641999900341034,0.3401607871055603,0.07349437475204468,0.12394999712705612,0.35245001316070557,0.4500499963760376,0.30767062306404114,0.06835751980543137,0.10540000349283218,0.3187499940395355,0.4388499855995178
667,GeoVision_Delhi_tile_94.tif,Delhi,65536,8,0.0001220703125,0.12650001049041748,0.005100000649690628,0.11819999665021896,0.12735000252723694,0.13259999454021454,0.16245624423027039,0.018037104979157448,0.13459999859333038,0.1636500060558319,0.1835000067949295,0.20442499220371246,0.04279017820954323,0.1476999968290329,0.21324999630451202,0.2565999925136566,0.26669374108314514,0.07627736032009125,0.1627500057220459,0.3161250054836273,0.33570000529289246,0.2889312505722046,0.08822766691446304,0.1692499965429306,0.343625009059906,0.3648500144481659,0.25519999861717224,0.0799146443605423,0.14354999363422394,0.29577499628067017,0.3275499939918518
668,GeoVision_Chennai_tile_53.tif,Chennai,65536,302,0.004608154296875,0.18518908321857452,0.10308097302913666,0.04805000126361847,0.14935000240802765,0.5130000114440918,0.21061688661575317,0.10082732886075974,0.06745000183582306,0.17880000174045563,0.5216000080108643,0.23034188151359558,0.10327625274658203,0.04464999958872795,0.20215000212192535,0.5364000201225281,0.2767042815685272,0.09827864915132523,0.050200000405311584,0.2459999918937683,0.550599992275238,0.32553988695144653,0.07880900800228119,0.04495000094175339,0.322174996137619,0.485150009393692,0.3016071319580078,0.07749886810779572,0.0333000011742115,0.3172999918460846,0.43529999256134033
669,GeoVision_Hyderabad_tile_157.tif,Hyderabad,65536,295,0.0045013427734375,0.13231374323368073,0.0220315121114254,0.06509999930858612,0.13574285805225372,0.19779999554157257,0.17868134379386902,0.03078516200184822,0.0803999975323677,0.1826000064611435,0.23639999330043793,0.23702450096607208,0.051477979868650436,0.09437999874353409,0.23579999804496765,0.3271999955177307,0.2991768419742584,0.05604309216141701,0.17430000007152557,0.29750001430511475,0.38519999384880066,0.3689770996570587,0.07018673419952393,0.2106499969959259,0.37119999527931213,0.4984999895095825,0.33508506417274475,0.0669773519039154,0.1830500066280365,0.32739999890327454,0.45730000734329224
670,GeoVision_Jaipur_tile_141.tif,Jaipur,65536,223,0.0034027099609375,0.11641053110361099,0.0338028259575367,0.04399999976158142,0.1168999969959259,0.2011999934911728,0.1478966325521469,0.04173379763960838,0.05505000054836273,0.14659999310970306,0.23839999735355377,0.16828162968158722,0.05122915282845497,0.05400000140070915,0.1670999974012375,0.2791000008583069,0.22190898656845093,0.06824611872434616,0.09730000048875809,0.23354999721050262,0.3508000075817108,0.24110494554042816,0.051206886768341064,0.1497499942779541,0.22734999656677246,0.38989999890327454,0.21504530310630798,0.05249620974063873,0.12020000070333481,0.2037000060081482,0.37814998626708984
671,GeoVision_Bengaluru_tile_2.tif,Bengaluru,65536,350,0.005340576171875,0.12731684744358063,0.0350201241672039,0.052400000393390656,0.12164999544620514,0.28110000491142273,0.16773571074008942,0.0364922359585762,0.0843999981880188,0.16545000672340393,0.29820001125335693,0.21683955192565918,0.05020163208246231,0.0929500013589859,0.2139500081539154,0.3562999963760376,0.276660293340683,0.061744749546051025,0.10869999974966049,0.2681500017642975,0.45500001311302185,0.3775700032711029,0.08563536405563354,0.22055000066757202,0.35795000195503235,0.5791500210762024,0.318429559469223,0.06650257855653763,0.1496499925851822,0.31975001096725464,0.4505999982357025
672,GeoVision_Delhi_tile_43.tif,Delhi,65536,3284,0.05010986328125,0.13334010541439056,0.021970592439174652,0.040800001472234726,0.13379999995231628,0.23420000076293945,0.1798412799835205,0.024848591536283493,0.04839999973773956,0.18160000443458557,0.2847000062465668,0.22352154552936554,0.03386247530579567,0.05009999871253967,0.22660000622272491,0.3133000135421753,0.2749473452568054,0.03751784563064575,0.05570000037550926,0.28139999508857727,0.3652999997138977,0.3218725621700287,0.042628370225429535,0.07940000295639038,0.3296999931335449,0.4043000042438507,0.300274521112442,0.04348871484398842,0.05460000038146973,0.30660000443458557,0.3961000144481659
673,GeoVision_Jaipur_tile_41.tif,Jaipur,65536,1074,0.016387939453125,0.1450936198234558,0.04204205796122551,0.04600000008940697,0.13667500019073486,0.3912000060081482,0.18866583704948425,0.042704660445451736,0.06750000268220901,0.17960000038146973,0.43479999899864197,0.234116792678833,0.04687841981649399,0.06260000169277191,0.22885000705718994,0.4801500141620636,0.3010092079639435,0.049405280500650406,0.07064999639987946,0.30169999599456787,0.524399995803833,0.3616527318954468,0.04643481969833374,0.11029999703168869,0.36035001277923584,0.5196999907493591,0.3332807719707489,0.047024305909872055,0.08275000005960464,0.330949991941452,0.5414999723434448
674,GeoVision_Hyderabad_tile_79.tif,Hyderabad,65536,886,0.013519287109375,0.13211429119110107,0.04129425436258316,0.05245000123977661,0.1358666718006134,0.3240000009536743,0.16377508640289307,0.04863818362355232,0.06040000170469284,0.17090000212192535,0.36640000343322754,0.19599764049053192,0.06515283137559891,0.0544000007212162,0.2114500105381012,0.4025999903678894,0.2516987919807434,0.07881932705640793,0.05959999933838844,0.27116668224334717,0.40837499499320984,0.2968983054161072,0.10228903591632843,0.03742000088095665,0.3297500014305115,0.4565500020980835,0.26502007246017456,0.10109540820121765,0.026499999687075615,0.2903866469860077,0.4408999979496002
675,GeoVision_Kolkata_tile_166.tif,Kolkata,65536,1474,0.022491455078125,0.12676599621772766,0.0483732633292675,0.03840000182390213,0.11389999836683273,0.2930000126361847,0.1470092236995697,0.05039350315928459,0.045133333653211594,0.13359999656677246,0.33079999685287476,0.16113777458667755,0.05538834631443024,0.038750000298023224,0.1509999930858612,0.3587999939918518,0.200668066740036,0.05714002996683121,0.044039998203516006,0.19475001096725464,0.38449999690055847,0.23635396361351013,0.06948410719633102,0.039250001311302185,0.22814999520778656,0.4307500123977661,0.22105912864208221,0.07866301387548447,0.03126666694879532,0.20960000157356262,0.47940000891685486
676,GeoVision_Mumbai_tile_76.tif,Mumbai,65536,378,0.005767822265625,0.09940700232982635,0.027120240032672882,0.04612857103347778,0.0968874990940094,0.18705713748931885,0.11447898298501968,0.0290235485881567,0.049416664987802505,0.11068667471408844,0.19286666810512543,0.12868034839630127,0.03569692745804787,0.04676666483283043,0.12683333456516266,0.21862857043743134,0.16074803471565247,0.04477972164750099,0.06300000101327896,0.1590847223997116,0.27617499232292175,0.17252607643604279,0.04816647991538048,0.04698999971151352,0.1708444356918335,0.2839375138282776,0.14717037975788116,0.04641754925251007,0.035999998450279236,0.14594998955726624,0.25686001777648926
677,GeoVision_Chennai_tile_30.tif,Chennai,65536,0,0.0,,,,,,,,,,,,,,,,,,,,,,,,,,,,,,
678,GeoVision_Delhi_tile_29.tif,Delhi,65536,2942,0.044891357421875,0.1396614909172058,0.0278526209294796,0.0628499984741211,0.13715624809265137,0.2752000093460083,0.18288396298885345,0.028612764552235603,0.0866750031709671,0.18257500231266022,0.30059999227523804,0.2219478040933609,0.036882467567920685,0.0946633368730545,0.2234250009059906,0.3188000023365021,0.28280943632125854,0.041711192578077316,0.0982000008225441,0.28885000944137573,0.36959999799728394,0.3273925483226776,0.048094913363456726,0.13199999928474426,0.3309749960899353,0.445666640996933,0.30124717950820923,0.050226882100105286,0.09955000132322311,0.3032500147819519,0.45969998836517334
679,GeoVision_Chennai_tile_103.tif,Chennai,65536,511,0.0077972412109375,0.15270115435123444,0.03994786739349365,0.0921500027179718,0.14470000565052032,0.33649998903274536,0.1762820929288864,0.04276807978749275,0.10095000267028809,0.16940000653266907,0.3384000062942505,0.19565556943416595,0.04470711201429367,0.10639999806880951,0.1899999976158142,0.33880001306533813,0.23691605031490326,0.0406908243894577,0.1379999965429306,0.22759999334812164,0.3734999895095825,0.2783430516719818,0.04138290137052536,0.2029000073671341,0.2739500105381012,0.4055500030517578,0.25797897577285767,0.047226518392562866,0.16699999570846558,0.24639999866485596,0.3804999887943268
680,GeoVision_Chennai_tile_17.tif,Chennai,65536,1958,0.029876708984375,0.13908790051937103,0.034475177526474,0.051600001752376556,0.1412000060081482,0.25200000405311584,0.18430644273757935,0.04208134859800339,0.0763000026345253,0.1881999969482422,0.30320000648498535,0.2129507213830948,0.05880013853311539,0.06239999830722809,0.2215999960899353,0.37040001153945923,0.2728680968284607,0.08049988001585007,0.045899998396635056,0.2874000072479248,0.4659999907016754,0.3283781409263611,0.10887844860553741,0.039500001817941666,0.35260000824928284,0.5404000282287598,0.2888575792312622,0.10697613656520844,0.026799999177455902,0.31060001254081726,0.5144000053405762
681,GeoVision_Ahmedabad_tile_32.tif,Ahmedabad,65536,1386,0.021148681640625,0.12927353382110596,0.03762909397482872,0.030176470056176186,0.125900000333786,0.2953000068664551,0.16229446232318878,0.04284725338220596,0.03996666520833969,0.16089999675750732,0.3222000002861023,0.19532467424869537,0.052186593413352966,0.03337499871850014,0.19750000536441803,0.3521000146865845,0.2519615888595581,0.05892309546470642,0.03310000151395798,0.26004165410995483,0.40217500925064087,0.27892398834228516,0.058520734310150146,0.04295000061392784,0.28806665539741516,0.43976664543151855,0.25100189447402954,0.05920274555683136,0.034049998968839645,0.2578999996185303,0.42986664175987244
682,GeoVision_Mumbai_tile_22.tif,Mumbai,65536,0,0.0,,,,,,,,,,,,,,,,,,,,,,,,,,,,,,
683,GeoVision_Hyderabad_tile_171.tif,Hyderabad,65536,382,0.005828857421875,0.1296689510345459,0.02598883956670761,0.061799999326467514,0.12575998902320862,0.22110000252723694,0.16431280970573425,0.02672366425395012,0.07970000058412552,0.16210000216960907,0.2554999887943268,0.20599393546581268,0.03727461397647858,0.09004999697208405,0.20360000431537628,0.3140000104904175,0.2621224820613861,0.04664623737335205,0.15440000593662262,0.2608200013637543,0.3991999924182892,0.3220246434211731,0.05458559840917587,0.155799999833107,0.31792500615119934,0.45329999923706055,0.29592591524124146,0.054509732872247696,0.12555000185966492,0.29374998807907104,0.4242999851703644
684,GeoVision_Ahmedabad_tile_109.tif,Ahmedabad,65536,43,0.0006561279296875,0.10657034069299698,0.04521634057164192,0.037950001657009125,0.11073333770036697,0.23010000586509705,0.15109750628471375,0.040150951594114304,0.06129999831318855,0.14339999854564667,0.27106666564941406,0.150980144739151,0.06665632873773575,0.04430000111460686,0.1638166606426239,0.306549996137619,0.19164907932281494,0.11105111986398697,0.0448249988257885,0.22503332793712616,0.3560749888420105,0.21501904726028442,0.08913545310497284,0.054349999874830246,0.22814999520778656,0.35545000433921814,0.17527244985103607,0.07813047617673874,0.032499998807907104,0.2013999968767166,0.3010999858379364
685,GeoVision_Bengaluru_tile_86.tif,Bengaluru,65536,383,0.0058441162109375,0.13390378654003143,0.054020293056964874,0.04255000129342079,0.11890000104904175,0.3294000029563904,0.19648732244968414,0.06341694295406342,0.061400000005960464,0.1842000037431717,0.39250001311302185,0.26184961199760437,0.07465396821498871,0.06030000001192093,0.268449991941452,0.4498499929904938,0.3348270058631897,0.08013513684272766,0.09470000118017197,0.3537999987602234,0.5236499905586243,0.40343233942985535,0.09970828145742416,0.09610000252723694,0.41495001316070557,0.5795000195503235,0.33114296197891235,0.0786912813782692,0.061799999326467514,0.3493500053882599,0.4727500081062317
686,GeoVision_Mumbai_tile_145.tif,Mumbai,65536,0,0.0,,,,,,,,,,,,,,,,,,,,,,,,,,,,,,
687,GeoVision_Chennai_tile_74.tif,Chennai,65536,959,0.0146331787109375,0.1250210702419281,0.028226885944604874,0.0551999993622303,0.12039999663829803,0.365200012922287,0.14828842878341675,0.03077421896159649,0.06379999965429306,0.14399999380111694,0.3815999925136566,0.16459310054779053,0.03541593626141548,0.05469999834895134,0.16300000250339508,0.4244000017642975,0.2220301479101181,0.04145526885986328,0.057100001722574234,0.22419999539852142,0.4607999920845032,0.2713300287723541,0.04982367157936096,0.04699999839067459,0.28619998693466187,0.43209999799728394,0.23224128782749176,0.0446920245885849,0.03400000184774399,0.23890000581741333,0.3743000030517578
688,GeoVision_Hyderabad_tile_107.tif,Hyderabad,65536,8724,0.13311767578125,0.13913536071777344,0.03237767890095711,0.03620000183582306,0.13909167051315308,0.29953333735466003,0.17731717228889465,0.03681153804063797,0.04839999973773956,0.17960000038146973,0.3418000042438507,0.2165757715702057,0.04976915195584297,0.03884999826550484,0.2246125042438507,0.39983999729156494,0.262063592672348,0.05873148888349533,0.040174998342990875,0.2762500047683716,0.4392000138759613,0.327928364276886,0.07718198746442795,0.03322499990463257,0.3467999994754791,0.46880000829696655,0.28919437527656555,0.0726936087012291,0.026339998468756676,0.305733323097229,0.4586000144481659
689,GeoVision_Chennai_tile_111.tif,Chennai,65536,0,0.0,,,,,,,,,,,,,,,,,,,,,,,,,,,,,,
690,GeoVision_Delhi_tile_53.tif,Delhi,65536,172,0.00262451171875,0.11137326061725616,0.016635840758681297,0.061400000005960464,0.11220000684261322,0.14300000667572021,0.15990696847438812,0.03085990436375141,0.07989999651908875,0.16339999437332153,0.2142000049352646,0.21737906336784363,0.06288453936576843,0.09399999678134918,0.21700000762939453,0.3255999982357025,0.27767443656921387,0.07653407752513885,0.16179999709129333,0.276449978351593,0.39959999918937683,0.32122209668159485,0.08639153838157654,0.1362999975681305,0.30889999866485596,0.46799999475479126,0.2944243848323822,0.08733264356851578,0.09380000084638596,0.2878499925136566,0.45019999146461487
691,GeoVision_Hyderabad_tile_129.tif,Hyderabad,65536,348,0.00531005859375,0.11975592374801636,0.027219723910093307,0.06083749979734421,0.11800000071525574,0.2669714391231537,0.1647864431142807,0.03153904527425766,0.07129999995231628,0.1662999987602234,0.30186668038368225,0.22446340322494507,0.04846412315964699,0.07329999655485153,0.22850000858306885,0.3303999900817871,0.2930244505405426,0.04529941827058792,0.1317666620016098,0.29672500491142273,0.39844998717308044,0.3518100082874298,0.060924358665943146,0.1627500057220459,0.35438334941864014,0.4759500026702881,0.3198584318161011,0.06648190319538116,0.1429000049829483,0.3265500068664551,0.4507000148296356
692,GeoVision_Chennai_tile_99.tif,Chennai,65536,355,0.0054168701171875,0.11520648002624512,0.023392707109451294,0.054099999368190765,0.11479999870061874,0.25200000405311584,0.14476309716701508,0.02406984567642212,0.05820000171661377,0.147599995136261,0.2734000086784363,0.16340874135494232,0.031137317419052124,0.045099999755620956,0.16660000383853912,0.274399995803833,0.2034493088722229,0.04389189928770065,0.059300001710653305,0.2054000049829483,0.3190000057220459,0.24259576201438904,0.06869930773973465,0.0746999979019165,0.2476000040769577,0.4025000035762787,0.20716789364814758,0.06217629089951515,0.052799999713897705,0.22220000624656677,0.32659998536109924
693,GeoVision_Bengaluru_tile_91.tif,Bengaluru,65536,273,0.0041656494140625,0.16016173362731934,0.06327005475759506,0.05620000138878822,0.14959999918937683,0.3686999976634979,0.2004377394914627,0.06281398981809616,0.09640000015497208,0.18809999525547028,0.3986000120639801,0.23866668343544006,0.06170104816555977,0.09634999930858612,0.22824999690055847,0.4154999852180481,0.2973344326019287,0.058812133967876434,0.10365000367164612,0.29385000467300415,0.4518499970436096,0.36151209473609924,0.07615210115909576,0.11659999936819077,0.3571000099182129,0.5720999836921692,0.311513751745224,0.0725238174200058,0.07479999959468842,0.3110499978065491,0.49004998803138733
694,GeoVision_Ahmedabad_tile_136.tif,Ahmedabad,65536,644,0.00982666015625,0.15358734130859375,0.05480670928955078,0.04205000028014183,0.13762500882148743,0.28380000591278076,0.19242623448371887,0.062326811254024506,0.048554543405771255,0.18689286708831787,0.32036668062210083,0.23263810575008392,0.06602837145328522,0.05990000069141388,0.24125999212265015,0.3675999939441681,0.2766547203063965,0.06740448623895645,0.07678332924842834,0.29319000244140625,0.3824000060558319,0.32282066345214844,0.07140972465276718,0.11004166305065155,0.34070295095443726,0.43689998984336853,0.3132682144641876,0.07481775432825089,0.09520000219345093,0.33153125643730164,0.42719998955726624
695,GeoVision_Delhi_tile_128.tif,Delhi,65536,2162,0.032989501953125,0.14699393510818481,0.04006659984588623,0.04784166440367699,0.13944999873638153,0.37880000472068787,0.19843478500843048,0.04455748572945595,0.07833333313465118,0.19368332624435425,0.42579999566078186,0.24252644181251526,0.04900555685162544,0.07062143087387085,0.24258124828338623,0.4484249949455261,0.2964320778846741,0.04099027439951897,0.11187499761581421,0.29514166712760925,0.4392000138759613,0.3444386422634125,0.046349648386240005,0.14970000088214874,0.35341876745224,0.46230000257492065,0.32088422775268555,0.052497852593660355,0.11659999936819077,0.331012487411499,0.4839666485786438
696,GeoVision_Ahmedabad_tile_46.tif,Ahmedabad,65536,607,0.0092620849609375,0.1401529759168625,0.059339869767427444,0.025750000029802322,0.13233333826065063,0.3240399956703186,0.1766422837972641,0.0698423981666565,0.026083335280418396,0.17225000262260437,0.3783999979496002,0.21258220076560974,0.07959265261888504,0.027799999341368675,0.21660000085830688,0.431716650724411,0.277961790561676,0.08574185520410538,0.03883333504199982,0.29545000195503235,0.5070499777793884,0.3131462335586548,0.09553427994251251,0.036816664040088654,0.34040001034736633,0.43222498893737793,0.28629642724990845,0.09673278778791428,0.0257750004529953,0.3152250051498413,0.41269999742507935
697,GeoVision_Mumbai_tile_135.tif,Mumbai,65536,1134,0.017303466796875,0.0782511904835701,0.030643604695796967,0.04170000180602074,0.07434999942779541,0.2818000018596649,0.0909077599644661,0.03818866237998009,0.04479999840259552,0.0868000015616417,0.3224000036716461,0.0999433845281601,0.045631952583789825,0.04569999873638153,0.09290000051259995,0.3531999886035919,0.12568561732769012,0.054091259837150574,0.05420000106096268,0.12439999729394913,0.38600000739097595,0.16485732793807983,0.04007032513618469,0.08969999849796295,0.164900004863739,0.3280999958515167,0.1439877450466156,0.04010665789246559,0.06800000369548798,0.14959999918937683,0.30790001153945923
698,GeoVision_Jaipur_tile_139.tif,Jaipur,65536,1482,0.022613525390625,0.14701062440872192,0.036805734038352966,0.05640000104904175,0.14035001397132874,0.3540000021457672,0.18663768470287323,0.03804413601756096,0.07079999893903732,0.18469999730587006,0.3903999924659729,0.22936958074569702,0.041384100914001465,0.08214999735355377,0.23180000483989716,0.4242500066757202,0.2853027284145355,0.04636978730559349,0.10014999657869339,0.2894750237464905,0.448199987411499,0.3337596654891968,0.04867846146225929,0.1595499962568283,0.33570000529289246,0.4410000145435333,0.30860990285873413,0.048838965594768524,0.12839999794960022,0.3109000027179718,0.4186500012874603
699,GeoVision_Mumbai_tile_23.tif,Mumbai,65536,0,0.0,,,,,,,,,,,,,,,,,,,,,,,,,,,,,,
700,GeoVision_Bengaluru_tile_158.tif,Bengaluru,65536,89,0.0013580322265625,0.14147022366523743,0.047739651054143906,0.055799998342990875,0.13750000298023224,0.35409998893737793,0.17657528817653656,0.04794638231396675,0.1046999990940094,0.16670000553131104,0.4090000092983246,0.21824774146080017,0.04153328388929367,0.13910000026226044,0.2092999964952469,0.39419999718666077,0.28222528100013733,0.041762422770261765,0.15219999849796295,0.27880001068115234,0.39730000495910645,0.35646292567253113,0.05059511214494705,0.15960000455379486,0.36399999260902405,0.44110000133514404,0.2914718985557556,0.05377545952796936,0.11050000041723251,0.30149999260902405,0.38580000400543213
701,GeoVision_Kolkata_tile_162.tif,Kolkata,65536,389,0.0059356689453125,0.09890572726726532,0.03695244714617729,0.041999999433755875,0.09996666759252548,0.2248000055551529,0.12059192359447479,0.044177908450365067,0.04893333464860916,0.1255333423614502,0.2797999978065491,0.13043707609176636,0.05610086768865585,0.04006923362612724,0.1428000032901764,0.31119999289512634,0.17011749744415283,0.0745815634727478,0.050599999725818634,0.18802499771118164,0.36489999294281006,0.1929720640182495,0.084354929625988,0.0364999994635582,0.21400000154972076,0.38503333926200867,0.16485849022865295,0.08056224882602692,0.02449999935925007,0.18449999392032623,0.3725999891757965
702,GeoVision_Hyderabad_tile_8.tif,Hyderabad,65536,829,0.0126495361328125,0.13006381690502167,0.04258650913834572,0.06589999794960022,0.11879999935626984,0.38040000200271606,0.16300775110721588,0.041562099009752274,0.07900000363588333,0.15039999783039093,0.3959999978542328,0.20369699597358704,0.04070254787802696,0.08150000125169754,0.20000000298023224,0.40506666898727417,0.26049280166625977,0.040861740708351135,0.14350000023841858,0.2614000141620636,0.43683335185050964,0.3334193825721741,0.05902060493826866,0.16354000568389893,0.34767499566078186,0.4937666356563568,0.2906891703605652,0.05159122124314308,0.1412999927997589,0.2983500063419342,0.5233333706855774
703,GeoVision_Ahmedabad_tile_168.tif,Ahmedabad,65536,2945,0.0449371337890625,0.1312568336725235,0.036523476243019104,0.05389999970793724,0.1256999969482422,0.44066664576530457,0.17081210017204285,0.04041055589914322,0.06480000168085098,0.16779999434947968,0.48473334312438965,0.2129317820072174,0.048937417566776276,0.0687749981880188,0.21250000596046448,0.5235999822616577,0.27036169171333313,0.056309957057237625,0.07519999891519547,0.2741999924182892,0.5527999997138977,0.3133513927459717,0.05835188925266266,0.15029999613761902,0.31200000643730164,0.4732249975204468,0.28937193751335144,0.05808750540018082,0.12322500348091125,0.2870999872684479,0.4909000098705292
704,GeoVision_Jaipur_tile_100.tif,Jaipur,65536,2336,0.03564453125,0.15760764479637146,0.062251120805740356,0.04969999939203262,0.13729999959468842,0.4912000000476837,0.19730250537395477,0.05832143872976303,0.06909999996423721,0.1830500066280365,0.5072000026702881,0.23972581326961517,0.054718874394893646,0.07294999808073044,0.23245000839233398,0.5212500095367432,0.292411744594574,0.04869992658495903,0.09860000014305115,0.295074999332428,0.5058500170707703,0.3601304292678833,0.0583069808781147,0.17194999754428864,0.35815000534057617,0.6454499959945679,0.34246477484703064,0.06539568305015564,0.13089999556541443,0.337799996137619,0.6746500134468079
705,GeoVision_Chennai_tile_136.tif,Chennai,65536,1029,0.0157012939453125,0.1425458788871765,0.03320733457803726,0.06949999928474426,0.13120000064373016,0.38359999656677246,0.171457439661026,0.03271143138408661,0.07980000227689743,0.1665000021457672,0.391400009393692,0.1977054476737976,0.037992507219314575,0.06499999761581421,0.19670000672340393,0.3864000141620636,0.24750632047653198,0.04145025834441185,0.06859999895095825,0.2484000027179718,0.43560001254081726,0.30816999077796936,0.06023551896214485,0.06880000233650208,0.30630001425743103,0.4442000091075897,0.2729063332080841,0.05709603801369667,0.04989999905228615,0.27410000562667847,0.43149998784065247
706,GeoVision_Chennai_tile_116.tif,Chennai,65536,484,0.00738525390625,0.13583801686763763,0.033280108124017715,0.052000001072883606,0.13359999656677246,0.2994999885559082,0.1574157029390335,0.03595111146569252,0.06210000067949295,0.15439999103546143,0.32019999623298645,0.17158883810043335,0.041215114295482635,0.04520000144839287,0.17139999568462372,0.3314000070095062,0.22085846960544586,0.04852410405874252,0.060750000178813934,0.22345000505447388,0.34929999709129333,0.26609596610069275,0.06390055269002914,0.06639999896287918,0.27047500014305115,0.5212000012397766,0.2390822470188141,0.0693093091249466,0.0544000007212162,0.24035000801086426,0.5593000054359436
707,GeoVision_Jaipur_tile_145.tif,Jaipur,65536,439,0.0066986083984375,0.15733382105827332,0.03926566615700722,0.06560000032186508,0.16120000183582306,0.24629999697208405,0.20194180309772491,0.048139918595552444,0.07925000041723251,0.2092999964952469,0.3172999918460846,0.24038748443126678,0.058218058198690414,0.09309999644756317,0.2483000010251999,0.36550000309944153,0.3005610704421997,0.06343753635883331,0.1111999973654747,0.3097499907016754,0.44624999165534973,0.33219629526138306,0.0619552880525589,0.13760000467300415,0.3384000062942505,0.45410001277923584,0.2530609369277954,0.05448754131793976,0.1185000017285347,0.25529998540878296,0.38359999656677246
708,GeoVision_Hyderabad_tile_165.tif,Hyderabad,65536,184,0.0028076171875,0.14726422727108002,0.03707513585686684,0.07460000365972519,0.13979999721050262,0.24744999408721924,0.1721019148826599,0.03593282401561737,0.09260000288486481,0.16948667168617249,0.2840000092983246,0.19966669380664825,0.045113466680049896,0.09458000212907791,0.20250000059604645,0.34200000762939453,0.2508094012737274,0.05541236698627472,0.12269999831914902,0.25405001640319824,0.38510000705718994,0.2949179708957672,0.06479033827781677,0.1485999971628189,0.2917666435241699,0.4485333561897278,0.27682068943977356,0.06249365583062172,0.13169999420642853,0.2708749771118164,0.41827499866485596
709,GeoVision_Bengaluru_tile_59.tif,Bengaluru,65536,446,0.006805419921875,0.12063519656658173,0.02900751121342182,0.029500000178813934,0.1242000013589859,0.23190000653266907,0.18723051249980927,0.042009204626083374,0.04039999842643738,0.1977500021457672,0.2858999967575073,0.2628646790981293,0.068707674741745,0.03310000151395798,0.2816999852657318,0.3527500033378601,0.3318989872932434,0.08199922740459442,0.037450000643730164,0.35717499256134033,0.4399999976158142,0.40281593799591064,0.11276240646839142,0.05119999870657921,0.4427500069141388,0.5489500164985657,0.3484479486942291,0.10624232143163681,0.033649999648332596,0.3783999979496002,0.504800021648407
710,GeoVision_Ahmedabad_tile_121.tif,Ahmedabad,65536,3302,0.050384521484375,0.13092687726020813,0.037051159888505936,0.04439464583992958,0.12359999865293503,0.3727799952030182,0.16986054182052612,0.03985745832324028,0.055799998342990875,0.16391250491142273,0.4311999976634979,0.21217772364616394,0.04556838050484657,0.061650000512599945,0.20967499911785126,0.4634000062942505,0.27141255140304565,0.05063357204198837,0.07355000078678131,0.27315834164619446,0.499833345413208,0.31576618552207947,0.05183291807770729,0.05714999884366989,0.31825000047683716,0.47255000472068787,0.2907281517982483,0.051725536584854126,0.038130950182676315,0.29358750581741333,0.44574999809265137
711,GeoVision_Mumbai_tile_41.tif,Mumbai,65536,252,0.00384521484375,0.11888426542282104,0.03755385801196098,0.05982999876141548,0.10611818730831146,0.23600000143051147,0.14073993265628815,0.04178236797451973,0.06714091449975967,0.12620797753334045,0.27086666226387024,0.15674379467964172,0.051233790814876556,0.06794000416994095,0.14178413152694702,0.3124000132083893,0.18407566845417023,0.048496946692466736,0.09013333171606064,0.18064665794372559,0.33195000886917114,0.19174957275390625,0.05261581763625145,0.09425000101327896,0.18160000443458557,0.3384000062942505,0.16979798674583435,0.059012193232774734,0.08240000158548355,0.15229582786560059,0.3496333360671997
712,GeoVision_Kolkata_tile_44.tif,Kolkata,65536,178,0.002716064453125,0.06921347975730896,0.014658982865512371,0.037700001150369644,0.07034999877214432,0.13660000264644623,0.09778033196926117,0.013225642964243889,0.0575999990105629,0.09749999642372131,0.16200000047683716,0.09574775397777557,0.024116337299346924,0.04540000110864639,0.09319999814033508,0.18039999902248383,0.12512275576591492,0.04120023176074028,0.05420000106096268,0.12195000052452087,0.24719999730587006,0.14228539168834686,0.05737870931625366,0.037300001829862595,0.13725000619888306,0.29989999532699585,0.11120843142271042,0.052825503051280975,0.02590000070631504,0.10300000011920929,0.26739999651908875
713,GeoVision_Mumbai_tile_159.tif,Mumbai,65536,877,0.0133819580078125,0.09545404464006424,0.019116779789328575,0.0494999997317791,0.09589999914169312,0.24400000274181366,0.11595678329467773,0.023938341066241264,0.05290000140666962,0.11879999935626984,0.3059999942779541,0.1328776478767395,0.0294736847281456,0.05079999938607216,0.1371999979019165,0.3628000020980835,0.16851618885993958,0.03759613260626793,0.06360000371932983,0.17820000648498535,0.4036000072956085,0.18214571475982666,0.03745824471116066,0.08739999681711197,0.18930000066757202,0.4519999921321869,0.15750651061534882,0.035779085010290146,0.06369999796152115,0.16089999675750732,0.36039999127388
714,GeoVision_Kolkata_tile_146.tif,Kolkata,65536,232,0.0035400390625,0.07318547368049622,0.04645877704024315,0.04087499901652336,0.05462000146508217,0.2596000134944916,0.0918942540884018,0.05180181935429573,0.05533749982714653,0.07201249897480011,0.2866666615009308,0.08419595658779144,0.06522522121667862,0.04295999929308891,0.05663499981164932,0.3393999934196472,0.1058012992143631,0.0802677720785141,0.0430000014603138,0.06914166361093521,0.3847000002861023,0.10326769948005676,0.09409935027360916,0.02433333359658718,0.06966499984264374,0.38324999809265137,0.08093282580375671,0.08724711090326309,0.01711999997496605,0.04650000110268593,0.3702999949455261
715,GeoVision_Jaipur_tile_21.tif,Jaipur,65536,94,0.001434326171875,0.15690958499908447,0.05065860599279404,0.0794999971985817,0.14469999074935913,0.28519999980926514,0.20443405210971832,0.044703416526317596,0.12020000070333481,0.1965000033378601,0.3059999942779541,0.2530563771724701,0.04018241539597511,0.1462000012397766,0.25049999356269836,0.3407999873161316,0.3252446949481964,0.03546040132641792,0.24860000610351562,0.3273000121116638,0.3984000086784363,0.38233834505081177,0.028005002066493034,0.31139999628067017,0.3831000030040741,0.4643999934196472,0.34176915884017944,0.042239703238010406,0.23559999465942383,0.3490000069141388,0.4433000087738037
716,GeoVision_Jaipur_tile_129.tif,Jaipur,65536,1307,0.0199432373046875,0.14339953660964966,0.03589647263288498,0.050850000232458115,0.13410000503063202,0.37380000948905945,0.19296281039714813,0.03589516505599022,0.08004999905824661,0.1876000016927719,0.4359999895095825,0.24511069059371948,0.04053163155913353,0.06435000151395798,0.24400000274181366,0.4336000084877014,0.31012773513793945,0.03669385984539986,0.09560000151395798,0.31360000371932983,0.44385001063346863,0.37188971042633057,0.04404774680733681,0.16805000603199005,0.3702000081539154,0.5020999908447266,0.3433573246002197,0.046085454523563385,0.13860000669956207,0.33980000019073486,0.45295000076293945
717,GeoVision_Jaipur_tile_30.tif,Jaipur,65536,1250,0.019073486328125,0.14384107291698456,0.02862798050045967,0.04390000179409981,0.13950000703334808,0.34119999408721924,0.1854473203420639,0.03264166787266731,0.0632999986410141,0.18105000257492065,0.3799999952316284,0.2198592722415924,0.03366054967045784,0.05689999833703041,0.21982499957084656,0.37940001487731934,0.2891297936439514,0.03707154467701912,0.0734499990940094,0.28987500071525574,0.41760000586509705,0.3444998860359192,0.04585972800850868,0.0885000005364418,0.3400999903678894,0.46380001306533813,0.31577199697494507,0.050354596227407455,0.06894999742507935,0.3095000088214874,0.4331499934196472
718,GeoVision_Ahmedabad_tile_9.tif,Ahmedabad,65536,1919,0.0292816162109375,0.1411263644695282,0.04537627846002579,0.026149999350309372,0.13485999405384064,0.3973333239555359,0.1760389655828476,0.04782968759536743,0.03933333605527878,0.17069999873638153,0.44940000772476196,0.20809152722358704,0.05466798320412636,0.031950000673532486,0.20509999990463257,0.4975999891757965,0.2580530345439911,0.058387767523527145,0.04039999842643738,0.2591499984264374,0.5331000089645386,0.29079172015190125,0.06436984241008759,0.04194999858736992,0.28952500224113464,0.48489999771118164,0.2711467146873474,0.06806689500808716,0.030899999663233757,0.2667999863624573,0.522599995136261
719,GeoVision_Chennai_tile_11.tif,Chennai,65536,403,0.0061492919921875,0.14804044365882874,0.01678178831934929,0.08889999985694885,0.15000000596046448,0.2282000035047531,0.18470026552677155,0.019023090600967407,0.11259999871253967,0.1881999969482422,0.24639999866485596,0.20559503138065338,0.025361185893416405,0.11020000278949738,0.20579999685287476,0.27959999442100525,0.23366600275039673,0.0428822860121727,0.1469999998807907,0.23360000550746918,0.334199994802475,0.2184625267982483,0.07832550257444382,0.0925000011920929,0.20880000293254852,0.4169999957084656,0.18780222535133362,0.07584958523511887,0.06279999762773514,0.18119999766349792,0.3840999901294708
720,GeoVision_Kolkata_tile_96.tif,Kolkata,65536,240,0.003662109375,0.05687437951564789,0.025580374523997307,0.03319999948143959,0.04479999840259552,0.14259999990463257,0.0729791671037674,0.029580308124423027,0.042399998754262924,0.0628499984741211,0.16380000114440918,0.0696883350610733,0.041016846895217896,0.036400001496076584,0.04874999821186066,0.20440000295639038,0.09002291411161423,0.05842466652393341,0.03819999843835831,0.06094999983906746,0.2833000123500824,0.09182167053222656,0.07028413563966751,0.030400000512599945,0.05795000120997429,0.3781999945640564,0.07383999973535538,0.06559918820858002,0.021700000390410423,0.039000000804662704,0.3488999903202057
721,GeoVision_Mumbai_tile_150.tif,Mumbai,65536,1449,0.0221099853515625,0.09241196513175964,0.025274470448493958,0.03401666507124901,0.08959999680519104,0.234360009431839,0.11177049577236176,0.02965882606804371,0.039799999445676804,0.11014285683631897,0.2842999994754791,0.12883682548999786,0.03753866255283356,0.039355553686618805,0.12647999823093414,0.32120001316070557,0.16742917895317078,0.04464714229106903,0.0478999987244606,0.16529999673366547,0.36880001425743103,0.18279406428337097,0.04621226713061333,0.04899999871850014,0.18121665716171265,0.3324500024318695,0.15969981253147125,0.04492635652422905,0.03662000223994255,0.15770000219345093,0.30605000257492065
722,GeoVision_Jaipur_tile_126.tif,Jaipur,65536,18,0.000274658203125,0.13119444251060486,0.028394967317581177,0.09194999933242798,0.12834998965263367,0.23430000245571136,0.19013333320617676,0.03583911433815956,0.12210000306367874,0.18845000863075256,0.295199990272522,0.24729163944721222,0.04843852296471596,0.13519999384880066,0.2328750044107437,0.3278000056743622,0.34139999747276306,0.05022867023944855,0.2777000069618225,0.3342999815940857,0.45680001378059387,0.3807638883590698,0.0569949746131897,0.2913999855518341,0.3869749903678894,0.44745001196861267,0.33149999380111694,0.06711673736572266,0.2101999968290329,0.32247498631477356,0.4174000024795532
723,GeoVision_Kolkata_tile_4.tif,Kolkata,65536,4,6.103515625e-05,0.05512499809265137,0.015413367189466953,0.04089999943971634,0.04924999922513962,0.08110000193119049,0.06890000402927399,0.01594020053744316,0.05820000171661377,0.060499999672174454,0.09640000015497208,0.06620000302791595,0.024127578362822533,0.04740000143647194,0.054899998009204865,0.10760000348091125,0.09542500227689743,0.03266951069235802,0.05649999901652336,0.08955000340938568,0.1460999995470047,0.11452499777078629,0.04666724428534508,0.0544000007212162,0.10909999907016754,0.18549999594688416,0.08967500180006027,0.04995039105415344,0.03200000151991844,0.07850000262260437,0.1696999967098236
724,GeoVision_Hyderabad_tile_133.tif,Hyderabad,65536,838,0.012786865234375,0.09969771653413773,0.04266637936234474,0.039000000804662704,0.11212222278118134,0.24480000138282776,0.12577855587005615,0.05491577833890915,0.04399999976158142,0.14954999089241028,0.29319998621940613,0.15097330510616302,0.0786934494972229,0.03680000081658363,0.1882166564464569,0.3188000023365021,0.19485881924629211,0.1046653464436531,0.036400001496076584,0.24895000457763672,0.3659999966621399,0.24550248682498932,0.13454219698905945,0.03020000085234642,0.3087833523750305,0.49219998717308044,0.21089977025985718,0.11954168975353241,0.024318182840943336,0.2646999955177307,0.4065000116825104
725,GeoVision_Mumbai_tile_100.tif,Mumbai,65536,484,0.00738525390625,0.10114791244268417,0.01472186017781496,0.05654999986290932,0.10525000095367432,0.17149999737739563,0.1184358075261116,0.01741565763950348,0.06814999878406525,0.12269999831914902,0.19529999792575836,0.13049428164958954,0.02040046826004982,0.0658000037074089,0.13499999046325684,0.21220000088214874,0.14405323565006256,0.01895781420171261,0.06939999759197235,0.14579999446868896,0.22589999437332153,0.1545599102973938,0.02289019338786602,0.07689999788999557,0.15003333985805511,0.19280000030994415,0.14066454768180847,0.027297748252749443,0.06920000165700912,0.1362999975681305,0.19326665997505188
726,GeoVision_Delhi_tile_60.tif,Delhi,65536,201,0.0030670166015625,0.12860845029354095,0.02234496921300888,0.06840000301599503,0.12620000541210175,0.2125999927520752,0.1730293482542038,0.024265646934509277,0.09920000284910202,0.17419999837875366,0.2669999897480011,0.21386617422103882,0.026639757677912712,0.11900000274181366,0.21660000085830688,0.3095000088214874,0.2875273525714874,0.03177525848150253,0.15219999849796295,0.29089999198913574,0.36410000920295715,0.3335815668106079,0.04735231027007103,0.16040000319480896,0.3458999991416931,0.398499995470047,0.29913485050201416,0.0483931265771389,0.1234000027179718,0.31200000643730164,0.3612000048160553
727,GeoVision_Jaipur_tile_120.tif,Jaipur,65536,1110,0.016937255859375,0.15438738465309143,0.05117190256714821,0.0580499991774559,0.1420000046491623,0.5054000020027161,0.19694072008132935,0.05101024731993675,0.06689999997615814,0.18915000557899475,0.5609999895095825,0.24043400585651398,0.05112798884510994,0.07415000349283218,0.23947499692440033,0.5788499712944031,0.2986135184764862,0.05264006182551384,0.09574999660253525,0.30352500081062317,0.5589500069618225,0.3528222441673279,0.05863116309046745,0.1143999993801117,0.36432498693466187,0.5182499885559082,0.33013346791267395,0.06069669872522354,0.08940000087022781,0.33945000171661377,0.5016000270843506
728,GeoVision_Ahmedabad_tile_51.tif,Ahmedabad,65536,1656,0.0252685546875,0.12615607678890228,0.025484422221779823,0.0630749985575676,0.12452444434165955,0.24740000069141388,0.15831422805786133,0.029113754630088806,0.07609999924898148,0.1581999957561493,0.28130000829696655,0.19372937083244324,0.034869566559791565,0.09216666966676712,0.19499999284744263,0.3218333125114441,0.2461046725511551,0.03884080797433853,0.11806250363588333,0.2484000027179718,0.3527800142765045,0.2859898507595062,0.04387881979346275,0.13375000655651093,0.29024165868759155,0.42065000534057617,0.2703053653240204,0.04449504613876343,0.10305000096559525,0.2738000154495239,0.40887999534606934
729,GeoVision_Jaipur_tile_107.tif,Jaipur,65536,163,0.0024871826171875,0.12689968943595886,0.03374744951725006,0.07829999923706055,0.12080000340938568,0.39480000734329224,0.1633070558309555,0.03807692229747772,0.11129999905824661,0.1615000069141388,0.4472000002861023,0.20293864607810974,0.043500710278749466,0.12530000507831573,0.20835000276565552,0.47804999351501465,0.27506595849990845,0.049931902438402176,0.16820000112056732,0.2854500114917755,0.535099983215332,0.3228064179420471,0.05309619382023811,0.2202499955892563,0.3306500017642975,0.4250999987125397,0.2906285524368286,0.05298071354627609,0.18690000474452972,0.2888000011444092,0.3944999873638153
730,GeoVision_Kolkata_tile_18.tif,Kolkata,65536,141,0.0021514892578125,0.09171418100595474,0.02648526057600975,0.03629999980330467,0.09160000085830688,0.15700000524520874,0.10986737161874771,0.02901756390929222,0.03920000046491623,0.1103999987244606,0.1793999969959259,0.11820071935653687,0.034503381699323654,0.03720000013709068,0.12200000137090683,0.19259999692440033,0.1583031862974167,0.05008547008037567,0.042100001126527786,0.1648000031709671,0.2418999969959259,0.1742546111345291,0.04741041734814644,0.03849999979138374,0.18479999899864197,0.27889999747276306,0.15117020905017853,0.048281677067279816,0.024399999529123306,0.16259999573230743,0.2515999972820282
731,GeoVision_Delhi_tile_18.tif,Delhi,65536,2289,0.0349273681640625,0.1363549530506134,0.03389592468738556,0.03150000050663948,0.13500000536441803,0.29760000109672546,0.17843326926231384,0.040146466344594955,0.040699999779462814,0.17980000376701355,0.3467999994754791,0.21592926979064941,0.04740326479077339,0.041600000113248825,0.2207999974489212,0.39559999108314514,0.2741588354110718,0.05027836188673973,0.054499998688697815,0.2809999883174896,0.4440000057220459,0.31381967663764954,0.05873148888349533,0.06589999794960022,0.3271999955177307,0.40869998931884766,0.28724703192710876,0.06112013757228851,0.04500000178813934,0.30000001192092896,0.39980000257492065
732,GeoVision_Mumbai_tile_20.tif,Mumbai,65536,0,0.0,,,,,,,,,,,,,,,,,,,,,,,,,,,,,,
733,GeoVision_Kolkata_tile_27.tif,Kolkata,65536,53,0.0008087158203125,0.057133957743644714,0.013776050880551338,0.039900001138448715,0.05260000005364418,0.08879999816417694,0.08128868043422699,0.01892841048538685,0.05260000005364418,0.07419999688863754,0.11819999665021896,0.07185471057891846,0.018772486597299576,0.04969999939203262,0.06310000270605087,0.11299999803304672,0.07533019036054611,0.025418449193239212,0.04349999874830246,0.066600002348423,0.1428000032901764,0.08046036958694458,0.03741229325532913,0.032999999821186066,0.06849999725818634,0.17730000615119934,0.05525660514831543,0.030228469520807266,0.020500000566244125,0.0430000014603138,0.13179999589920044
734,GeoVision_Hyderabad_tile_41.tif,Hyderabad,65536,1749,0.0266876220703125,0.06368853896856308,0.04314666986465454,0.03461538255214691,0.043699998408555984,0.23395000398159027,0.0782562643289566,0.05000371113419533,0.041172727942466736,0.05561666935682297,0.27326667308807373,0.07494699209928513,0.06599703431129456,0.03318750113248825,0.04439999908208847,0.3052999973297119,0.09478996694087982,0.08643925189971924,0.02889999933540821,0.05570000037550926,0.414000004529953,0.1031232476234436,0.10565030574798584,0.023099999874830246,0.05570000037550926,0.42605000734329224,0.08338076621294022,0.0939985066652298,0.017500000074505806,0.039900001138448715,0.3628000020980835
735,GeoVision_Ahmedabad_tile_126.tif,Ahmedabad,65536,117,0.0017852783203125,0.07066630572080612,0.04322010278701782,0.037060000002384186,0.05206666886806488,0.22872500121593475,0.10711724311113358,0.04820716753602028,0.07236666977405548,0.0862250030040741,0.2915000021457672,0.10551800578832626,0.07447242736816406,0.05460000038146973,0.07055000215768814,0.35519999265670776,0.13306891918182373,0.10753438621759415,0.04724999889731407,0.07530000060796738,0.43446001410484314,0.14348407089710236,0.11346635967493057,0.034049998968839645,0.10372500121593475,0.42135000228881836,0.11361340433359146,0.10428918898105621,0.025566667318344116,0.07055000215768814,0.38234999775886536
736,GeoVision_Ahmedabad_tile_135.tif,Ahmedabad,65536,1047,0.0159759521484375,0.1283067762851715,0.044241469353437424,0.029999999329447746,0.12913334369659424,0.23600000143051147,0.16501936316490173,0.055221833288669586,0.03203333541750908,0.17110000550746918,0.27549999952316284,0.20158955454826355,0.06837302446365356,0.032999999821186066,0.21580000221729279,0.31016668677330017,0.24926026165485382,0.07680308818817139,0.032749999314546585,0.2660500109195709,0.3760041892528534,0.30209407210350037,0.07713845372200012,0.05119999870657921,0.3144666850566864,0.43549999594688416,0.29097485542297363,0.07553420215845108,0.040800001472234726,0.3081749975681305,0.43105000257492065
737,GeoVision_Delhi_tile_44.tif,Delhi,65536,1176,0.0179443359375,0.13529515266418457,0.039710287004709244,0.03700000047683716,0.1265999972820282,0.3732999861240387,0.1741686910390854,0.04183817654848099,0.04919999837875366,0.16745001077651978,0.4196000099182129,0.20681819319725037,0.04608181118965149,0.06340000033378601,0.20499999821186066,0.4424000084400177,0.2585362195968628,0.04745115339756012,0.06419999897480011,0.2646999955177307,0.44600000977516174,0.29408782720565796,0.05084114521741867,0.10400000214576721,0.30230000615119934,0.4438999891281128,0.27510491013526917,0.053109314292669296,0.0860000029206276,0.28220000863075256,0.44769999384880066
738,GeoVision_Ahmedabad_tile_161.tif,Ahmedabad,65536,541,0.0082550048828125,0.1333933174610138,0.03899163752794266,0.036044444888830185,0.13600000739097595,0.31470000743865967,0.18502935767173767,0.04400080814957619,0.06904999911785126,0.1882999986410141,0.3462666869163513,0.22796417772769928,0.07066608220338821,0.04690000042319298,0.2370000034570694,0.38280001282691956,0.2905788719654083,0.08806847035884857,0.05014999955892563,0.31142500042915344,0.467849999666214,0.32746994495391846,0.10288887470960617,0.048250000923871994,0.34834998846054077,0.4706999957561493,0.29194092750549316,0.10061923414468765,0.03514999896287918,0.3111083209514618,0.43070000410079956
739,GeoVision_Delhi_tile_42.tif,Delhi,65536,1429,0.0218048095703125,0.11976703256368637,0.018829669803380966,0.041200000792741776,0.12099999934434891,0.24979999661445618,0.1704222708940506,0.02437029406428337,0.066600002348423,0.17309999465942383,0.2680000066757202,0.22310075163841248,0.03964567184448242,0.050200000405311584,0.23000000417232513,0.29580000042915344,0.29176241159439087,0.04275059327483177,0.0689999982714653,0.30300000309944153,0.3684000074863434,0.34397023916244507,0.056500278413295746,0.05869999900460243,0.358599990606308,0.4278999865055084,0.31707003712654114,0.057101309299468994,0.04520000144839287,0.3296999931335449,0.4133000075817108
740,GeoVision_Kolkata_tile_91.tif,Kolkata,65536,87,0.0013275146484375,0.1187528744339943,0.05539857596158981,0.03449999913573265,0.1446000039577484,0.19040000438690186,0.12938621640205383,0.05408366769552231,0.04560000076889992,0.1542000025510788,0.20880000293254852,0.13726551830768585,0.06012529134750366,0.04039999842643738,0.16300000250339508,0.2282000035047531,0.19122757017612457,0.08147847652435303,0.04320000112056732,0.23199999332427979,0.28299999237060547,0.2159126251935959,0.08917700499296188,0.03150000050663948,0.259799987077713,0.3327000141143799,0.21617241203784943,0.1052689477801323,0.020099999383091927,0.27070000767707825,0.33169999718666077
741,GeoVision_Bengaluru_tile_94.tif,Bengaluru,65536,209,0.0031890869140625,0.1293330192565918,0.025833893567323685,0.07235000282526016,0.131400004029274,0.22519999742507935,0.17679187655448914,0.03875289484858513,0.09300000220537186,0.17970000207424164,0.2563999891281128,0.22842749953269958,0.0659242793917656,0.09839999675750732,0.21875,0.34200000762939453,0.2865619659423828,0.07476401329040527,0.1281999945640564,0.29124999046325684,0.41964998841285706,0.3522299528121948,0.10194715857505798,0.17649999260902405,0.33169999718666077,0.5388000011444092,0.3165208101272583,0.09087837487459183,0.1555500030517578,0.2828499972820282,0.4921000003814697
742,GeoVision_Ahmedabad_tile_146.tif,Ahmedabad,65536,476,0.00726318359375,0.14617310464382172,0.03800702467560768,0.0658000037074089,0.14020000398159027,0.3440000116825104,0.18585404753684998,0.03999507054686546,0.09629999846220016,0.18289999663829803,0.37880000472068787,0.22890318930149078,0.04346078261733055,0.11559999734163284,0.23047500848770142,0.41920000314712524,0.2912200391292572,0.04392022266983986,0.17725834250450134,0.2953833341598511,0.452349990606308,0.3254154622554779,0.050098542124032974,0.20298750698566437,0.32829999923706055,0.42010000348091125,0.2919073700904846,0.05437733232975006,0.16255000233650208,0.2973499894142151,0.3989666700363159
743,GeoVision_Mumbai_tile_19.tif,Mumbai,65536,0,0.0,,,,,,,,,,,,,,,,,,,,,,,,,,,,,,
744,GeoVision_Jaipur_tile_90.tif,Jaipur,65536,767,0.0117034912109375,0.13642464578151703,0.031189648434519768,0.05270000174641609,0.13030000030994415,0.25049999356269836,0.1879599690437317,0.03227715194225311,0.07209999859333038,0.18469999730587006,0.2766000032424927,0.24193254113197327,0.03676536679267883,0.07445000112056732,0.24040000140666962,0.31029999256134033,0.30566152930259705,0.03528467193245888,0.15680000185966492,0.31220000982284546,0.3700000047683716,0.3645769953727722,0.045493174344301224,0.12189999967813492,0.36809998750686646,0.4629000127315521,0.3383568525314331,0.050434865057468414,0.0835999995470047,0.3402000069618225,0.4440999925136566
745,GeoVision_Mumbai_tile_16.tif,Mumbai,65536,780,0.01190185546875,0.13227388262748718,0.06403835862874985,0.07050000131130219,0.10740000009536743,0.32839998602867126,0.15439587831497192,0.06496849656105042,0.08853333443403244,0.1273999959230423,0.3513999879360199,0.17450396716594696,0.06507539749145508,0.09634999930858612,0.14839999377727509,0.3675999939441681,0.19549480080604553,0.058226730674505234,0.08320000022649765,0.17759999632835388,0.36500000953674316,0.2569252848625183,0.10015121102333069,0.07259999960660934,0.2358500063419342,0.5580000281333923,0.25686341524124146,0.11872647702693939,0.058800000697374344,0.23019999265670776,0.6026999950408936
746,GeoVision_Ahmedabad_tile_173.tif,Ahmedabad,65536,54,0.000823974609375,0.15178166329860687,0.02994619682431221,0.09860000014305115,0.14065000414848328,0.20563998818397522,0.19860567152500153,0.03193316236138344,0.12800000607967377,0.20217499136924744,0.2537600100040436,0.24532614648342133,0.03778975456953049,0.14225000143051147,0.2617749869823456,0.294050008058548,0.3210740387439728,0.0237096156924963,0.2714749872684479,0.3255416750907898,0.35464999079704285,0.3550384044647217,0.032501768320798874,0.289775013923645,0.34447500109672546,0.4137499928474426,0.32187822461128235,0.03645316883921623,0.24983333051204681,0.3203916549682617,0.38292500376701355
747,GeoVision_Bengaluru_tile_167.tif,Bengaluru,65536,2044,0.03118896484375,0.13857746124267578,0.03626200556755066,0.031150000169873238,0.13359999656677246,0.26969999074935913,0.19814281165599823,0.043059054762125015,0.049949999898672104,0.1944499909877777,0.3594000041484833,0.2648051679134369,0.04979151114821434,0.03229999914765358,0.26855000853538513,0.4129500091075897,0.3163047134876251,0.04924124851822853,0.020349999889731407,0.3206000030040741,0.4300000071525574,0.40412062406539917,0.08278027176856995,0.030549999326467514,0.42124998569488525,0.5464000105857849,0.32036635279655457,0.08137352764606476,0.022749999538064003,0.33889999985694885,0.49434998631477356
748,GeoVision_Kolkata_tile_106.tif,Kolkata,65536,280,0.0042724609375,0.1554267406463623,0.08566918969154358,0.03400000184774399,0.11259999871253967,0.36079999804496765,0.17594611644744873,0.0861891508102417,0.04500000178813934,0.13587500154972076,0.37439998984336853,0.1903025507926941,0.09308555722236633,0.04179999977350235,0.15520000457763672,0.4052000045776367,0.22659945487976074,0.09587807208299637,0.04500000178813934,0.2017500102519989,0.46320000290870667,0.294799268245697,0.13154472410678864,0.03799999877810478,0.2639999985694885,0.5557000041007996,0.2914631962776184,0.15112954378128052,0.026799999177455902,0.24219998717308044,0.636900007724762
749,GeoVision_Bengaluru_tile_27.tif,Bengaluru,65536,363,0.0055389404296875,0.14808538556098938,0.0528634674847126,0.053700000047683716,0.14010000228881836,0.3402999937534332,0.1795356720685959,0.054962098598480225,0.07169999927282333,0.17170000076293945,0.38519999384880066,0.20868028700351715,0.05779292806982994,0.06560000032186508,0.20589999854564667,0.47334998846054077,0.263114869594574,0.05542948842048645,0.04899999871850014,0.25995001196861267,0.5428000092506409,0.31595152616500854,0.06659127026796341,0.06030000001192093,0.3125999867916107,0.6063500046730042,0.2859661281108856,0.05677908658981323,0.03420000150799751,0.28839999437332153,0.46415001153945923
750,GeoVision_Jaipur_tile_86.tif,Jaipur,65536,2279,0.0347747802734375,0.2116997241973877,0.06937489658594131,0.05485000088810921,0.2045000046491623,0.3499999940395355,0.25489112734794617,0.07108185440301895,0.07015000283718109,0.25060001015663147,0.387800008058548,0.28950268030166626,0.06950381398200989,0.07919999957084656,0.2865999937057495,0.412200003862381,0.3221982717514038,0.05772416293621063,0.09290000051259995,0.3188999891281128,0.42864999175071716,0.3667100965976715,0.05305777117609978,0.13054999709129333,0.3763499855995178,0.43084999918937683,0.36468303203582764,0.06207512319087982,0.11044999957084656,0.38499999046325684,0.44235000014305115
751,GeoVision_Bengaluru_tile_82.tif,Bengaluru,65536,279,0.0042572021484375,0.10582400858402252,0.025983722880482674,0.04610000178217888,0.11420000344514847,0.17910000681877136,0.15952634811401367,0.042652130126953125,0.05950000137090683,0.17190000414848328,0.2484000027179718,0.2331867218017578,0.06571217626333237,0.06620000302791595,0.2407499998807907,0.3716000020503998,0.2903394401073456,0.07416076958179474,0.07615000009536743,0.3176499903202057,0.42454999685287476,0.3923528492450714,0.1001356691122055,0.13249999284744263,0.4172999858856201,0.543749988079071,0.3481910228729248,0.08831574767827988,0.12530000507831573,0.3698500096797943,0.4767000079154968
752,GeoVision_Jaipur_tile_155.tif,Jaipur,65536,45,0.0006866455078125,0.14999443292617798,0.02387985773384571,0.07935000211000443,0.15160000324249268,0.18539999425411224,0.19313333928585052,0.02252039685845375,0.11919999867677689,0.19599999487400055,0.22310000658035278,0.23806001245975494,0.030010562390089035,0.14624999463558197,0.24040000140666962,0.29249998927116394,0.30973780155181885,0.037318676710128784,0.23240000009536743,0.30790001153945923,0.41110000014305115,0.3731955289840698,0.02844090573489666,0.3296000063419342,0.37209999561309814,0.4394499957561493,0.3405956029891968,0.0329463854432106,0.2842499911785126,0.33980000019073486,0.41705000400543213
753,GeoVision_Chennai_tile_26.tif,Chennai,65536,738,0.011260986328125,0.1410563737154007,0.04031924158334732,0.061400000005960464,0.13420000672340393,0.35740000009536743,0.1718951165676117,0.04297875240445137,0.09040000289678574,0.16589999198913574,0.3853999972343445,0.18600323796272278,0.050848644226789474,0.05460000038146973,0.18330000340938568,0.3792000114917755,0.23267397284507751,0.06044825538992882,0.06639999896287918,0.23849999904632568,0.4291999936103821,0.2588280439376831,0.08143210411071777,0.060600001364946365,0.28039997816085815,0.5764999985694885,0.22451665997505188,0.08099958300590515,0.04439999908208847,0.2425999939441681,0.5978999733924866
754,GeoVision_Bengaluru_tile_129.tif,Bengaluru,65536,997,0.0152130126953125,0.14311198890209198,0.0543978177011013,0.042750000953674316,0.1340000033378601,0.4666000008583069,0.19067464768886566,0.05239828675985336,0.07649999856948853,0.18799999356269836,0.5040000081062317,0.24118897318840027,0.05711418390274048,0.05820000171661377,0.24539999663829803,0.4965499937534332,0.29432883858680725,0.059058573096990585,0.04470000043511391,0.29624998569488525,0.47815001010894775,0.3713271915912628,0.07100703567266464,0.045099999755620956,0.3774999976158142,0.5428000092506409,0.31573906540870667,0.06905046850442886,0.02930000051856041,0.31575000286102295,0.5867000222206116
755,GeoVision_Bengaluru_tile_73.tif,Bengaluru,65536,108,0.00164794921875,0.11312732100486755,0.028876449912786484,0.045899998396635056,0.11149999499320984,0.21369999647140503,0.1710060089826584,0.03619169443845749,0.0710500031709671,0.17715001106262207,0.2529999911785126,0.24575139582157135,0.07112468779087067,0.0860000029206276,0.26737499237060547,0.35899999737739563,0.3226777911186218,0.07434447854757309,0.1505499929189682,0.34302499890327454,0.4338499903678894,0.38619211316108704,0.10778244584798813,0.17264999449253082,0.41154998540878296,0.5652999877929688,0.3323874771595001,0.09572480618953705,0.12470000237226486,0.34584999084472656,0.49024999141693115
756,GeoVision_Jaipur_tile_6.tif,Jaipur,65536,84,0.00128173828125,0.14106786251068115,0.047814369201660156,0.06960000097751617,0.1331000030040741,0.3928000032901764,0.19180715084075928,0.05157078802585602,0.09399999678134918,0.1858000010251999,0.4359999895095825,0.2432345151901245,0.04929487034678459,0.10279999673366547,0.2378999888896942,0.44999998807907104,0.32197853922843933,0.04634323716163635,0.12219999730587006,0.3161500096321106,0.47999998927116394,0.3958952724933624,0.04564154893159866,0.23010000586509705,0.3938000202178955,0.5264999866485596,0.36453333497047424,0.05068293958902359,0.20260000228881836,0.3622500002384186,0.4779999852180481
757,GeoVision_Bengaluru_tile_174.tif,Bengaluru,65536,907,0.0138397216796875,0.12482728809118271,0.04653965309262276,0.05380000174045563,0.11209999769926071,0.4458000063896179,0.17661798000335693,0.04916069284081459,0.0820000022649765,0.16940000653266907,0.4772000014781952,0.22516877949237823,0.05490417033433914,0.07055000215768814,0.22100000083446503,0.47440001368522644,0.28451797366142273,0.058610979467630386,0.06975000351667404,0.28165000677108765,0.48080000281333923,0.3658648431301117,0.08688081800937653,0.07010000199079514,0.3626500070095062,0.5776500105857849,0.2859838008880615,0.0700480043888092,0.04964999854564667,0.2925499975681305,0.48794999718666077
758,GeoVision_Hyderabad_tile_69.tif,Hyderabad,65536,423,0.0064544677734375,0.12296890467405319,0.041962482035160065,0.057866670191287994,0.12246666103601456,0.4301333427429199,0.15629060566425323,0.04491359740495682,0.07940000295639038,0.15700000524520874,0.4519999921321869,0.18663065135478973,0.05912868306040764,0.06019999831914902,0.1898999959230423,0.4844000041484833,0.24487526714801788,0.06535828113555908,0.0819857120513916,0.26260000467300415,0.4754999876022339,0.2706553637981415,0.08891868591308594,0.06241428852081299,0.2802000045776367,0.677649974822998,0.23881518840789795,0.09013273566961288,0.043800000101327896,0.24130000174045563,0.713699996471405
759,GeoVision_Mumbai_tile_149.tif,Mumbai,65536,271,0.0041351318359375,0.10230782628059387,0.020171426236629486,0.0592285692691803,0.1006999984383583,0.15218333899974823,0.12170299142599106,0.024261046200990677,0.07468000054359436,0.11999999731779099,0.18320000171661377,0.13844093680381775,0.03059336356818676,0.07182499766349792,0.13760000467300415,0.21320000290870667,0.1685408651828766,0.03994818776845932,0.0778999999165535,0.16820000112056732,0.26365000009536743,0.18218214809894562,0.04523498937487602,0.07514999806880951,0.17778000235557556,0.2768111228942871,0.1581229418516159,0.040862973779439926,0.05689999833703041,0.15649999678134918,0.2574000060558319
760,GeoVision_Chennai_tile_32.tif,Chennai,65536,529,0.0080718994140625,0.10969792306423187,0.02665967121720314,0.05040000006556511,0.11060000211000443,0.305400013923645,0.15864725410938263,0.03441682457923889,0.07729999721050262,0.15960000455379486,0.30640000104904175,0.1730688065290451,0.05487985908985138,0.05469999834895134,0.16140000522136688,0.3409999907016754,0.20054765045642853,0.07855694741010666,0.04470000043511391,0.19599999487400055,0.4171999990940094,0.2251463234424591,0.12475176155567169,0.033799998462200165,0.19850000739097595,0.45350000262260437,0.18198280036449432,0.11852484941482544,0.023900000378489494,0.14820000529289246,0.4162999987602234
761,GeoVision_Kolkata_tile_67.tif,Kolkata,65536,150,0.002288818359375,0.07342666387557983,0.03860202059149742,0.029200000688433647,0.06705000251531601,0.16220000386238098,0.08714666962623596,0.04246370866894722,0.03700000047683716,0.07859999686479568,0.18459999561309814,0.0912746712565422,0.050521012395620346,0.03359999880194664,0.08179999887943268,0.20319999754428864,0.12095534056425095,0.06775360554456711,0.04270000010728836,0.10604999959468842,0.2567000091075897,0.13415132462978363,0.07279086112976074,0.033399999141693115,0.1403999924659729,0.2962999939918518,0.1113753393292427,0.0716027095913887,0.020800000056624413,0.11400000005960464,0.2865999937057495
762,GeoVision_Kolkata_tile_6.tif,Kolkata,65536,0,0.0,,,,,,,,,,,,,,,,,,,,,,,,,,,,,,
763,GeoVision_Delhi_tile_36.tif,Delhi,65536,542,0.008270263671875,0.12213283777236938,0.021051103249192238,0.051600001752376556,0.1226000040769577,0.21439999341964722,0.162115678191185,0.028603143990039825,0.06700000166893005,0.16179999709129333,0.27639999985694885,0.20130331814289093,0.04060063511133194,0.07270000129938126,0.20430000126361847,0.3531999886035919,0.2536509335041046,0.05592673271894455,0.08900000154972076,0.2542000114917755,0.3873000144958496,0.28713521361351013,0.06723114103078842,0.11900000274181366,0.2809000015258789,0.4214000105857849,0.2659071981906891,0.06482011824846268,0.10350000113248825,0.26295000314712524,0.3928000032901764
764,GeoVision_Jaipur_tile_82.tif,Jaipur,65536,1314,0.020050048828125,0.1420711874961853,0.0266374833881855,0.06369999796152115,0.13899999856948853,0.3889999985694885,0.18612274527549744,0.028592711314558983,0.08335000276565552,0.18755000829696655,0.41519999504089355,0.23387141525745392,0.03528670221567154,0.10209999978542328,0.23819999396800995,0.391400009393692,0.29933175444602966,0.042387958616018295,0.11640000343322754,0.3077250123023987,0.46140000224113464,0.3689320981502533,0.047207050025463104,0.21005000174045563,0.3787999749183655,0.4914500117301941,0.34347403049468994,0.04726275056600571,0.16850000619888306,0.3503499925136566,0.4670499861240387
765,GeoVision_Hyderabad_tile_136.tif,Hyderabad,65536,343,0.0052337646484375,0.1579996943473816,0.04429483786225319,0.07940000295639038,0.14659999310970306,0.25760000944137573,0.1957438886165619,0.04280739650130272,0.09889999777078629,0.18359999358654022,0.3034000098705292,0.23871774971485138,0.035694364458322525,0.13580000400543213,0.23579999804496765,0.3476000130176544,0.2883230447769165,0.0279617290943861,0.20110000669956207,0.2874000072479248,0.3792000114917755,0.373104065656662,0.03812802955508232,0.22599999606609344,0.3774000108242035,0.4659999907016754,0.3432247042655945,0.04773164168000221,0.18700000643730164,0.3458999991416931,0.47154998779296875
766,GeoVision_Jaipur_tile_44.tif,Jaipur,65536,289,0.0044097900390625,0.15433892607688904,0.03448430448770523,0.04295000061392784,0.1525000035762787,0.28439998626708984,0.1934991329908371,0.035305481404066086,0.06310000270605087,0.19419999420642853,0.3077000081539154,0.23134393990039825,0.03977378457784653,0.05700000002980232,0.23479999601840973,0.3275499939918518,0.2959446310997009,0.04146595671772957,0.07855000346899033,0.3072499930858612,0.3668000102043152,0.3313308358192444,0.03862285986542702,0.16419999301433563,0.3375000059604645,0.40709999203681946,0.30322301387786865,0.048071134835481644,0.14315000176429749,0.3010999858379364,0.38609999418258667
767,GeoVision_Kolkata_tile_94.tif,Kolkata,65536,159,0.0024261474609375,0.05405031517148018,0.02351742424070835,0.03200000151991844,0.04479999840259552,0.14000000059604645,0.06554780155420303,0.026886364445090294,0.043699998408555984,0.05420000106096268,0.16279999911785126,0.06445786356925964,0.034742988646030426,0.03959999978542328,0.04899999871850014,0.19300000369548798,0.08299622684717178,0.050982583314180374,0.03920000046491623,0.0575999990105629,0.24740000069141388,0.1020396277308464,0.05117673799395561,0.03660000115633011,0.08649999648332596,0.2703000009059906,0.0792270377278328,0.04946735501289368,0.026799999177455902,0.06270000338554382,0.24410000443458557
768,GeoVision_Delhi_tile_152.tif,Delhi,65536,36,0.00054931640625,0.10929583013057709,0.04210113361477852,0.06764999777078629,0.09854999929666519,0.2732999920845032,0.14112083613872528,0.051262591034173965,0.08434999734163284,0.13839998841285706,0.32339999079704285,0.1772819459438324,0.07309840619564056,0.09390000253915787,0.17109999060630798,0.3747999966144562,0.22750136256217957,0.09056084603071213,0.12210000306367874,0.24277499318122864,0.4189999997615814,0.23625972867012024,0.08983791619539261,0.13860000669956207,0.2220500111579895,0.366100013256073,0.211765319108963,0.08171112090349197,0.1251000016927719,0.1931999921798706,0.34494999051094055
769,GeoVision_Chennai_tile_133.tif,Chennai,65536,695,0.0106048583984375,0.14638884365558624,0.038739316165447235,0.04984999820590019,0.14069999754428864,0.3450999855995178,0.1715741753578186,0.040378108620643616,0.05550000071525574,0.16699999570846558,0.3693000078201294,0.18798092007637024,0.04562205821275711,0.048700001090765,0.18410000205039978,0.40709999203681946,0.246462881565094,0.05291423574090004,0.04479999840259552,0.24570000171661377,0.4422000050544739,0.28957438468933105,0.055760741233825684,0.06345000118017197,0.2917500138282776,0.4710499942302704,0.25404632091522217,0.056123681366443634,0.04399999976158142,0.2540000081062317,0.446399986743927
770,GeoVision_Ahmedabad_tile_122.tif,Ahmedabad,65536,794,0.012115478515625,0.1507672667503357,0.049324557185173035,0.04336428642272949,0.14516110718250275,0.34360000491142273,0.18694250285625458,0.05122082680463791,0.06661666929721832,0.18252500891685486,0.3898000121116638,0.22365443408489227,0.056810762733221054,0.04931666702032089,0.22255000472068787,0.42500001192092896,0.27464351058006287,0.057792291045188904,0.04840833321213722,0.2739666700363159,0.4835500121116638,0.3065052628517151,0.05550925061106682,0.04814999923110008,0.31203752756118774,0.42922499775886536,0.28482258319854736,0.057554084807634354,0.034299999475479126,0.2927708327770233,0.40369999408721924
771,GeoVision_Kolkata_tile_63.tif,Kolkata,65536,2100,0.03204345703125,0.10378053039312363,0.012329447083175182,0.03500000014901161,0.10449999570846558,0.15160000324249268,0.1255112886428833,0.013519673608243465,0.04259999841451645,0.12639999389648438,0.1703999936580658,0.14149823784828186,0.016509534791111946,0.04019999876618385,0.14339999854564667,0.19359999895095825,0.17455781996250153,0.020268309861421585,0.04740000143647194,0.17550000548362732,0.24709999561309814,0.2240915149450302,0.030507992953062057,0.03370000049471855,0.22589999437332153,0.3077999949455261,0.2092517912387848,0.03459388017654419,0.021299999207258224,0.21130000054836273,0.296099990606308
772,GeoVision_Delhi_tile_180.tif,Delhi,65536,338,0.005157470703125,0.1378229409456253,0.0344526544213295,0.05445000156760216,0.14254999160766602,0.24009999632835388,0.16760163009166718,0.04141680896282196,0.0649000033736229,0.17225000262260437,0.27570000290870667,0.18769392371177673,0.049435265362262726,0.07029999792575836,0.19144999980926514,0.3109999895095825,0.23185458779335022,0.05731438100337982,0.07999999821186066,0.23727500438690186,0.444599986076355,0.2526746988296509,0.07265531271696091,0.08489999920129776,0.26019999384880066,0.3635999858379364,0.22993803024291992,0.07005568593740463,0.06485000252723694,0.23462501168251038,0.3381499946117401
773,GeoVision_Jaipur_tile_150.tif,Jaipur,65536,1025,0.0156402587890625,0.13154517114162445,0.029609786346554756,0.0466499999165535,0.13089999556541443,0.22830000519752502,0.18942484259605408,0.039701562374830246,0.07944999635219574,0.1873999983072281,0.3034000098705292,0.250781774520874,0.05688176676630974,0.06755000352859497,0.24560000002384186,0.4131999909877777,0.3227718770503998,0.06440386176109314,0.0653500035405159,0.3186500072479248,0.5127999782562256,0.4006631672382355,0.0655510276556015,0.10305000096559525,0.39465001225471497,0.6049500107765198,0.34050339460372925,0.053502392023801804,0.08219999819993973,0.3416999876499176,0.49505001306533813
774,GeoVision_Chennai_tile_38.tif,Chennai,65536,499,0.0076141357421875,0.1403268575668335,0.035394128412008286,0.065700002014637,0.13729999959468842,0.3379000127315521,0.1673264503479004,0.036558523774147034,0.08609999716281891,0.16580000519752502,0.3571999967098236,0.18375061452388763,0.043280791491270065,0.07029999792575836,0.18559999763965607,0.4077000021934509,0.24498988687992096,0.053145673125982285,0.05979999899864197,0.24950000643730164,0.4357999861240387,0.2813202738761902,0.05372020602226257,0.060600001364946365,0.2916499972343445,0.39544999599456787,0.23788806796073914,0.052251916378736496,0.03644999861717224,0.2485000044107437,0.3580000102519989
775,GeoVision_Ahmedabad_tile_88.tif,Ahmedabad,65536,504,0.0076904296875,0.13443057239055634,0.06586690247058868,0.0432250015437603,0.11260832846164703,0.329800009727478,0.16620606184005737,0.06353460252285004,0.08240000158548355,0.147433340549469,0.3596000075340271,0.1957266628742218,0.07100161910057068,0.05550000071525574,0.19065000116825104,0.38306668400764465,0.2411123663187027,0.07018248736858368,0.06355000287294388,0.2460249960422516,0.3953000009059906,0.29648447036743164,0.11044879257678986,0.04910000041127205,0.29475000500679016,0.5652999877929688,0.27973121404647827,0.12457946687936783,0.03396666422486305,0.26132500171661377,0.6122999787330627
776,GeoVision_Mumbai_tile_153.tif,Mumbai,65536,547,0.0083465576171875,0.09925173968076706,0.028992144390940666,0.04399999976158142,0.09539999812841415,0.23919999599456787,0.12035539001226425,0.03459986671805382,0.0471000000834465,0.11620000004768372,0.28859999775886536,0.1360950618982315,0.04441659152507782,0.050700001418590546,0.1340000033378601,0.3723999857902527,0.17405538260936737,0.04976918175816536,0.05090000107884407,0.17219999432563782,0.41999998688697815,0.18409177660942078,0.04839335009455681,0.07890000194311142,0.18469999730587006,0.421099990606308,0.15672048926353455,0.04692796245217323,0.058800000697374344,0.1543000042438507,0.42149999737739563
777,GeoVision_Chennai_tile_143.tif,Chennai,65536,0,0.0,,,,,,,,,,,,,,,,,,,,,,,,,,,,,,
778,GeoVision_Delhi_tile_7.tif,Delhi,65536,2866,0.043731689453125,0.13514582812786102,0.028921574354171753,0.046966664493083954,0.13296666741371155,0.36160001158714294,0.17559149861335754,0.031732041388750076,0.060724999755620956,0.17462500929832458,0.3856000006198883,0.20916952192783356,0.03695882856845856,0.0710500031709671,0.2090708315372467,0.4083999991416931,0.26716142892837524,0.040971603244543076,0.08631250262260437,0.2697199881076813,0.4020000100135803,0.2998000383377075,0.04236341640353203,0.11932499706745148,0.30105000734329224,0.4136333465576172,0.2731071412563324,0.04308686777949333,0.09582000225782394,0.27379998564720154,0.41499999165534973
779,GeoVision_Delhi_tile_6.tif,Delhi,65536,4294,0.065521240234375,0.12910722196102142,0.03304570913314819,0.0430000014603138,0.12404999881982803,0.40400001406669617,0.1680060774087906,0.03514805808663368,0.055399999022483826,0.16660000383853912,0.46560001373291016,0.20371878147125244,0.0413823239505291,0.0608999989926815,0.20520000159740448,0.4875999987125397,0.2565922439098358,0.04978412389755249,0.06279999762773514,0.26350000500679016,0.4887999892234802,0.2966456413269043,0.05229455232620239,0.10000000149011612,0.29750001430511475,0.4352000057697296,0.2723062336444855,0.05223743990063667,0.08529999852180481,0.27059999108314514,0.4296000003814697
780,GeoVision_Bengaluru_tile_81.tif,Bengaluru,65536,328,0.0050048828125,0.11972972750663757,0.03555577993392944,0.03709999844431877,0.11744999885559082,0.2784000039100647,0.15566767752170563,0.04135238751769066,0.058800000697374344,0.15530000627040863,0.2896000146865845,0.18973475694656372,0.056052159518003464,0.06615000218153,0.18569999933242798,0.2985999882221222,0.23816829919815063,0.06112918630242348,0.09014999866485596,0.2342499941587448,0.3707999885082245,0.29349586367607117,0.07520826905965805,0.15850000083446503,0.2890999913215637,0.4943000078201294,0.26749879121780396,0.06930472701787949,0.1298000067472458,0.25814998149871826,0.4491499960422516
781,GeoVision_Hyderabad_tile_170.tif,Hyderabad,65536,591,0.0090179443359375,0.15250758826732635,0.04562501609325409,0.0674000009894371,0.13926666975021362,0.31584998965263367,0.18091559410095215,0.04635893926024437,0.08349999785423279,0.1671999990940094,0.3416000008583069,0.21636764705181122,0.04730096086859703,0.09300000220537186,0.20839999616146088,0.3747999966144562,0.2719614803791046,0.03923371434211731,0.14329999685287476,0.2786666750907898,0.38600000739097595,0.3348292112350464,0.06719663739204407,0.2076999992132187,0.32063332200050354,0.6121000051498413,0.304603636264801,0.08581668138504028,0.1845666617155075,0.2856999933719635,0.670799970626831
782,GeoVision_Ahmedabad_tile_124.tif,Ahmedabad,65536,47,0.0007171630859375,0.21311217546463013,0.07778939604759216,0.09080000221729279,0.210099995136261,0.33799999952316284,0.2415435016155243,0.0735526755452156,0.12894999980926514,0.23649999499320984,0.3580000102519989,0.26709991693496704,0.0689159631729126,0.14634999632835388,0.2757999897003174,0.3817000091075897,0.3069899380207062,0.06285902112722397,0.16805000603199005,0.31086668372154236,0.39410001039505005,0.38556525111198425,0.0753357857465744,0.25029999017715454,0.36660000681877136,0.5370749831199646,0.3689994812011719,0.09108377248048782,0.22707499563694,0.3492000102996826,0.5608000159263611
783,GeoVision_Kolkata_tile_54.tif,Kolkata,65536,79,0.0012054443359375,0.10461139678955078,0.03650631755590439,0.0340999998152256,0.10620000213384628,0.23639999330043793,0.12396454811096191,0.040621355175971985,0.04960000142455101,0.12479999661445618,0.27320000529289246,0.13621391355991364,0.05053756386041641,0.042399998754262924,0.1379999965429306,0.3124000132083893,0.1793721467256546,0.06486549973487854,0.0575999990105629,0.1809999942779541,0.35589998960494995,0.19232909381389618,0.057166386395692825,0.06520000100135803,0.20110000669956207,0.2971999943256378,0.1663443148136139,0.05422894284129143,0.045099999755620956,0.18209999799728394,0.27250000834465027
784,GeoVision_Jaipur_tile_20.tif,Jaipur,65536,132,0.00201416015625,0.14016743004322052,0.030210377648472786,0.09130000323057175,0.1322999894618988,0.23440000414848328,0.18621817231178284,0.028866605833172798,0.13339999318122864,0.17910000681877136,0.2770000100135803,0.23358182609081268,0.03041067346930504,0.16339999437332153,0.2308499962091446,0.311599999666214,0.3114863634109497,0.0305493026971817,0.21870000660419464,0.313400000333786,0.3668000102043152,0.38943105936050415,0.03983481973409653,0.26010000705718994,0.39410001039505005,0.45969998836517334,0.3601454496383667,0.04622875899076462,0.20200000703334808,0.36809998750686646,0.4345000088214874
785,GeoVision_Bengaluru_tile_22.tif,Bengaluru,65536,1174,0.017913818359375,0.14892929792404175,0.044539328664541245,0.04684999957680702,0.14695000648498535,0.39719998836517334,0.20321252942085266,0.05387664586305618,0.05689999833703041,0.2013999968767166,0.4228000044822693,0.2565388083457947,0.06806065142154694,0.06560000032186508,0.2505999803543091,0.4722000062465668,0.3162578046321869,0.07392311841249466,0.07410000264644623,0.3155999779701233,0.5278000235557556,0.3914574384689331,0.08985386788845062,0.1822499930858612,0.39412498474121094,0.609499990940094,0.3212753236293793,0.07632385194301605,0.1303499937057495,0.32190001010894775,0.5403000116348267
786,GeoVision_Kolkata_tile_49.tif,Kolkata,65536,93,0.0014190673828125,0.08183763176202774,0.025268420577049255,0.04149999842047691,0.08259999752044678,0.14820000529289246,0.09692903608083725,0.027168314903974533,0.055399999022483826,0.09600000083446503,0.16940000653266907,0.10606452077627182,0.034898653626441956,0.048700001090765,0.10899999737739563,0.186599999666214,0.13614945113658905,0.04792056232690811,0.052799999713897705,0.13930000364780426,0.2303999960422516,0.14394623041152954,0.05297498032450676,0.04010000079870224,0.1535000056028366,0.2635999917984009,0.12223119288682938,0.049862299114465714,0.02419999986886978,0.13379999995231628,0.24160000681877136
787,GeoVision_Chennai_tile_57.tif,Chennai,65536,462,0.007049560546875,0.13986386358737946,0.04688938707113266,0.05979999899864197,0.1315000057220459,0.33000001311302185,0.16736385226249695,0.05023407191038132,0.06960000097751617,0.1623000055551529,0.37599998712539673,0.1870744675397873,0.059948261827230453,0.05719999969005585,0.18809999525547028,0.38760000467300415,0.24028918147087097,0.06376180052757263,0.065700002014637,0.24279999732971191,0.4327999949455261,0.27292728424072266,0.07852582633495331,0.056699998676776886,0.2800999879837036,0.4187000095844269,0.2336963415145874,0.07402140647172928,0.0414000004529953,0.24070000648498535,0.4205000102519989
788,GeoVision_Bengaluru_tile_137.tif,Bengaluru,65536,1676,0.02557373046875,0.14101357758045197,0.040337081998586655,0.02174999937415123,0.13850000500679016,0.3174000084400177,0.19648006558418274,0.04894758388400078,0.03099999949336052,0.19334998726844788,0.36899998784065247,0.25589504837989807,0.0667819231748581,0.03044999949634075,0.2604749798774719,0.4797999858856201,0.3154720366001129,0.07436078041791916,0.03175000101327896,0.3231250047683716,0.5386499762535095,0.3954247832298279,0.09557101875543594,0.03959999978542328,0.3963000178337097,0.644349992275238,0.336687296628952,0.07645055651664734,0.03424999862909317,0.3384000062942505,0.5309500098228455
789,GeoVision_Delhi_tile_162.tif,Delhi,65536,31,0.0004730224609375,0.12765321135520935,0.02430385909974575,0.07490000128746033,0.13600000739097595,0.16529999673366547,0.17619678378105164,0.031872063875198364,0.10700000077486038,0.18129999935626984,0.21240000426769257,0.20797418057918549,0.04908573627471924,0.10980000346899033,0.20180000364780426,0.2662999927997589,0.2795886993408203,0.057009413838386536,0.13204999268054962,0.2784999907016754,0.33739998936653137,0.32359516620635986,0.08103242516517639,0.1152999997138977,0.32089999318122864,0.40869998931884766,0.28891775012016296,0.08088713139295578,0.08030000329017639,0.2782000005245209,0.38119998574256897
790,GeoVision_Delhi_tile_11.tif,Delhi,65536,180,0.00274658203125,0.15259253978729248,0.03673858568072319,0.08425000309944153,0.14377500116825104,0.38659998774528503,0.2062162160873413,0.03824443742632866,0.13076665997505188,0.20399999618530273,0.4348999857902527,0.253306120634079,0.041186679154634476,0.14509999752044678,0.2584249973297119,0.436599999666214,0.3187199831008911,0.032912448048591614,0.19705000519752502,0.32359999418258667,0.44587498903274536,0.35864099860191345,0.04727569594979286,0.24044999480247498,0.37185001373291016,0.4221000075340271,0.3233782947063446,0.05944546312093735,0.1979999989271164,0.346762478351593,0.3979499936103821
791,GeoVision_Hyderabad_tile_12.tif,Hyderabad,65536,388,0.00592041015625,0.16584931313991547,0.07202398031949997,0.052400000393390656,0.13957500457763672,0.4131999909877777,0.20136581361293793,0.07120808213949203,0.078757144510746,0.18064333498477936,0.44200000166893005,0.2372923195362091,0.06946460157632828,0.0729999989271164,0.22744999825954437,0.4643999934196472,0.28846096992492676,0.06232737749814987,0.06960000097751617,0.28839999437332153,0.47040000557899475,0.3461950719356537,0.07174260914325714,0.14000000059604645,0.33717501163482666,0.5968000292778015,0.3149411380290985,0.08580955117940903,0.10429999977350235,0.2989000082015991,0.6330999732017517
792,GeoVision_Mumbai_tile_114.tif,Mumbai,65536,2343,0.0357513427734375,0.08559825271368027,0.02431558445096016,0.033900000154972076,0.08110000193119049,0.27026668190956116,0.10105982422828674,0.028644559904932976,0.03884999826550484,0.09730000048875809,0.3119199872016907,0.11489968746900558,0.036590781062841415,0.036924999207258224,0.1103714257478714,0.36366668343544006,0.14552552998065948,0.04648648574948311,0.038100000470876694,0.14059999585151672,0.4023999869823456,0.17015965282917023,0.05388049781322479,0.041200000792741776,0.17069999873638153,0.3589499890804291,0.15115121006965637,0.05341753736138344,0.031300000846385956,0.15060000121593475,0.3880000114440918
793,GeoVision_Jaipur_tile_18.tif,Jaipur,65536,166,0.002532958984375,0.13573643565177917,0.01700126938521862,0.0925000011920929,0.13414999842643738,0.17399999499320984,0.19729457795619965,0.02356284111738205,0.12520000338554382,0.19644999504089355,0.25110000371932983,0.25646987557411194,0.03139316290616989,0.1581999957561493,0.25542500615119934,0.3269999921321869,0.32492589950561523,0.0322340652346611,0.2508000135421753,0.32864999771118164,0.39340001344680786,0.35442739725112915,0.09192990511655807,0.12915000319480896,0.39204999804496765,0.47964999079704285,0.3278557062149048,0.09168623387813568,0.11150000244379044,0.3658500015735626,0.45844998955726624
794,GeoVision_Mumbai_tile_30.tif,Mumbai,65536,2150,0.032806396484375,0.09804104268550873,0.015795113518834114,0.05835000053048134,0.09589999914169312,0.18459999561309814,0.11699939519166946,0.017081715166568756,0.06989999860525131,0.1151999980211258,0.2062000036239624,0.13457909226417542,0.020280975848436356,0.07199999690055847,0.13249999284744263,0.2468000054359436,0.15560489892959595,0.0211317241191864,0.0953499972820282,0.15275000035762787,0.27730000019073486,0.17823030054569244,0.026658952236175537,0.10495000332593918,0.17505000531673431,0.3062500059604645,0.1596350371837616,0.02761165425181389,0.07599999755620956,0.15854999423027039,0.2810499966144562
795,GeoVision_Chennai_tile_13.tif,Chennai,65536,0,0.0,,,,,,,,,,,,,,,,,,,,,,,,,,,,,,
796,GeoVision_Hyderabad_tile_137.tif,Hyderabad,65536,1541,0.0235137939453125,0.1429285854101181,0.03772244229912758,0.04050000011920929,0.1362999975681305,0.33320000767707825,0.17298457026481628,0.04350346326828003,0.04349999874830246,0.1722400039434433,0.3675000071525574,0.2034933865070343,0.056537605822086334,0.03519999980926514,0.2033499926328659,0.3871999979019165,0.24480274319648743,0.06561998277902603,0.031599998474121094,0.24819999933242798,0.4041000008583069,0.3021121621131897,0.08103079348802567,0.04569999873638153,0.3034000098705292,0.4882499873638153,0.2723892629146576,0.08226799219846725,0.027775000780820847,0.2758333384990692,0.4380500018596649
797,GeoVision_Jaipur_tile_88.tif,Jaipur,65536,267,0.0040740966796875,0.14544083178043365,0.0443861298263073,0.0812000036239624,0.13500000536441803,0.376800000667572,0.1830969899892807,0.04462744668126106,0.09965000301599503,0.17479999363422394,0.4138000011444092,0.21939139068126678,0.044536810368299484,0.12229999899864197,0.21619999408721924,0.41530001163482666,0.28737980127334595,0.043932948261499405,0.15309999883174896,0.2891499996185303,0.43320000171661377,0.3274928629398346,0.042814165353775024,0.22165000438690186,0.32945001125335693,0.42489999532699585,0.29339176416397095,0.04362940043210983,0.1859000027179718,0.2915000021457672,0.4282500147819519
798,GeoVision_Bengaluru_tile_96.tif,Bengaluru,65536,1404,0.02142333984375,0.1269267499446869,0.033235739916563034,0.019349999725818634,0.12559999525547028,0.44679999351501465,0.18894919753074646,0.03810220584273338,0.028599999845027924,0.1904500126838684,0.47859999537467957,0.27136123180389404,0.058211494237184525,0.0203000009059906,0.2842000126838684,0.47905001044273376,0.3287512958049774,0.052980490028858185,0.03099999949336052,0.3407999873161316,0.4726499915122986,0.41364654898643494,0.08095381408929825,0.04050000011920929,0.4369499981403351,0.541949987411499,0.33361005783081055,0.06434918940067291,0.025100000202655792,0.34200000762939453,0.47315001487731934
799,GeoVision_Mumbai_tile_125.tif,Mumbai,65536,2542,0.038787841796875,0.10008459538221359,0.022272106260061264,0.05380000174045563,0.09636250138282776,0.3222000002861023,0.11911188066005707,0.02564307115972042,0.05820000171661377,0.11646333336830139,0.3529999852180481,0.13777489960193634,0.03163577616214752,0.055649999529123306,0.13660000264644623,0.39809998869895935,0.17091241478919983,0.037491850554943085,0.05249999836087227,0.1706250011920929,0.4415999948978424,0.18781377375125885,0.032285794615745544,0.0771000012755394,0.18774285912513733,0.32690000534057617,0.1660510152578354,0.03176744282245636,0.06019999831914902,0.1664000004529953,0.3230000138282776
800,GeoVision_Kolkata_tile_14.tif,Kolkata,65536,156,0.00238037109375,0.08520834147930145,0.05003684014081955,0.03420000150799751,0.0832500010728836,0.30720001459121704,0.11027500033378601,0.05408134683966637,0.046300001442432404,0.11559999734163284,0.32440000772476196,0.11770961433649063,0.06641444563865662,0.03959999978542328,0.12560001015663147,0.3476000130176544,0.14830449223518372,0.08446329087018967,0.04569999873638153,0.17260000109672546,0.3684000074863434,0.16859808564186096,0.106401726603508,0.02979999966919422,0.19505000114440918,0.46299999952316284,0.15149103105068207,0.11095483601093292,0.019200000911951065,0.17184999585151672,0.4853000044822693
801,GeoVision_Kolkata_tile_75.tif,Kolkata,65536,70,0.001068115234375,0.08947999775409698,0.01869198866188526,0.05040000006556511,0.08785000443458557,0.14059999585151672,0.10665713995695114,0.022382643073797226,0.060600001364946365,0.10559999942779541,0.17260000109672546,0.12054571509361267,0.03580935671925545,0.06030000001192093,0.1160999983549118,0.25040000677108765,0.16024573147296906,0.05071236938238144,0.09220000356435776,0.15485000610351562,0.34869998693466187,0.1639999896287918,0.03598164767026901,0.09160000085830688,0.16519999504089355,0.2867000102996826,0.14052140712738037,0.0296644177287817,0.07029999792575836,0.1444000005722046,0.2215999960899353
802,GeoVision_Hyderabad_tile_90.tif,Hyderabad,65536,449,0.0068511962890625,0.06972982734441757,0.03164440393447876,0.04266666620969772,0.053199999034404755,0.22259999811649323,0.08453579992055893,0.03839046135544777,0.05180000141263008,0.06340000033378601,0.24459999799728394,0.08408840000629425,0.05547520890831947,0.03987142816185951,0.0551999993622303,0.2770000100135803,0.103009894490242,0.07993873953819275,0.03400000184774399,0.05934000387787819,0.3212999999523163,0.12619167566299438,0.10298486053943634,0.022600000724196434,0.08094999939203262,0.35839998722076416,0.1056908667087555,0.0935148373246193,0.016200000420212746,0.06159999966621399,0.31929999589920044
803,GeoVision_Jaipur_tile_61.tif,Jaipur,65536,1305,0.0199127197265625,0.15729939937591553,0.03898340091109276,0.07460000365972519,0.15320000052452087,0.49399998784065247,0.2071145921945572,0.04905146732926369,0.07909999787807465,0.20600000023841858,0.5266000032424927,0.2510327696800232,0.059501517564058304,0.07904999703168869,0.2530499994754791,0.5641999840736389,0.3192952275276184,0.06175599992275238,0.09629999846220016,0.32839998602867126,0.5985999703407288,0.3807300627231598,0.06881806254386902,0.14544999599456787,0.38839998841285706,0.5027999877929688,0.34863734245300293,0.07192733883857727,0.10459999740123749,0.351749986410141,0.48980000615119934
804,GeoVision_Ahmedabad_tile_116.tif,Ahmedabad,65536,424,0.0064697265625,0.13658574223518372,0.029272830113768578,0.060499999672174454,0.14190000295639038,0.3513999879360199,0.18556742370128632,0.03784200921654701,0.07500000298023224,0.19519999623298645,0.3924500048160553,0.24383951723575592,0.05976128950715065,0.08889999985694885,0.24755001068115234,0.44200000166893005,0.31455907225608826,0.07315465807914734,0.10300000011920929,0.32828330993652344,0.4909999966621399,0.36518651247024536,0.09569235891103745,0.1080000028014183,0.3598000109195709,0.48420000076293945,0.3452828824520111,0.09989667683839798,0.09589999914169312,0.3380500078201294,0.47823333740234375
805,GeoVision_Hyderabad_tile_71.tif,Hyderabad,65536,410,0.006256103515625,0.13112765550613403,0.029117748141288757,0.06650000065565109,0.12583333253860474,0.29973331093788147,0.16526924073696136,0.031412120908498764,0.08489999920129776,0.16099999845027924,0.3330000042915344,0.20196793973445892,0.038536250591278076,0.08129999786615372,0.19952499866485596,0.35109999775886536,0.25103357434272766,0.04325160011649132,0.14032499492168427,0.248146653175354,0.3580999970436096,0.2989533841609955,0.04264233633875847,0.19386665523052216,0.2989625036716461,0.3981333374977112,0.2739720642566681,0.0432262197136879,0.15209999680519104,0.27367499470710754,0.3989500105381012
806,GeoVision_Delhi_tile_145.tif,Delhi,65536,46,0.000701904296875,0.133053258061409,0.02976297028362751,0.08744999766349792,0.13040000200271606,0.20399999618530273,0.16615653038024902,0.025507651269435883,0.125900000333786,0.15839999914169312,0.23549999296665192,0.18815870583057404,0.029327930882573128,0.13779999315738678,0.17664998769760132,0.2667999863624573,0.2566967308521271,0.028662526980042458,0.18655000627040863,0.24770000576972961,0.313400000333786,0.2895239293575287,0.03336126729846001,0.19629999995231628,0.2907000184059143,0.3596000075340271,0.2634119391441345,0.03735680505633354,0.16425000131130219,0.2698499858379364,0.33454999327659607
807,GeoVision_Hyderabad_tile_78.tif,Hyderabad,65536,1963,0.0299530029296875,0.13574762642383575,0.03530807048082352,0.05559999868273735,0.13259999454021454,0.2896000146865845,0.17133498191833496,0.03732344135642052,0.07050000131130219,0.17100000381469727,0.33480000495910645,0.21015408635139465,0.049051057547330856,0.052799999713897705,0.2168000042438507,0.350600004196167,0.2606796324253082,0.06218770891427994,0.03974999859929085,0.2709999978542328,0.38929998874664307,0.3275124132633209,0.07973987609148026,0.031300000846385956,0.3361999988555908,0.4878999888896942,0.288962185382843,0.0722193494439125,0.02449999935925007,0.2994000017642975,0.46709999442100525
808,GeoVision_Chennai_tile_129.tif,Chennai,65536,908,0.01385498046875,0.23587565124034882,0.1076744869351387,0.03680000081658363,0.2337000072002411,0.46399998664855957,0.2614906430244446,0.09749089926481247,0.04410000145435333,0.2565999925136566,0.49639999866485596,0.27563512325286865,0.10230965167284012,0.04039999842643738,0.27549999952316284,0.49639999866485596,0.30775418877601624,0.09736961126327515,0.04769999906420708,0.3199999928474426,0.5088000297546387,0.4262566864490509,0.15962450206279755,0.0333000011742115,0.420199990272522,0.7253000140190125,0.4291309118270874,0.1874501258134842,0.02019999921321869,0.421999990940094,0.8102999925613403
809,GeoVision_Jaipur_tile_149.tif,Jaipur,65536,9366,0.142913818359375,0.10289370268583298,0.017873011529445648,0.052400000393390656,0.0997999981045723,0.45100000500679016,0.15315347909927368,0.01921466551721096,0.08209999650716782,0.15160000324249268,0.47600001096725464,0.21541233360767365,0.027071796357631683,0.09099999815225601,0.2150000035762787,0.4973500072956085,0.2865981161594391,0.028897495940327644,0.11495000123977661,0.28369998931884766,0.49459999799728394,0.35799479484558105,0.0358772911131382,0.1388999968767166,0.3571000099182129,0.5775499939918518,0.3289962410926819,0.03925424814224243,0.10189999639987946,0.32954999804496765,0.5873500108718872
810,GeoVision_Bengaluru_tile_124.tif,Bengaluru,65536,1126,0.017181396484375,0.13695204257965088,0.05395893752574921,0.04320000112056732,0.12645000219345093,0.5943999886512756,0.18358173966407776,0.05898689478635788,0.06270000338554382,0.1741499900817871,0.6359999775886536,0.2281213104724884,0.07176219671964645,0.07095000147819519,0.2194249927997589,0.6955000162124634,0.2751569151878357,0.08012624830007553,0.09300000220537186,0.26992499828338623,0.7053999900817871,0.32527095079421997,0.08412682265043259,0.11455000191926956,0.31165000796318054,0.6682999730110168,0.27442705631256104,0.06682215631008148,0.09080000221729279,0.2639999985694885,0.4979499876499176
811,GeoVision_Ahmedabad_tile_155.tif,Ahmedabad,65536,2187,0.0333709716796875,0.13576136529445648,0.04349439591169357,0.04349999874830246,0.12530000507831573,0.32440000772476196,0.17241224646568298,0.0486629493534565,0.05660000070929527,0.16321666538715363,0.38280001282691956,0.21137861907482147,0.053577959537506104,0.0667250007390976,0.2054000049829483,0.4156000018119812,0.2623162865638733,0.05180767923593521,0.08145000040531158,0.26136666536331177,0.4687249958515167,0.3035038113594055,0.05038983374834061,0.14286665618419647,0.3026600182056427,0.518387496471405,0.28534263372421265,0.0538465641438961,0.12025000154972076,0.2838200032711029,0.5218750238418579
812,GeoVision_Chennai_tile_153.tif,Chennai,65536,318,0.004852294921875,0.11834685504436493,0.021308958530426025,0.07919999957084656,0.1137000024318695,0.24079999327659607,0.13438111543655396,0.024428170174360275,0.08569999784231186,0.13179999589920044,0.257999986410141,0.14757202565670013,0.03083181008696556,0.08250000327825546,0.14339999854564667,0.2800000011920929,0.1898767203092575,0.042040176689624786,0.11840000003576279,0.1873999983072281,0.33640000224113464,0.2339792549610138,0.04515042528510094,0.15809999406337738,0.2374500036239624,0.43529999256134033,0.20806919038295746,0.03825066238641739,0.1356000006198883,0.21050000190734863,0.3801000118255615
813,GeoVision_Chennai_tile_37.tif,Chennai,65536,585,0.0089263916015625,0.13665907084941864,0.04669451713562012,0.04820000007748604,0.12929999828338623,0.32170000672340393,0.16999675333499908,0.04811682552099228,0.04854999855160713,0.16680000722408295,0.3625999987125397,0.18982401490211487,0.054618045687675476,0.03750000149011612,0.19439999759197235,0.38999998569488525,0.2389388084411621,0.06353882700204849,0.046950001269578934,0.25270000100135803,0.41760000586509705,0.27995917201042175,0.06925609707832336,0.030500000342726707,0.29809999465942383,0.39355000853538513,0.2363089770078659,0.06617894768714905,0.02135000005364418,0.2540000081062317,0.3386499881744385
814,GeoVision_Delhi_tile_106.tif,Delhi,65536,472,0.0072021484375,0.13597609102725983,0.02380908466875553,0.06692499667406082,0.1333666741847992,0.25605833530426025,0.17861559987068176,0.024824243038892746,0.09817999601364136,0.18045714497566223,0.2924666702747345,0.21760092675685883,0.03056100569665432,0.1069599986076355,0.22259999811649323,0.3109666705131531,0.2803076505661011,0.03234428912401199,0.15796665847301483,0.2878928780555725,0.33709999918937683,0.31953251361846924,0.041040848940610886,0.1775333434343338,0.32679998874664307,0.388949990272522,0.29215478897094727,0.04407689720392227,0.1455666571855545,0.3032666742801666,0.3728500008583069
815,GeoVision_Kolkata_tile_181.tif,Kolkata,65536,124,0.00189208984375,0.10147541016340256,0.04927181825041771,0.0340999998152256,0.09184999763965607,0.23149999976158142,0.12116532027721405,0.053210511803627014,0.04610000178217888,0.11190000176429749,0.26759999990463257,0.13050201535224915,0.06475579738616943,0.03894999995827675,0.1281999945640564,0.302700012922287,0.17811936140060425,0.0785505548119545,0.0421999990940094,0.19155000150203705,0.3422499895095825,0.19359393417835236,0.07488793134689331,0.037050001323223114,0.2047249972820282,0.3046000003814697,0.1618189513683319,0.06929028034210205,0.025750000029802322,0.1692499965429306,0.2665500044822693
816,GeoVision_Chennai_tile_146.tif,Chennai,65536,750,0.011444091796875,0.13956719636917114,0.032912831753492355,0.050999999046325684,0.13490000367164612,0.4424000084400177,0.1793157309293747,0.03590721637010574,0.06340000033378601,0.17260000109672546,0.49639999866485596,0.20604826509952545,0.0421946719288826,0.04769999906420708,0.2004999965429306,0.5167999863624573,0.25740811228752136,0.04773589223623276,0.04749999940395355,0.25349998474121094,0.5347999930381775,0.3195401430130005,0.04860561713576317,0.04410000145435333,0.3260499835014343,0.429500013589859,0.28279826045036316,0.05161214992403984,0.03240000084042549,0.28540000319480896,0.39500001072883606
817,GeoVision_Hyderabad_tile_92.tif,Hyderabad,65536,4561,0.0695953369140625,0.14351309835910797,0.029741093516349792,0.04833333566784859,0.14579999446868896,0.3127000033855438,0.18020449578762054,0.03734204173088074,0.05820000171661377,0.1834000051021576,0.35269999504089355,0.22059591114521027,0.05238974839448929,0.04603999853134155,0.22460000216960907,0.3779999911785126,0.26625514030456543,0.06016949564218521,0.041999999433755875,0.27570000290870667,0.3935999870300293,0.3314068019390106,0.0772729367017746,0.03240000084042549,0.3352999985218048,0.4693000018596649,0.29235655069351196,0.06868582218885422,0.025200000032782555,0.30105000734329224,0.4925999939441681
818,GeoVision_Mumbai_tile_176.tif,Mumbai,65536,292,0.00445556640625,0.09260856360197067,0.021246563643217087,0.050700001418590546,0.08949999511241913,0.16940000653266907,0.11007706075906754,0.02723335474729538,0.06080000102519989,0.10590000450611115,0.21979999542236328,0.1259835660457611,0.0354694165289402,0.05959999933838844,0.121799997985363,0.25859999656677246,0.1532064974308014,0.03908613696694374,0.06920000165700912,0.1493000090122223,0.2842000126838684,0.16655650734901428,0.042432751506567,0.05889999866485596,0.1675499975681305,0.26910001039505005,0.14347054064273834,0.04034232720732689,0.04349999874830246,0.14509999752044678,0.24799999594688416
819,GeoVision_Kolkata_tile_59.tif,Kolkata,65536,302,0.004608154296875,0.06076622009277344,0.008623000234365463,0.03620000183582306,0.060350000858306885,0.09260000288486481,0.08539536595344543,0.011247307062149048,0.05260000005364418,0.0860000029206276,0.12460000067949295,0.0706622526049614,0.013325938954949379,0.047200001776218414,0.06840000301599503,0.1306000053882599,0.08347979933023453,0.025675717741250992,0.04580000042915344,0.07864999771118164,0.19359999895095825,0.07110331207513809,0.03201088681817055,0.02710000053048134,0.06629999727010727,0.18039999902248383,0.04937814921140671,0.02586045116186142,0.01600000075995922,0.04704999923706055,0.16380000114440918
820,GeoVision_Delhi_tile_95.tif,Delhi,65536,704,0.0107421875,0.1369701772928238,0.029284076765179634,0.04470000043511391,0.13809999823570251,0.26489999890327454,0.18150277435779572,0.037407368421554565,0.0608999989926815,0.1854499876499176,0.3093000054359436,0.22905540466308594,0.05434846132993698,0.07084999978542328,0.24424999952316284,0.3424000144004822,0.2868500053882599,0.05984611436724663,0.08829999715089798,0.30935001373291016,0.38315001130104065,0.3252270519733429,0.07316845655441284,0.11840000003576279,0.3407500088214874,0.43334999680519104,0.30129238963127136,0.0784364566206932,0.09449999779462814,0.32260000705718994,0.42384999990463257
821,GeoVision_Ahmedabad_tile_76.tif,Ahmedabad,65536,418,0.006378173828125,0.11533890664577484,0.039887331426143646,0.035999998450279236,0.12472750246524811,0.2199999988079071,0.16473345458507538,0.05560864508152008,0.05169999971985817,0.17182916402816772,0.24799999594688416,0.2075234055519104,0.08915651589632034,0.03522000089287758,0.22917500138282776,0.3337000012397766,0.2643859386444092,0.11341996490955353,0.038874998688697815,0.3030937612056732,0.4045250117778778,0.3145393133163452,0.1299552172422409,0.04977500066161156,0.36311250925064087,0.46057501435279846,0.28472670912742615,0.12820512056350708,0.03504500165581703,0.32464998960494995,0.4359000027179718
822,GeoVision_Delhi_tile_83.tif,Delhi,65536,3673,0.0560455322265625,0.13190710544586182,0.030815662816166878,0.037300001829862595,0.1316000074148178,0.39160001277923584,0.17342974245548248,0.03681623935699463,0.05299999937415123,0.17299999296665192,0.4496000111103058,0.20639237761497498,0.04490545392036438,0.04879999905824661,0.20739999413490295,0.46160000562667847,0.2632628381252289,0.04886564612388611,0.07800000160932541,0.2678000032901764,0.45840001106262207,0.30189332365989685,0.0590936653316021,0.06520000100135803,0.3028999865055084,0.5181000232696533,0.27410539984703064,0.06164936721324921,0.04820000007748604,0.2773999869823456,0.5209000110626221
823,GeoVision_Kolkata_tile_72.tif,Kolkata,65536,46,0.000701904296875,0.08588478714227676,0.02595728076994419,0.04340000078082085,0.0786999985575676,0.17579999566078186,0.11595432460308075,0.026227008551359177,0.06369999796152115,0.1103999987244606,0.20319999754428864,0.11205434054136276,0.03707827255129814,0.05999999865889549,0.09984999895095825,0.22360000014305115,0.12764349579811096,0.060708802193403244,0.0820000022649765,0.1042499989271164,0.295199990272522,0.10400652140378952,0.07496114820241928,0.03150000050663948,0.08304999768733978,0.2849999964237213,0.0780782625079155,0.06363216042518616,0.020999999716877937,0.05685000121593475,0.23569999635219574
824,GeoVision_Jaipur_tile_42.tif,Jaipur,65536,272,0.004150390625,0.13927793502807617,0.023809723556041718,0.08950000256299973,0.13740000128746033,0.24390000104904175,0.18022188544273376,0.03195123374462128,0.11855000257492065,0.1827000081539154,0.2847000062465668,0.22121140360832214,0.04263855889439583,0.14010000228881836,0.227400004863739,0.3218500018119812,0.28354063630104065,0.049240030348300934,0.1673000007867813,0.2889249920845032,0.3792000114917755,0.34903401136398315,0.05644431337714195,0.23395000398159027,0.36134999990463257,0.44144999980926514,0.3260016441345215,0.05376112833619118,0.22050000727176666,0.33629998564720154,0.4246000051498413
825,GeoVision_Jaipur_tile_89.tif,Jaipur,65536,774,0.011810302734375,0.13447913527488708,0.027568958699703217,0.08465000241994858,0.1290999948978424,0.27309998869895935,0.1806311458349228,0.0271430853754282,0.12150000035762787,0.17614999413490295,0.3125999867916107,0.2313469648361206,0.0305833350867033,0.14515000581741333,0.23332500457763672,0.3515999913215637,0.2994304895401001,0.03181622549891472,0.19679999351501465,0.303600013256073,0.3949500024318695,0.3551097512245178,0.034434299916028976,0.2556999921798706,0.35760000348091125,0.44255000352859497,0.32207220792770386,0.037397775799036026,0.22714999318122864,0.3190999925136566,0.4196999967098236
826,GeoVision_Kolkata_tile_99.tif,Kolkata,65536,118,0.001800537109375,0.06578220427036285,0.03282712399959564,0.03689999878406525,0.05139999836683273,0.18299999833106995,0.08548898249864578,0.03750823065638542,0.04839999973773956,0.07175000011920929,0.2070000022649765,0.08172965794801712,0.048820700496435165,0.04320000112056732,0.05635000020265579,0.22779999673366547,0.11264152079820633,0.07293819636106491,0.04520000144839287,0.07414999604225159,0.29899999499320984,0.10776524990797043,0.07887985557317734,0.027300000190734863,0.07620000094175339,0.29580000042915344,0.08206269890069962,0.0724392756819725,0.01600000075995922,0.049400001764297485,0.2694999873638153
827,GeoVision_Ahmedabad_tile_172.tif,Ahmedabad,65536,1020,0.01556396484375,0.12797319889068604,0.035228945314884186,0.029874999076128006,0.12314999848604202,0.2924000024795532,0.16129986941814423,0.040447335690259933,0.04001250118017197,0.15836666524410248,0.33390000462532043,0.1939491480588913,0.05009981617331505,0.02669999934732914,0.19584666192531586,0.365200012922287,0.2405644804239273,0.056437138468027115,0.027220001444220543,0.24453333020210266,0.3925333321094513,0.27382925152778625,0.05672725290060043,0.05139999836683273,0.27533748745918274,0.4307999908924103,0.25732460618019104,0.057250265032052994,0.04190000146627426,0.2590250074863434,0.41376665234565735
828,GeoVision_Delhi_tile_104.tif,Delhi,65536,3404,0.05194091796875,0.12857450544834137,0.0276278518140316,0.04100000113248825,0.12639999389648438,0.31119999289512634,0.1676563322544098,0.03297792002558708,0.050599999725818634,0.16699999570846558,0.33799999952316284,0.19736459851264954,0.04039330407977104,0.054749999195337296,0.20029999315738678,0.38519999384880066,0.2539041042327881,0.04753873497247696,0.05689999833703041,0.26080000400543213,0.44279998540878296,0.2856714725494385,0.051054541021585464,0.06589999794960022,0.2946999967098236,0.3977000117301941,0.25837862491607666,0.050858739763498306,0.049550000578165054,0.2660750150680542,0.3873000144958496
829,GeoVision_Mumbai_tile_144.tif,Mumbai,65536,0,0.0,,,,,,,,,,,,,,,,,,,,,,,,,,,,,,
830,GeoVision_Jaipur_tile_119.tif,Jaipur,65536,440,0.0067138671875,0.1623687446117401,0.0542774423956871,0.08505000174045563,0.14509999752044678,0.4092000126838684,0.2069847583770752,0.05141749978065491,0.13609999418258667,0.1942499876022339,0.44920000433921814,0.2538703382015228,0.04774683341383934,0.1354999989271164,0.24594999849796295,0.4657999873161316,0.31656283140182495,0.04082730785012245,0.22599999606609344,0.31027501821517944,0.45829999446868896,0.37982863187789917,0.04437491297721863,0.2881999909877777,0.3711249828338623,0.4803999960422516,0.3525140881538391,0.04750851169228554,0.266400009393692,0.3443250060081482,0.4673500061035156
831,GeoVision_Bengaluru_tile_21.tif,Bengaluru,65536,613,0.0093536376953125,0.13468647003173828,0.03559316322207451,0.03849999979138374,0.12999999523162842,0.2915000021457672,0.1806165724992752,0.04037201404571533,0.05635000020265579,0.17919999361038208,0.3147999942302704,0.22150693833827972,0.053627051413059235,0.05115000158548355,0.22210000455379486,0.3440000116825104,0.27981093525886536,0.06045563891530037,0.056049998849630356,0.2847999930381775,0.43059998750686646,0.3346884250640869,0.07852771133184433,0.07434999942779541,0.33355000615119934,0.4952999949455261,0.29191362857818604,0.06836651265621185,0.06120000034570694,0.2913999855518341,0.4359999895095825
832,GeoVision_Kolkata_tile_35.tif,Kolkata,65536,2,3.0517578125e-05,0.06430000066757202,0.008100001141428947,0.05620000138878822,0.06430000066757202,0.07240000367164612,0.08779999613761902,0.013399999588727951,0.07440000027418137,0.08779999613761902,0.10119999945163727,0.09640000015497208,0.014399997889995575,0.0820000022649765,0.09640000015497208,0.11079999804496765,0.14320001006126404,0.026200003921985626,0.11699999868869781,0.14320001006126404,0.16940000653266907,0.17794999480247498,0.032850004732608795,0.14509999752044678,0.17794999480247498,0.21080000698566437,0.15279999375343323,0.03629999980330467,0.11649999767541885,0.15279999375343323,0.1890999972820282
833,GeoVision_Mumbai_tile_163.tif,Mumbai,65536,0,0.0,,,,,,,,,,,,,,,,,,,,,,,,,,,,,,
834,GeoVision_Hyderabad_tile_10.tif,Hyderabad,65536,1548,0.02362060546875,0.18298020958900452,0.08474919199943542,0.05054999887943268,0.1575133204460144,0.4984000027179718,0.21671387553215027,0.08393357694149017,0.068340003490448,0.19480000436306,0.52920001745224,0.2519454061985016,0.08152149617671967,0.04969999939203262,0.23800000548362732,0.5396000146865845,0.30145978927612305,0.0723685622215271,0.03720000013709068,0.2996666431427002,0.5511999726295471,0.37898483872413635,0.08691118657588959,0.047449998557567596,0.373199999332428,0.6232249736785889,0.3431691825389862,0.0974387526512146,0.03242000192403793,0.33104997873306274,0.6614500284194946
835,GeoVision_Jaipur_tile_60.tif,Jaipur,65536,2578,0.039337158203125,0.18959976732730865,0.08339203149080276,0.05195000022649765,0.15780000388622284,0.45399999618530273,0.23291870951652527,0.08041694015264511,0.09085000306367874,0.20739999413490295,0.48899999260902405,0.26952508091926575,0.07929249107837677,0.07490000128746033,0.25312501192092896,0.5080000162124634,0.3201756179332733,0.0682951807975769,0.09480000287294388,0.31849998235702515,0.5317999720573425,0.38167890906333923,0.08282922208309174,0.11505000293254852,0.3833500146865845,0.6116999983787537,0.35494548082351685,0.08980479836463928,0.0949999988079071,0.3521000146865845,0.6359999775886536
836,GeoVision_Chennai_tile_176.tif,Chennai,65536,1043,0.0159149169921875,0.1667211800813675,0.0887451246380806,0.05530000105500221,0.12720000743865967,0.462799996137619,0.20821955800056458,0.08137819170951843,0.08269999921321869,0.1770000010728836,0.5088000297546387,0.23574621975421906,0.07933185249567032,0.07699999958276749,0.2160000056028366,0.527999997138977,0.2778448760509491,0.0748053565621376,0.061799999326467514,0.2727999985218048,0.5248000025749207,0.3775741159915924,0.11615049839019775,0.052000001072883606,0.38370001316070557,0.7767999768257141,0.3138829171657562,0.1343666911125183,0.038100000470876694,0.29260000586509705,0.8522999882698059
837,GeoVision_Bengaluru_tile_24.tif,Bengaluru,65536,776,0.0118408203125,0.1331724226474762,0.05976112559437752,0.03840000182390213,0.1140500009059906,0.3547999858856201,0.17893660068511963,0.05150404945015907,0.046149998903274536,0.17350000143051147,0.36660000681877136,0.2355853021144867,0.05560259148478508,0.0515500009059906,0.2345000058412552,0.43435001373291016,0.3003109097480774,0.05214614048600197,0.08869999647140503,0.29622501134872437,0.4963499903678894,0.36808210611343384,0.07329423725605011,0.1992499977350235,0.350849986076355,0.5892000198364258,0.30389857292175293,0.07293431460857391,0.15665000677108765,0.29554998874664307,0.4703499972820282
838,GeoVision_Bengaluru_tile_154.tif,Bengaluru,65536,189,0.0028839111328125,0.11501587927341461,0.030233463272452354,0.03604999929666519,0.11320000141859055,0.2070000022649765,0.1712629795074463,0.04034707695245743,0.051600001752376556,0.17499999701976776,0.26100000739097595,0.24692010879516602,0.0617821030318737,0.04600000008940697,0.25475001335144043,0.3555999994277954,0.31862038373947144,0.06631287187337875,0.04989999905228615,0.3275499939918518,0.4092999994754791,0.42864441871643066,0.091927170753479,0.08515000343322754,0.4216499924659729,0.5547999739646912,0.316955029964447,0.07113796472549438,0.06764999777078629,0.32280001044273376,0.41850000619888306
839,GeoVision_Delhi_tile_20.tif,Delhi,65536,2147,0.0327606201171875,0.12135254591703415,0.03261514753103256,0.047200001776218414,0.11580000072717667,0.4020000100135803,0.16187633574008942,0.03367946296930313,0.08079999685287476,0.1582999974489212,0.42800000309944153,0.20369365811347961,0.03550969064235687,0.08739999681711197,0.20319999754428864,0.45190000534057617,0.25954627990722656,0.03534725308418274,0.1404999941587448,0.26460000872612,0.4496000111103058,0.3035525381565094,0.04158475622534752,0.17800000309944153,0.30660000443458557,0.46160000562667847,0.28353577852249146,0.04511908441781998,0.15569999814033508,0.2851000130176544,0.49639999866485596
840,GeoVision_Chennai_tile_54.tif,Chennai,65536,532,0.00811767578125,0.17925798892974854,0.0850464403629303,0.05844999849796295,0.14910000562667847,0.45500001311302185,0.20529577136039734,0.08383553475141525,0.08214999735355377,0.18129999935626984,0.49219998717308044,0.22150073945522308,0.0867174044251442,0.0625,0.2028999924659729,0.5076000094413757,0.273184597492218,0.08154042065143585,0.06800000369548798,0.26635000109672546,0.506600022315979,0.29703712463378906,0.07392513751983643,0.06615000218153,0.2992500066757202,0.5436000227928162,0.2582542300224304,0.07327643036842346,0.05119999870657921,0.2572000026702881,0.5623999834060669
841,GeoVision_Chennai_tile_88.tif,Chennai,65536,1140,0.01739501953125,0.14337027072906494,0.0505535863339901,0.05040000006556511,0.13120000064373016,0.36480000615119934,0.17234745621681213,0.052589137107133865,0.05350000038743019,0.1597999930381775,0.3919999897480011,0.19004034996032715,0.05480746179819107,0.04479999840259552,0.1821500062942505,0.40959998965263367,0.23924271762371063,0.060500841587781906,0.060100000351667404,0.2358500063419342,0.446399986743927,0.27345937490463257,0.06923288106918335,0.04740000143647194,0.2687000036239624,0.4812000095844269,0.24303074181079865,0.06555013358592987,0.03480000048875809,0.2363000065088272,0.44929999113082886
842,GeoVision_Hyderabad_tile_16.tif,Hyderabad,65536,203,0.0030975341796875,0.10194579511880875,0.026808053255081177,0.0617000013589859,0.09399999678134918,0.2085999995470047,0.12763230502605438,0.03360813856124878,0.07703333348035812,0.12080000340938568,0.2556000053882599,0.1581832617521286,0.05255894362926483,0.07190000265836716,0.15933333337306976,0.3027999997138977,0.20440638065338135,0.07625657320022583,0.06134999915957451,0.2070000022649765,0.37540000677108765,0.25316518545150757,0.10396739840507507,0.07503332942724228,0.23229999840259552,0.43560001254081726,0.22141890227794647,0.08729609847068787,0.04945714399218559,0.21279999613761902,0.3774000108242035
843,GeoVision_Hyderabad_tile_149.tif,Hyderabad,65536,1501,0.0229034423828125,0.1634625345468521,0.05475962162017822,0.04684000089764595,0.15219999849796295,0.43373334407806396,0.20020131766796112,0.059272076934576035,0.054259996861219406,0.1903499960899353,0.49079999327659607,0.2359834462404251,0.06442265957593918,0.0502999983727932,0.2337000072002411,0.6003999710083008,0.28970596194267273,0.0660824179649353,0.053599998354911804,0.28940001130104065,0.7048500180244446,0.3370971381664276,0.06604055315256119,0.0849749967455864,0.3361000120639801,0.7046999931335449,0.28997617959976196,0.06624223291873932,0.0617000013589859,0.28999999165534973,0.616349995136261
844,GeoVision_Mumbai_tile_151.tif,Mumbai,65536,1449,0.0221099853515625,0.08965925127267838,0.019986171275377274,0.04179999977350235,0.08839999884366989,0.2325333207845688,0.10498140752315521,0.023228434845805168,0.045666664838790894,0.10300000011920929,0.27079999446868896,0.11893365532159805,0.030198674649000168,0.04632499814033508,0.11620000004768372,0.30186668038368225,0.15619567036628723,0.03845015913248062,0.04933999851346016,0.1518000066280365,0.33719998598098755,0.18092823028564453,0.04257725551724434,0.05469999834895134,0.1800999939441681,0.3416750133037567,0.1610407680273056,0.04207933321595192,0.04025714471936226,0.16210000216960907,0.31905001401901245
845,GeoVision_Delhi_tile_30.tif,Delhi,65536,400,0.006103515625,0.13399723172187805,0.03142230957746506,0.06430000066757202,0.12780000269412994,0.25839999318122864,0.17657612264156342,0.03185031935572624,0.0917000025510788,0.17489999532699585,0.3107999861240387,0.21441948413848877,0.039516597986221313,0.10499999672174454,0.21799999475479126,0.36719998717308044,0.28446948528289795,0.03952500596642494,0.15719999372959137,0.28904998302459717,0.4083999991416931,0.3153589963912964,0.04974256083369255,0.1664000004529953,0.31415000557899475,0.4223000109195709,0.2839220464229584,0.05288861691951752,0.14630000293254852,0.2802000045776367,0.40049999952316284
846,GeoVision_Bengaluru_tile_162.tif,Bengaluru,65536,4138,0.063140869140625,0.11532872170209885,0.050026148557662964,0.024000000208616257,0.10679999738931656,0.5594000220298767,0.1666792780160904,0.05772443115711212,0.043800000101327896,0.16369999945163727,0.6467999815940857,0.24174821376800537,0.07477429509162903,0.02810000069439411,0.249549999833107,0.7221999764442444,0.29100391268730164,0.08333370089530945,0.03604999929666519,0.3030250072479248,0.7475500106811523,0.39153623580932617,0.10805482417345047,0.025299999862909317,0.4099000096321106,0.7230499982833862,0.3055339753627777,0.08035367727279663,0.018950000405311584,0.31129997968673706,0.6304500102996826
847,GeoVision_Mumbai_tile_74.tif,Mumbai,65536,0,0.0,,,,,,,,,,,,,,,,,,,,,,,,,,,,,,
848,GeoVision_Bengaluru_tile_173.tif,Bengaluru,65536,941,0.0143585205078125,0.13289377093315125,0.0470997616648674,0.04975000023841858,0.12720000743865967,0.37779998779296875,0.18505451083183289,0.050085172057151794,0.06809999793767929,0.181099995970726,0.40880000591278076,0.25321558117866516,0.06000944599509239,0.06400000303983688,0.24864999949932098,0.44839999079704285,0.32046493887901306,0.06285818666219711,0.09264999628067017,0.31665000319480896,0.5242499709129333,0.40659475326538086,0.09126508235931396,0.0786999985575676,0.40424999594688416,0.650600016117096,0.3360995352268219,0.07373027503490448,0.05380000174045563,0.33660000562667847,0.5083000063896179
849,GeoVision_Kolkata_tile_79.tif,Kolkata,65536,184,0.0028076171875,0.06821141391992569,0.028535833582282066,0.03269999846816063,0.050599999725818634,0.15880000591278076,0.08447880297899246,0.038641855120658875,0.04500000178813934,0.060100000351667404,0.1858000010251999,0.09207717329263687,0.052428893744945526,0.03889999911189079,0.0580499991774559,0.22419999539852142,0.11763966828584671,0.07365469634532928,0.039799999445676804,0.08550000190734863,0.32330000400543213,0.1405695676803589,0.07552125304937363,0.03610000014305115,0.12160000205039978,0.32519999146461487,0.12095380574464798,0.07892484962940216,0.025699999183416367,0.09704999625682831,0.3336000144481659
850,GeoVision_Hyderabad_tile_98.tif,Hyderabad,65536,413,0.0063018798828125,0.093776173889637,0.02881142683327198,0.05807499960064888,0.08089999854564667,0.22579999268054962,0.11282745748758316,0.038414936512708664,0.06710000336170197,0.09229999780654907,0.2345000058412552,0.1258101612329483,0.05823277682065964,0.06030000001192093,0.09412000328302383,0.2680000066757202,0.16204896569252014,0.07972829043865204,0.07199999690055847,0.1281999945640564,0.3393999934196472,0.17716430127620697,0.10453078150749207,0.04610000178217888,0.13420000672340393,0.4341999888420105,0.151638001203537,0.09711731225252151,0.032600000500679016,0.11131428182125092,0.39399999380111694
851,GeoVision_Hyderabad_tile_128.tif,Hyderabad,65536,214,0.003265380859375,0.11653453856706619,0.02949804998934269,0.06530000269412994,0.12229999899864197,0.28110000491142273,0.15337589383125305,0.03777487203478813,0.07880000025033951,0.16198286414146423,0.30250000953674316,0.18557175993919373,0.06650223582983017,0.06480000168085098,0.20260000228881836,0.3208000063896179,0.24086891114711761,0.08425160497426987,0.07541999965906143,0.26755833625793457,0.3765000104904175,0.27790361642837524,0.11827275902032852,0.02539999969303608,0.3088499903678894,0.438400000333786,0.2520008385181427,0.11164746433496475,0.018699999898672104,0.2840999960899353,0.4136600196361542
852,GeoVision_Ahmedabad_tile_81.tif,Ahmedabad,65536,956,0.01458740234375,0.125242680311203,0.02559800259768963,0.030400000512599945,0.12430000305175781,0.3034000098705292,0.16177068650722504,0.03078419528901577,0.05195000022649765,0.16279999911785126,0.33438000082969666,0.20162764191627502,0.04264877736568451,0.044975001364946365,0.20535001158714294,0.3598000109195709,0.25630202889442444,0.054277244955301285,0.05550000071525574,0.2619500160217285,0.39195001125335693,0.30909791588783264,0.07044222950935364,0.05139999836683273,0.3152499794960022,0.43650001287460327,0.2902301549911499,0.07014599442481995,0.0385500006377697,0.2932083308696747,0.4239499866962433
853,GeoVision_Kolkata_tile_155.tif,Kolkata,65536,525,0.0080108642578125,0.08220483362674713,0.02613450214266777,0.0353444442152977,0.07952222228050232,0.2409999966621399,0.09460064768791199,0.028361884877085686,0.04593333601951599,0.09080000221729279,0.2619999945163727,0.10545951128005981,0.032762739807367325,0.040800001472234726,0.10115714371204376,0.30160000920295715,0.12569837272167206,0.038145698606967926,0.043049998581409454,0.12285000085830688,0.32383331656455994,0.1494884192943573,0.03700617700815201,0.05244000256061554,0.14554443955421448,0.32877498865127563,0.13449932634830475,0.04195903614163399,0.03637777641415596,0.13083334267139435,0.31235000491142273
854,GeoVision_Jaipur_tile_137.tif,Jaipur,65536,367,0.0055999755859375,0.15619222819805145,0.05432061478495598,0.03929999843239784,0.14499999582767487,0.36500000953674316,0.1956302374601364,0.05445416644215584,0.0551999993622303,0.1898999959230423,0.40630000829696655,0.23654086887836456,0.059715501964092255,0.05184999853372574,0.242249995470047,0.42640000581741333,0.30234357714653015,0.06702199578285217,0.05665000155568123,0.31619998812675476,0.4348500072956085,0.36718297004699707,0.06706084311008453,0.09350000321865082,0.3815999925136566,0.4862000048160553,0.33653324842453003,0.06846430897712708,0.07450000196695328,0.3499999940395355,0.43584999442100525
855,GeoVision_Hyderabad_tile_45.tif,Hyderabad,65536,150,0.002288818359375,0.1229131668806076,0.023303339257836342,0.06620000302791595,0.12489999830722809,0.22519999742507935,0.1601848304271698,0.027558498084545135,0.08803333342075348,0.16260001063346863,0.2643333375453949,0.21578176319599152,0.03557422012090683,0.11050000041723251,0.22049999237060547,0.30059999227523804,0.2860245704650879,0.034514594823122025,0.18386666476726532,0.28949999809265137,0.3513999879360199,0.3573942184448242,0.04559508338570595,0.17163333296775818,0.35577499866485596,0.427700012922287,0.30726656317710876,0.04555613547563553,0.11509999632835388,0.3136500120162964,0.38286668062210083
856,GeoVision_Kolkata_tile_128.tif,Kolkata,65536,673,0.0102691650390625,0.07932031154632568,0.03552389144897461,0.03463749960064888,0.07277777791023254,0.26026666164398193,0.09718509018421173,0.04272333160042763,0.04439999908208847,0.08879999816417694,0.3456000089645386,0.10380472242832184,0.058290671557188034,0.03906666487455368,0.09104999899864197,0.42080000042915344,0.1305285394191742,0.07016732543706894,0.03732000291347504,0.12110000103712082,0.46985000371932983,0.1414012461900711,0.08319446444511414,0.02810000069439411,0.1289999932050705,0.42625001072883606,0.12047476321458817,0.08743790537118912,0.018416667357087135,0.10135713964700699,0.42719998955726624
857,GeoVision_Chennai_tile_72.tif,Chennai,65536,211,0.0032196044921875,0.15321114659309387,0.059664249420166016,0.07145000249147415,0.13459999859333038,0.4052000045776367,0.18263649940490723,0.059958137571811676,0.09809999912977219,0.16459999978542328,0.4259999990463257,0.20499858260154724,0.05823906883597374,0.11860000342130661,0.19660000503063202,0.4715999960899353,0.2620246410369873,0.060857225209474564,0.16779999434947968,0.2460000067949295,0.49639999866485596,0.28700047731399536,0.06364550441503525,0.12290000170469284,0.2870999872684479,0.44920000433921814,0.24549546837806702,0.06427845358848572,0.08699999749660492,0.2386000007390976,0.4341999888420105
858,GeoVision_Jaipur_tile_178.tif,Jaipur,65536,428,0.00653076171875,0.14404824376106262,0.03838369622826576,0.07214999943971634,0.13842499256134033,0.3515999913215637,0.18398259580135345,0.03818446025252342,0.10270000249147415,0.18000000715255737,0.3910999894142151,0.22403818368911743,0.03933480754494667,0.1120000034570694,0.22179999947547913,0.42080000042915344,0.29372966289520264,0.03780921548604965,0.13030000030994415,0.29522499442100525,0.45214998722076416,0.3266506791114807,0.03352856636047363,0.16910000145435333,0.32885000109672546,0.42114999890327454,0.29697978496551514,0.035375818610191345,0.15645000338554382,0.29789999127388,0.39430001378059387
859,GeoVision_Hyderabad_tile_30.tif,Hyderabad,65536,144,0.002197265625,0.10256705433130264,0.04794527217745781,0.052228569984436035,0.09097999334335327,0.2354000061750412,0.1313120722770691,0.054774653166532516,0.07543332874774933,0.10869999974966049,0.27230000495910645,0.14752677083015442,0.08183831721544266,0.055133331567049026,0.13885000348091125,0.3059999942779541,0.18666261434555054,0.11036805063486099,0.05180000141263008,0.20890000462532043,0.3476000130176544,0.22228196263313293,0.14812031388282776,0.03590000048279762,0.28152501583099365,0.39285001158714294,0.18781688809394836,0.13464698195457458,0.02250000089406967,0.22990000247955322,0.3529999852180481
860,GeoVision_Delhi_tile_171.tif,Delhi,65536,2821,0.0430450439453125,0.1708461046218872,0.059804193675518036,0.06084999814629555,0.15929999947547913,0.41190001368522644,0.210367351770401,0.06652732938528061,0.09130000323057175,0.20020000636577606,0.5062666535377502,0.24681971967220306,0.07106692343950272,0.09059999883174896,0.24124999344348907,0.5547000169754028,0.284478098154068,0.06751255691051483,0.11832500249147415,0.28110000491142273,0.5476999878883362,0.31633225083351135,0.06191764399409294,0.1225999966263771,0.3208666741847992,0.5000333786010742,0.2915528118610382,0.0635041743516922,0.10840000212192535,0.295974999666214,0.4799500107765198
861,GeoVision_Chennai_tile_179.tif,Chennai,65536,980,0.01495361328125,0.11839652806520462,0.025896169245243073,0.05290000140666962,0.11389999836683273,0.33000001311302185,0.1492113173007965,0.026899900287389755,0.07249999791383743,0.1467999964952469,0.3792000114917755,0.17994020879268646,0.03369420766830444,0.05649999901652336,0.17960000038146973,0.3763999938964844,0.23521551489830017,0.04490179196000099,0.052299998700618744,0.2386000007390976,0.42480000853538513,0.2825881540775299,0.05336755886673927,0.05559999868273735,0.28110000491142273,0.4077000021934509,0.2588423490524292,0.05374481528997421,0.039500001817941666,0.25519999861717224,0.40799999237060547
862,GeoVision_Hyderabad_tile_139.tif,Hyderabad,65536,1297,0.0197906494140625,0.13825467228889465,0.026859868317842484,0.0746999979019165,0.14149999618530273,0.2712666690349579,0.1702672690153122,0.028848856687545776,0.09369999915361404,0.1736000031232834,0.31520000100135803,0.19794660806655884,0.04743918403983116,0.07360000163316727,0.20659999549388885,0.33649998903274536,0.2492632418870926,0.06211627647280693,0.0711333304643631,0.2632000148296356,0.36480000615119934,0.29811254143714905,0.08737467974424362,0.026288889348506927,0.319225013256073,0.4549500048160553,0.27136972546577454,0.0829215794801712,0.020999999716877937,0.2921000123023987,0.4311999976634979
863,GeoVision_Bengaluru_tile_63.tif,Bengaluru,65536,1560,0.0238037109375,0.1446264386177063,0.04783772677183151,0.03215000033378601,0.14094999432563782,0.2948000133037567,0.19885867834091187,0.05898318439722061,0.04270000010728836,0.1919499933719635,0.3874000012874603,0.25602540373802185,0.08136596530675888,0.04580000042915344,0.2464500069618225,0.4740000069141388,0.31203460693359375,0.08592946082353592,0.03849999979138374,0.3070499897003174,0.5303999781608582,0.39075735211372375,0.11324532330036163,0.07859999686479568,0.3672749996185303,0.6784999966621399,0.3114148676395416,0.07763155549764633,0.053300000727176666,0.30687499046325684,0.5302500128746033
864,GeoVision_Delhi_tile_155.tif,Delhi,65536,215,0.0032806396484375,0.12848837673664093,0.025958212092518806,0.06355000287294388,0.1289999932050705,0.22439999878406525,0.15924929082393646,0.03481251001358032,0.08174999803304672,0.163100004196167,0.2736000120639801,0.18513721227645874,0.04690805822610855,0.08860000222921371,0.18050000071525574,0.2911500036716461,0.22655464708805084,0.05733979493379593,0.11749999970197678,0.23565000295639038,0.3292500078678131,0.2502762973308563,0.061985839158296585,0.13130000233650208,0.24924999475479126,0.34769999980926514,0.2242625504732132,0.06482408195734024,0.11219999939203262,0.22095000743865967,0.3712500035762787
865,GeoVision_Delhi_tile_121.tif,Delhi,65536,631,0.0096282958984375,0.19754596054553986,0.06277363747358322,0.04270000010728836,0.21459999680519104,0.27730000019073486,0.2442481815814972,0.0722685307264328,0.07654999941587448,0.26489999890327454,0.35179999470710754,0.2804397940635681,0.08936799317598343,0.06920000165700912,0.3131999969482422,0.4408000111579895,0.3182944655418396,0.07765904814004898,0.0824500024318695,0.3431999981403351,0.43959999084472656,0.3340598940849304,0.08516811579465866,0.0869000032544136,0.35010001063346863,0.4674000144004822,0.3126397132873535,0.0923905074596405,0.06674999743700027,0.32774999737739563,0.4657000005245209
866,GeoVision_Mumbai_tile_35.tif,Mumbai,65536,34,0.000518798828125,0.11407112330198288,0.03489051014184952,0.0727333277463913,0.10237136483192444,0.22011999785900116,0.13855215907096863,0.035882122814655304,0.09184999763965607,0.12494755536317825,0.24568000435829163,0.16241541504859924,0.033680353313684464,0.10666666179895401,0.15509167313575745,0.2653000056743622,0.2102651596069336,0.037638794630765915,0.1573333442211151,0.1986733376979828,0.3153666853904724,0.2298824042081833,0.023083025589585304,0.18995000422000885,0.2284800112247467,0.29319998621940613,0.20477280020713806,0.029568493366241455,0.1623000055551529,0.20029999315738678,0.2856999933719635
867,GeoVision_Kolkata_tile_158.tif,Kolkata,65536,259,0.0039520263671875,0.07762066274881363,0.04269477352499962,0.0364999994635582,0.06120999902486801,0.3147999942302704,0.09521902352571487,0.04682863876223564,0.04602856934070587,0.08044999837875366,0.36000001430511475,0.09306347370147705,0.0576360709965229,0.037220001220703125,0.07101999968290329,0.4009999930858612,0.1185847818851471,0.07212324440479279,0.04026666656136513,0.09955000132322311,0.4406999945640564,0.12667687237262726,0.07801999896764755,0.033720001578330994,0.10087142884731293,0.35910001397132874,0.10214744508266449,0.0731128677725792,0.02017500065267086,0.0773666650056839,0.2903499901294708
868,GeoVision_Mumbai_tile_156.tif,Mumbai,65536,0,0.0,,,,,,,,,,,,,,,,,,,,,,,,,,,,,,
869,GeoVision_Hyderabad_tile_181.tif,Hyderabad,65536,5762,0.087921142578125,0.11805623769760132,0.05403003841638565,0.034941665828228,0.13220000267028809,0.29179999232292175,0.1474297046661377,0.06097979471087456,0.04610000178217888,0.16660000383853912,0.32199999690055847,0.1611865758895874,0.08888775110244751,0.033399999141693115,0.20080000162124634,0.3580000102519989,0.19848789274692535,0.10665223747491837,0.0347600020468235,0.2515166699886322,0.3752500116825104,0.22416022419929504,0.15038372576236725,0.012900000438094139,0.30079999566078186,0.4661000072956085,0.19810204207897186,0.13511806726455688,0.010900000110268593,0.26965001225471497,0.41260001063346863
870,GeoVision_Ahmedabad_tile_58.tif,Ahmedabad,65536,437,0.0066680908203125,0.13325649499893188,0.038104068487882614,0.0404166653752327,0.12150000035762787,0.2933200001716614,0.17158588767051697,0.038147103041410446,0.05612500011920929,0.16179999709129333,0.34549999237060547,0.21451151371002197,0.0400678925216198,0.04960000142455101,0.2110999971628189,0.3862333297729492,0.2819978892803192,0.03553644195199013,0.09188000112771988,0.2814500033855438,0.4187749922275543,0.32185912132263184,0.041706494987010956,0.11316666007041931,0.319350004196167,0.4314799904823303,0.2872247099876404,0.04523979127407074,0.07136666774749756,0.28575000166893005,0.39605000615119934
871,GeoVision_Chennai_tile_28.tif,Chennai,65536,0,0.0,,,,,,,,,,,,,,,,,,,,,,,,,,,,,,
872,GeoVision_Kolkata_tile_163.tif,Kolkata,65536,157,0.0023956298828125,0.10870912671089172,0.022946424782276154,0.053199999034404755,0.11005713790655136,0.21236000955104828,0.12956534326076508,0.026023350656032562,0.06700000166893005,0.12960000336170197,0.2553333342075348,0.14702147245407104,0.03420654684305191,0.06210000067949295,0.1523333340883255,0.2973000109195709,0.18617591261863708,0.04234873875975609,0.06849999725818634,0.19300000369548798,0.3761500120162964,0.20260407030582428,0.05497703701257706,0.05054999887943268,0.21950000524520874,0.33687499165534973,0.17519274353981018,0.052808985114097595,0.03240000084042549,0.188400000333786,0.296833336353302
873,GeoVision_Jaipur_tile_163.tif,Jaipur,65536,325,0.0049591064453125,0.13754770159721375,0.028035666793584824,0.04114999994635582,0.13840000331401825,0.24789999425411224,0.18278798460960388,0.03670760616660118,0.06965000182390213,0.18729999661445618,0.30230000615119934,0.22827278077602386,0.047876812517642975,0.06379999965429306,0.23579999804496765,0.33559998869895935,0.29285016655921936,0.055057354271411896,0.10419999808073044,0.3102000057697296,0.3903999924659729,0.35405829548835754,0.07031521946191788,0.11829999834299088,0.3610000014305115,0.48544999957084656,0.32536786794662476,0.07449781894683838,0.10270000249147415,0.3387500047683716,0.4650000035762787
874,GeoVision_Mumbai_tile_54.tif,Mumbai,65536,0,0.0,,,,,,,,,,,,,,,,,,,,,,,,,,,,,,
875,GeoVision_Kolkata_tile_102.tif,Kolkata,65536,188,0.00286865234375,0.08236436545848846,0.036638107150793076,0.039799999445676804,0.06769999861717224,0.22339999675750732,0.10485904663801193,0.035554543137550354,0.05040000006556511,0.0925000011920929,0.21719999611377716,0.10393616557121277,0.049348510801792145,0.04149999842047691,0.08415000140666962,0.26579999923706055,0.13304787874221802,0.06590603291988373,0.05559999868273735,0.11044999957084656,0.38040000200271606,0.1392281949520111,0.07509222626686096,0.030400000512599945,0.10639999806880951,0.2904999852180481,0.11054308712482452,0.07283195108175278,0.019899999722838402,0.07419999688863754,0.2784999907016754
876,GeoVision_Mumbai_tile_97.tif,Mumbai,65536,29,0.0004425048828125,0.08375397324562073,0.0058686803095042706,0.07190000265836716,0.08487500250339508,0.09453333169221878,0.10098695755004883,0.007530669216066599,0.08731111139059067,0.10357142239809036,0.11331111192703247,0.1189868301153183,0.010104704648256302,0.10056667029857635,0.11951999366283417,0.13598333299160004,0.13323917984962463,0.014462669380009174,0.11352500319480896,0.12946666777133942,0.16774286329746246,0.13314467668533325,0.016034148633480072,0.10779999941587448,0.1296200007200241,0.1673833429813385,0.11888667941093445,0.013496046885848045,0.09104286134243011,0.11972726881504059,0.14487500488758087
877,GeoVision_Chennai_tile_35.tif,Chennai,65536,186,0.002838134765625,0.10423549264669418,0.04956645891070366,0.025599999353289604,0.10254999995231628,0.33640000224113464,0.1373935341835022,0.05632772296667099,0.029200000688433647,0.13539999723434448,0.40799999237060547,0.16325537860393524,0.06643602252006531,0.026799999177455902,0.16750000417232513,0.44600000977516174,0.21287526190280914,0.0823836624622345,0.029500000178813934,0.22429999709129333,0.5004000067710876,0.24976664781570435,0.09777109324932098,0.029200000688433647,0.2754000127315521,0.4948999881744385,0.21236290037631989,0.08791546523571014,0.021700000390410423,0.2303999960422516,0.4207000136375427
878,GeoVision_Chennai_tile_85.tif,Chennai,65536,1363,0.0207977294921875,0.13096413016319275,0.032982103526592255,0.0575999990105629,0.13220000267028809,0.29420000314712524,0.15018533170223236,0.03617844358086586,0.06710000336170197,0.15240000188350677,0.3140000104904175,0.15741375088691711,0.04279401898384094,0.05649999901652336,0.16220000386238098,0.3231000006198883,0.19605030119419098,0.052863188087940216,0.052650000900030136,0.20479999482631683,0.35109999775886536,0.2302582859992981,0.06115066632628441,0.047850001603364944,0.2397499978542328,0.5390499830245972,0.20959503948688507,0.06499509513378143,0.03655000030994415,0.21975000202655792,0.5535500049591064
879,GeoVision_Delhi_tile_85.tif,Delhi,65536,1019,0.0155487060546875,0.1291418969631195,0.02075687050819397,0.04960000142455101,0.12960000336170197,0.24300000071525574,0.16790726780891418,0.023241277784109116,0.06499999761581421,0.16979999840259552,0.23899999260902405,0.20217613875865936,0.03257424756884575,0.07890000194311142,0.20260000228881836,0.2784000039100647,0.26000797748565674,0.0383777879178524,0.12479999661445618,0.2644999921321869,0.33719998598098755,0.302603542804718,0.04980921372771263,0.12460000067949295,0.2992999851703644,0.40939998626708984,0.27749234437942505,0.051587898284196854,0.09759999811649323,0.2750999927520752,0.40310001373291016
880,GeoVision_Hyderabad_tile_20.tif,Hyderabad,65536,1585,0.0241851806640625,0.1438809335231781,0.02966446429491043,0.05784999951720238,0.13899999856948853,0.2513999938964844,0.19648750126361847,0.03732696548104286,0.09700000286102295,0.19539999961853027,0.30113333463668823,0.26819825172424316,0.048349350690841675,0.10109999775886536,0.27559998631477356,0.3614000082015991,0.3313673734664917,0.05020643398165703,0.18070000410079956,0.3452000021934509,0.4196000099182129,0.4291592538356781,0.056131914258003235,0.195700004696846,0.4435499906539917,0.5178999900817871,0.3723422586917877,0.04875816032290459,0.13660000264644623,0.3834333121776581,0.47156664729118347
881,GeoVision_Ahmedabad_tile_98.tif,Ahmedabad,65536,548,0.00836181640625,0.13653026521205902,0.034037038683891296,0.040300000458955765,0.14047500491142273,0.3375999927520752,0.17880001664161682,0.04369787871837616,0.04749999940395355,0.18812499940395355,0.38019999861717224,0.22951798141002655,0.06194751709699631,0.04854999855160713,0.24064166843891144,0.42320001125335693,0.28927525877952576,0.07685922831296921,0.061149999499320984,0.3088749945163727,0.4480000138282776,0.32651838660240173,0.08595887571573257,0.08582500368356705,0.34619998931884766,0.4618000090122223,0.3064224123954773,0.09002797305583954,0.06952500343322754,0.32038748264312744,0.45350000262260437
882,GeoVision_Mumbai_tile_28.tif,Mumbai,65536,919,0.0140228271484375,0.09873998910188675,0.01955202780663967,0.05764999985694885,0.09539999812841415,0.21570000052452087,0.12317045778036118,0.023952199146151543,0.06780000030994415,0.12210000306367874,0.2597000002861023,0.14307177066802979,0.02858794666826725,0.06584999710321426,0.14720000326633453,0.29580000042915344,0.18092769384384155,0.035319551825523376,0.07419999688863754,0.18930000066757202,0.34360000491142273,0.20538508892059326,0.03877108171582222,0.08865000307559967,0.2076999992132187,0.28894999623298645,0.170243039727211,0.0355193093419075,0.07000000029802322,0.17350000143051147,0.2612999975681305
883,GeoVision_Mumbai_tile_169.tif,Mumbai,65536,2525,0.0385284423828125,0.09649032354354858,0.02464498206973076,0.04114999994635582,0.09354999661445618,0.2630000114440918,0.11631974577903748,0.02868141420185566,0.045499999076128006,0.11240000277757645,0.3077999949455261,0.13256427645683289,0.03617279231548309,0.04430000111460686,0.1298000067472458,0.3483999967575073,0.16872689127922058,0.042971011251211166,0.050119999796152115,0.16599999368190765,0.38179999589920044,0.190885990858078,0.05169321224093437,0.052000001072883606,0.1843000054359436,0.3614000082015991,0.1667822152376175,0.04441014677286148,0.03698571398854256,0.1636500060558319,0.3343000113964081
884,GeoVision_Hyderabad_tile_160.tif,Hyderabad,65536,684,0.01043701171875,0.11909729242324829,0.015308980830013752,0.07135000079870224,0.11720000207424164,0.2168000042438507,0.1468680053949356,0.017652923241257668,0.09430000185966492,0.1444000005722046,0.24899999797344208,0.17821943759918213,0.02140986919403076,0.10639999806880951,0.17599999904632568,0.27399998903274536,0.22719918191432953,0.023416832089424133,0.17686666548252106,0.22139999270439148,0.33453333377838135,0.2909674048423767,0.023703662678599358,0.2290666699409485,0.28804999589920044,0.3785249888896942,0.26295334100723267,0.023180566728115082,0.1940000057220459,0.26104167103767395,0.36515000462532043
885,GeoVision_Ahmedabad_tile_33.tif,Ahmedabad,65536,1734,0.026458740234375,0.12811173498630524,0.026505669578909874,0.04463750123977661,0.12784166634082794,0.26460000872612,0.1651850789785385,0.030919210985302925,0.07514999806880951,0.1659916639328003,0.30630001425743103,0.2026934176683426,0.040396980941295624,0.057750001549720764,0.2054833471775055,0.34619998931884766,0.2590949833393097,0.049885209649801254,0.0746999979019165,0.26235002279281616,0.37693333625793457,0.2969977855682373,0.05255361273884773,0.05144999921321869,0.299699991941452,0.4252333641052246,0.2745310068130493,0.052409786731004715,0.041749998927116394,0.27720001339912415,0.41234999895095825
886,GeoVision_Mumbai_tile_140.tif,Mumbai,65536,3742,0.057098388671875,0.0888381376862526,0.018366407603025436,0.052299998700618744,0.08609999716281891,0.27959999442100525,0.10749524086713791,0.022342918440699577,0.0640999972820282,0.10320000350475311,0.3352000117301941,0.12369944155216217,0.02869538776576519,0.056699998676776886,0.11879999935626984,0.4036000072956085,0.14545361697673798,0.035913389176130295,0.0658000037074089,0.13619999587535858,0.4691999852657318,0.1535620540380478,0.04254459589719772,0.060499999672174454,0.14180000126361847,0.5367000102996826,0.13532108068466187,0.043111495673656464,0.04699999839067459,0.1242000013589859,0.5437999963760376
887,GeoVision_Hyderabad_tile_73.tif,Hyderabad,65536,585,0.0089263916015625,0.13715343177318573,0.03172912076115608,0.07856667041778564,0.1316000074148178,0.32280001044273376,0.16817300021648407,0.03304491192102432,0.10440000146627426,0.16259999573230743,0.35573333501815796,0.20381280779838562,0.032760608941316605,0.1141333356499672,0.20073333382606506,0.37636667490005493,0.26287564635276794,0.03650683909654617,0.13885000348091125,0.25999999046325684,0.3939499855041504,0.32410216331481934,0.033551596105098724,0.21562500298023224,0.3285999894142151,0.42152002453804016,0.2864513397216797,0.03063456155359745,0.1891999989748001,0.2890999913215637,0.38795000314712524
888,GeoVision_Hyderabad_tile_134.tif,Hyderabad,65536,2034,0.031036376953125,0.14558109641075134,0.04873822256922722,0.028190908953547478,0.14059999585151672,0.4390000104904175,0.18529930710792542,0.048945605754852295,0.036720000207424164,0.18299999833106995,0.45320001244544983,0.2284151315689087,0.05930105596780777,0.036400001496076584,0.2303999960422516,0.4657999873161316,0.2851259410381317,0.06646280735731125,0.04019999876618385,0.2894250154495239,0.4562999904155731,0.3703981637954712,0.08771999180316925,0.03700000047683716,0.3753499984741211,0.6157500147819519,0.3234041631221771,0.08092907816171646,0.027000000700354576,0.3273000121116638,0.6321499943733215
889,GeoVision_Ahmedabad_tile_102.tif,Ahmedabad,65536,544,0.00830078125,0.10337114334106445,0.029057219624519348,0.03150000050663948,0.1044333279132843,0.2596000134944916,0.13322804868221283,0.03789835423231125,0.041450001299381256,0.13495001196861267,0.30845001339912415,0.16651257872581482,0.054512523114681244,0.04076666384935379,0.1692499965429306,0.3596000075340271,0.21844039857387543,0.07201571017503738,0.05687500163912773,0.22750000655651093,0.4124999940395355,0.2581063210964203,0.0828932523727417,0.0385500006377697,0.2785666584968567,0.42028748989105225,0.24060560762882233,0.08165518194437027,0.029999999329447746,0.25446251034736633,0.4059000015258789
890,GeoVision_Mumbai_tile_6.tif,Mumbai,65536,0,0.0,,,,,,,,,,,,,,,,,,,,,,,,,,,,,,
891,GeoVision_Delhi_tile_48.tif,Delhi,65536,1574,0.024017333984375,0.1316758692264557,0.022987699136137962,0.04712500050663948,0.13182500004768372,0.2373500019311905,0.17098921537399292,0.027141770347952843,0.06047333404421806,0.17114999890327454,0.29190000891685486,0.2072112113237381,0.03605033829808235,0.06265000253915787,0.20785000920295715,0.33186668157577515,0.2650725543498993,0.04328129068017006,0.1076199933886528,0.2723333239555359,0.37906667590141296,0.2955043613910675,0.04801226034760475,0.08214999735355377,0.29842501878738403,0.4117000102996826,0.2672802209854126,0.04739433154463768,0.059050001204013824,0.2689000070095062,0.40552499890327454
892,GeoVision_Ahmedabad_tile_71.tif,Ahmedabad,65536,86,0.001312255859375,0.13879051804542542,0.028523510321974754,0.07500000298023224,0.13805833458900452,0.24719999730587006,0.17563402652740479,0.030792968347668648,0.10384999960660934,0.18031999468803406,0.2524000108242035,0.21806563436985016,0.03955757990479469,0.11580000072717667,0.22706249356269836,0.2933500111103058,0.2866348326206207,0.04511108621954918,0.1197500005364418,0.2964458465576172,0.3508000075817108,0.31986257433891296,0.05419118329882622,0.1527000069618225,0.3281000256538391,0.40744999051094055,0.2880387306213379,0.05971670523285866,0.10872499644756317,0.296750009059906,0.38429999351501465
893,GeoVision_Bengaluru_tile_159.tif,Bengaluru,65536,268,0.00408935546875,0.12012817710638046,0.041570764034986496,0.05204999819397926,0.12654998898506165,0.22139999270439148,0.1724597066640854,0.05166199430823326,0.07819999754428864,0.17989999055862427,0.29820001125335693,0.24304327368736267,0.05422625318169594,0.12790000438690186,0.24809999763965607,0.38135001063346863,0.31159740686416626,0.05804092437028885,0.1850000023841858,0.317425012588501,0.4846000075340271,0.40949252247810364,0.06786855310201645,0.18494999408721924,0.41312500834465027,0.5273500084877014,0.330476850271225,0.0593886598944664,0.12524999678134918,0.33274999260902405,0.44005000591278076
894,GeoVision_Chennai_tile_139.tif,Chennai,65536,351,0.0053558349609375,0.11625013500452042,0.03667563199996948,0.05609999969601631,0.1143999993801117,0.3278000056743622,0.14403077960014343,0.04387350380420685,0.06069999933242798,0.14419999718666077,0.37880000472068787,0.16824699938297272,0.05726820230484009,0.04830000177025795,0.1656000018119812,0.3763999938964844,0.21719856560230255,0.07466983795166016,0.05649999901652336,0.21660000085830688,0.43560001254081726,0.2550988793373108,0.09479046612977982,0.06750000268220901,0.25920000672340393,0.43709999322891235,0.224297434091568,0.08545097708702087,0.05559999868273735,0.2249000072479248,0.40869998931884766
895,GeoVision_Chennai_tile_63.tif,Chennai,65536,0,0.0,,,,,,,,,,,,,,,,,,,,,,,,,,,,,,
896,GeoVision_Mumbai_tile_46.tif,Mumbai,65536,203,0.0030975341796875,0.0922577753663063,0.01678483933210373,0.060350000858306885,0.08839999884366989,0.1793999969959259,0.11436618119478226,0.018796078860759735,0.07803332805633545,0.10920000076293945,0.2054000049829483,0.13175877928733826,0.020378392189741135,0.08619999885559082,0.1251000016927719,0.22439999878406525,0.15936128795146942,0.02389228157699108,0.13279999792575836,0.15056666731834412,0.2799000144004822,0.2135307490825653,0.02380327880382538,0.17239999771118164,0.20225000381469727,0.2619999945163727,0.195663183927536,0.023491986095905304,0.13689999282360077,0.18490000069141388,0.24580000340938568
897,GeoVision_Jaipur_tile_153.tif,Jaipur,65536,53,0.0008087158203125,0.19898302853107452,0.08773378282785416,0.0812000036239624,0.17229999601840973,0.41499999165534973,0.23948393762111664,0.0865250900387764,0.1274999976158142,0.21709999442100525,0.4490000009536743,0.27437829971313477,0.08175407350063324,0.13379999995231628,0.27015000581741333,0.4648500084877014,0.3442792594432831,0.06325261294841766,0.17000000178813934,0.3434000015258789,0.46239998936653137,0.3781651258468628,0.03535386547446251,0.29600000381469727,0.3797999918460846,0.4507000148296356,0.33868303894996643,0.03223035857081413,0.26635000109672546,0.33820000290870667,0.4032999873161316
898,GeoVision_Mumbai_tile_60.tif,Mumbai,65536,384,0.005859375,0.1069655492901802,0.022930476814508438,0.05433333292603493,0.10506003350019455,0.20190000534057617,0.12607631087303162,0.027451200410723686,0.06658889353275299,0.12387999892234802,0.23479999601840973,0.13868366181850433,0.03274978697299957,0.06683000177145004,0.13599231839179993,0.2556000053882599,0.15051616728305817,0.03667936474084854,0.06546667218208313,0.14551867544651031,0.2680000066757202,0.15463358163833618,0.043190453201532364,0.06282500177621841,0.14216648042201996,0.2999333143234253,0.13925445079803467,0.042807966470718384,0.050457146018743515,0.12645858526229858,0.2840000092983246
899,GeoVision_Bengaluru_tile_113.tif,Bengaluru,65536,1119,0.0170745849609375,0.15154697000980377,0.05132463201880455,0.041200000792741776,0.14169999957084656,0.4339999854564667,0.19360893964767456,0.052622273564338684,0.05144999921321869,0.18549999594688416,0.4830000102519989,0.23335382342338562,0.058780450373888016,0.05180000141263008,0.22754999995231628,0.4740000069141388,0.2809884548187256,0.06285230070352554,0.07005000114440918,0.2755500078201294,0.4690000116825104,0.3410480320453644,0.07362096756696701,0.1145000010728836,0.3262999951839447,0.5393000245094299,0.3020004630088806,0.06165926903486252,0.09380000084638596,0.29440000653266907,0.49505001306533813
900,GeoVision_Delhi_tile_137.tif,Delhi,65536,1929,0.0294342041015625,0.13940005004405975,0.021711157634854317,0.07580000162124634,0.13830000162124634,0.24269999563694,0.1683640033006668,0.025212211534380913,0.09624999761581421,0.1670999974012375,0.28349998593330383,0.19240179657936096,0.032665349543094635,0.09730000048875809,0.18995000422000885,0.2973000109195709,0.24023327231407166,0.03881600871682167,0.09404999762773514,0.23755000531673431,0.4059999883174896,0.26754552125930786,0.04837817698717117,0.12839999794960022,0.26365000009536743,0.38655000925064087,0.2409578114748001,0.048700351268053055,0.08974999934434891,0.23489999771118164,0.35690000653266907
901,GeoVision_Mumbai_tile_17.tif,Mumbai,65536,60,0.00091552734375,0.10802603513002396,0.03882252797484398,0.06466666609048843,0.09959166496992111,0.2540000081062317,0.13572923839092255,0.039454858750104904,0.09002500027418137,0.12839999794960022,0.29499998688697815,0.16857294738292694,0.038623590022325516,0.12219999730587006,0.16068333387374878,0.3046000003814697,0.20628923177719116,0.039759181439876556,0.15934999287128448,0.19385001063346863,0.33059999346733093,0.2603279948234558,0.04068439453840256,0.1609800010919571,0.25714999437332153,0.4493750035762787,0.24335360527038574,0.05242696404457092,0.1365666687488556,0.23421666026115417,0.44323334097862244
902,GeoVision_Chennai_tile_152.tif,Chennai,65536,688,0.010498046875,0.13067522644996643,0.02563687413930893,0.08820000290870667,0.12520000338554382,0.40560001134872437,0.15151597559452057,0.027384888380765915,0.10360000282526016,0.14720000326633453,0.45719999074935913,0.1707042157649994,0.031480371952056885,0.10360000282526016,0.16609999537467957,0.48840001225471497,0.21257586777210236,0.035704564303159714,0.12160000205039978,0.20759999752044678,0.5192000269889832,0.26850733160972595,0.03684297949075699,0.1525000035762787,0.26464998722076416,0.4544999897480011,0.2421206384897232,0.034776702523231506,0.12540000677108765,0.24169999361038208,0.3919999897480011
903,GeoVision_Jaipur_tile_54.tif,Jaipur,65536,84,0.00128173828125,0.12666724622249603,0.019457656890153885,0.08384999632835388,0.1265999972820282,0.17509999871253967,0.1849023699760437,0.02364766038954258,0.13015000522136688,0.18415001034736633,0.24809999763965607,0.25099462270736694,0.041793253272771835,0.15150000154972076,0.23890000581741333,0.3476000130176544,0.32695654034614563,0.049064040184020996,0.19939999282360077,0.3255249857902527,0.42980000376701355,0.37576785683631897,0.06184202432632446,0.27149999141693115,0.3788999915122986,0.4875499904155731,0.3250606954097748,0.054711632430553436,0.2236499935388565,0.3332499861717224,0.4168500006198883
904,GeoVision_Ahmedabad_tile_165.tif,Ahmedabad,65536,775,0.0118255615234375,0.1556573063135147,0.05094573274254799,0.07074999809265137,0.13757500052452087,0.375,0.19203419983386993,0.05407654866576195,0.09531667083501816,0.17605000734329224,0.4235999882221222,0.22578386962413788,0.05413726344704628,0.09894999861717224,0.21480000019073486,0.4530666470527649,0.27989423274993896,0.049222446978092194,0.1757500022649765,0.26855000853538513,0.44699999690055847,0.31897851824760437,0.04926474764943123,0.21504999697208405,0.3091999888420105,0.5162333250045776,0.29339495301246643,0.05073818936944008,0.16899999976158142,0.28369998931884766,0.4975999891757965
905,GeoVision_Hyderabad_tile_150.tif,Hyderabad,65536,2832,0.043212890625,0.140098437666893,0.027171248570084572,0.04839999973773956,0.13619999587535858,0.3075000047683716,0.17569024860858917,0.03167944774031639,0.05920000001788139,0.1753000020980835,0.3617999851703644,0.211943119764328,0.04098808020353317,0.04439999908208847,0.21639999747276306,0.3736000061035156,0.2610618770122528,0.049406737089157104,0.045499999076128006,0.2685750126838684,0.38920000195503235,0.33601585030555725,0.06499626487493515,0.03550000116229057,0.3553500175476074,0.43160000443458557,0.29968222975730896,0.06181180104613304,0.02810000069439411,0.3189625144004822,0.4246000051498413
906,GeoVision_Hyderabad_tile_63.tif,Hyderabad,65536,1903,0.0290374755859375,0.13998784124851227,0.04098315164446831,0.0430000014603138,0.14265714585781097,0.36660000681877136,0.17046025395393372,0.04595666378736496,0.048500001430511475,0.17706666886806488,0.4147999882698059,0.20218728482723236,0.05623478442430496,0.036400001496076584,0.2134000062942505,0.4415999948978424,0.2452465444803238,0.06486057490110397,0.03784999996423721,0.2574000060558319,0.43320000171661377,0.30342501401901245,0.07984618097543716,0.025800000876188278,0.32089999318122864,0.44589999318122864,0.2767792046070099,0.0768449530005455,0.020500000566244125,0.2933500111103058,0.40450000762939453
907,GeoVision_Jaipur_tile_55.tif,Jaipur,65536,1,1.52587890625e-05,0.12210000306367874,0.0,0.12210000306367874,0.12210000306367874,0.12210000306367874,0.17900000512599945,0.0,0.17900000512599945,0.17900000512599945,0.17900000512599945,0.23510000109672546,0.0,0.23510000109672546,0.23510000109672546,0.23510000109672546,0.3240000009536743,0.0,0.3240000009536743,0.3240000009536743,0.3240000009536743,0.3769499957561493,0.0,0.3769499957561493,0.3769499957561493,0.3769499957561493,0.33215001225471497,0.0,0.33215001225471497,0.33215001225471497,0.33215001225471497
908,GeoVision_Chennai_tile_45.tif,Chennai,65536,0,0.0,,,,,,,,,,,,,,,,,,,,,,,,,,,,,,
909,GeoVision_Bengaluru_tile_16.tif,Bengaluru,65536,448,0.0068359375,0.12254922837018967,0.049194928258657455,0.04125000163912773,0.10954999923706055,0.506600022315979,0.16326238214969635,0.05261918529868126,0.05090000107884407,0.15344999730587006,0.5206000208854675,0.21012333035469055,0.05698195472359657,0.06469999998807907,0.20012499392032623,0.510200023651123,0.25973325967788696,0.06613615155220032,0.08694999665021896,0.24285000562667847,0.5105500221252441,0.34640052914619446,0.07825500518083572,0.1181500032544136,0.3260999917984009,0.5435500144958496,0.29476985335350037,0.0689673200249672,0.10140000283718109,0.28760001063346863,0.49004998803138733
910,GeoVision_Ahmedabad_tile_140.tif,Ahmedabad,65536,13,0.0001983642578125,0.1277310848236084,0.03341895341873169,0.09449999779462814,0.10980000346899033,0.20008333027362823,0.17439517378807068,0.029412653297185898,0.14605000615119934,0.16529999673366547,0.2407499998807907,0.20263339579105377,0.037380799651145935,0.14911998808383942,0.19290000200271606,0.26570001244544983,0.2613687217235565,0.06390254199504852,0.16954000294208527,0.27129998803138733,0.34762856364250183,0.25105321407318115,0.08529149740934372,0.1387999951839447,0.23469999432563782,0.3914499878883362,0.20674680173397064,0.08444071561098099,0.10508333891630173,0.19705000519752502,0.3510666787624359
911,GeoVision_Ahmedabad_tile_120.tif,Ahmedabad,65536,1916,0.02923583984375,0.12176962941884995,0.0363442599773407,0.050566665828228,0.11836667358875275,0.3388333320617676,0.1584329456090927,0.040860556066036224,0.07142499834299088,0.15693333745002747,0.3718000054359436,0.1965382993221283,0.051138944923877716,0.08892499655485153,0.19810833036899567,0.4047999978065491,0.255279004573822,0.0601058229804039,0.10312499850988388,0.26180416345596313,0.43845000863075256,0.2956264615058899,0.0613672249019146,0.14055000245571136,0.2986000180244446,0.4458500146865845,0.27229025959968567,0.06168011575937271,0.12627500295639038,0.2747249901294708,0.4375999867916107
912,GeoVision_Kolkata_tile_13.tif,Kolkata,65536,265,0.0040435791015625,0.06377170234918594,0.02318315953016281,0.032499998807907104,0.05920000001788139,0.11680000275373459,0.08996641635894775,0.02704121358692646,0.04520000144839287,0.08420000225305557,0.16439999639987946,0.09047320485115051,0.03992883488535881,0.04490000009536743,0.08179999887943268,0.2370000034570694,0.11561735719442368,0.05666526034474373,0.04800000041723251,0.09220000356435776,0.31470000743865967,0.1437075436115265,0.0825524777173996,0.03150000050663948,0.12120000272989273,0.3971000015735626,0.1192316934466362,0.0878397524356842,0.019600000232458115,0.08879999816417694,0.39169999957084656
913,GeoVision_Bengaluru_tile_117.tif,Bengaluru,65536,856,0.0130615234375,0.17908848822116852,0.0973007008433342,0.05404999852180481,0.14309999346733093,0.506600022315979,0.21552728116512299,0.09570467472076416,0.06984999775886536,0.18150000274181366,0.5562000274658203,0.2507086992263794,0.08965146541595459,0.08330000191926956,0.2282249927520752,0.5819500088691711,0.2888976037502289,0.0729612335562706,0.11945000290870667,0.2776249945163727,0.5769500136375427,0.3734346926212311,0.10360223054885864,0.18050000071525574,0.3459250032901764,0.6965000033378601,0.35654503107070923,0.12478694319725037,0.1561499983072281,0.3176249861717224,0.737500011920929
914,GeoVision_Kolkata_tile_101.tif,Kolkata,65536,236,0.00360107421875,0.06743600964546204,0.012790601700544357,0.039400000125169754,0.06560000032186508,0.14239999651908875,0.09095381200313568,0.013665828853845596,0.062199998646974564,0.08875000476837158,0.17880000174045563,0.08088389784097672,0.01890517771244049,0.05220000073313713,0.07744999974966049,0.20819999277591705,0.09741737693548203,0.032493241131305695,0.058800000697374344,0.08789999783039093,0.28209999203681946,0.08419491350650787,0.05021904781460762,0.024700000882148743,0.07099999487400055,0.36730000376701355,0.06367923319339752,0.04764409363269806,0.016599999740719795,0.048700001090765,0.34769999980926514
915,GeoVision_Bengaluru_tile_141.tif,Bengaluru,65536,1255,0.0191497802734375,0.12890593707561493,0.03838649392127991,0.053199999034404755,0.12620000541210175,0.3124000132083893,0.17996066808700562,0.038197994232177734,0.07975000143051147,0.1784999966621399,0.31839999556541443,0.24252423644065857,0.05618131905794144,0.07814999669790268,0.2433999925851822,0.39980000257492065,0.30121469497680664,0.06652374565601349,0.04084999859333038,0.3084999918937683,0.46639999747276306,0.38520705699920654,0.093910351395607,0.05705000087618828,0.39800000190734863,0.5590000152587891,0.30242887139320374,0.0873885452747345,0.04125000163912773,0.30695000290870667,0.517300009727478
916,GeoVision_Mumbai_tile_11.tif,Mumbai,65536,1441,0.0219879150390625,0.10653722286224365,0.019414303824305534,0.07670000195503235,0.10074999928474426,0.18060000240802765,0.1272384077310562,0.021369600668549538,0.08889999985694885,0.12240000069141388,0.20829999446868896,0.14668598771095276,0.02402541972696781,0.09570000320672989,0.14390000700950623,0.23810000717639923,0.168736532330513,0.02884034439921379,0.07649999856948853,0.16910000145435333,0.26840001344680786,0.1907142847776413,0.030766617506742477,0.08869999647140503,0.19165000319480896,0.2656500041484833,0.17279011011123657,0.026275305077433586,0.0742499977350235,0.1745000034570694,0.2593500018119812
917,GeoVision_Delhi_tile_63.tif,Delhi,65536,3819,0.0582733154296875,0.12746965885162354,0.03100650943815708,0.04399999976158142,0.12559999525547028,0.44679999351501465,0.16961492598056793,0.03476252034306526,0.05999999865889549,0.1687999963760376,0.48919999599456787,0.20629256963729858,0.042473822832107544,0.06599999964237213,0.2093999981880188,0.5063999891281128,0.2572503387928009,0.04739706963300705,0.06310000270605087,0.2635999917984009,0.4903999865055084,0.29337725043296814,0.0550440177321434,0.08860000222921371,0.2980000078678131,0.558899998664856,0.2704368531703949,0.056521978229284286,0.06120000034570694,0.27549999952316284,0.5867999792098999
918,GeoVision_Bengaluru_tile_150.tif,Bengaluru,65536,2261,0.0345001220703125,0.15410977602005005,0.05263621732592583,0.01759999990463257,0.1501999944448471,0.49059998989105225,0.2210385948419571,0.07260684669017792,0.025599999353289604,0.20749999582767487,0.5023999810218811,0.289879709482193,0.09496510028839111,0.017650000751018524,0.2775000035762787,0.5295000076293945,0.35308775305747986,0.105137400329113,0.02005000039935112,0.3413499891757965,0.5871999859809875,0.4499650299549103,0.14435897767543793,0.023900000378489494,0.4325000047683716,0.7152500152587891,0.3721180558204651,0.10946983098983765,0.018300000578165054,0.359250009059906,0.6686999797821045
919,GeoVision_Hyderabad_tile_135.tif,Hyderabad,65536,3676,0.05609130859375,0.13492843508720398,0.03551164269447327,0.037833333015441895,0.13840000331401825,0.27399998903274536,0.17133155465126038,0.042878661304712296,0.05216667056083679,0.17759999632835388,0.3264000117778778,0.20760726928710938,0.06122603639960289,0.03739999979734421,0.21885833144187927,0.35600000619888306,0.2570752799510956,0.07604175806045532,0.033799998462200165,0.2757999897003174,0.3882000148296356,0.32440322637557983,0.10373347997665405,0.024660000577569008,0.34915000200271606,0.49473336338996887,0.28789088129997253,0.09269843995571136,0.02142000012099743,0.3116999864578247,0.4772999882698059
920,GeoVision_Hyderabad_tile_34.tif,Hyderabad,65536,1725,0.0263214111328125,0.1265512853860855,0.052798349410295486,0.043949998915195465,0.11980000138282776,0.39640000462532043,0.15265865623950958,0.05890444666147232,0.05014999955892563,0.14935000240802765,0.42340001463890076,0.17530924081802368,0.07297652214765549,0.03869999945163727,0.1793999969959259,0.4487999975681305,0.21178361773490906,0.0880642905831337,0.03905000165104866,0.22040000557899475,0.45080000162124634,0.2645973265171051,0.10417553782463074,0.03590000048279762,0.2824999988079071,0.5521249771118164,0.23614278435707092,0.10109280794858932,0.026981817558407784,0.24390000104904175,0.5798375010490417
921,GeoVision_Ahmedabad_tile_20.tif,Ahmedabad,65536,146,0.002227783203125,0.1080901250243187,0.04232491925358772,0.04399999976158142,0.11492082476615906,0.24743331968784332,0.14343313872814178,0.04222883656620979,0.08240000158548355,0.14918333292007446,0.28139999508857727,0.16521605849266052,0.06636332720518112,0.06350000202655792,0.18156249821186066,0.3361999988555908,0.22189293801784515,0.09277495741844177,0.06632000207901001,0.24847500026226044,0.38374999165534973,0.2382456660270691,0.10783328115940094,0.04313333332538605,0.2690333127975464,0.41618335247039795,0.21079504489898682,0.10394036024808884,0.03256666660308838,0.23980000615119934,0.3968999981880188
922,GeoVision_Bengaluru_tile_80.tif,Bengaluru,65536,266,0.004058837890625,0.13471879065036774,0.05417884886264801,0.043949998915195465,0.11939999461174011,0.30799999833106995,0.16616015136241913,0.05471568554639816,0.06129999831318855,0.15884999930858612,0.3384999930858612,0.19855545461177826,0.06082478538155556,0.06949999928474426,0.19142499566078186,0.359499990940094,0.25136899948120117,0.06328598409891129,0.12280000001192093,0.25174999237060547,0.40435001254081726,0.2997073531150818,0.07402395457029343,0.1501999944448471,0.30767500400543213,0.48315000534057617,0.2666708528995514,0.06990248709917068,0.14059999585151672,0.26190000772476196,0.45605000853538513
923,GeoVision_Delhi_tile_178.tif,Delhi,65536,485,0.0074005126953125,0.0895836129784584,0.03787253424525261,0.03564999997615814,0.08765000104904175,0.2303999960422516,0.10781165212392807,0.045860324054956436,0.042100001126527786,0.10729999840259552,0.27160000801086426,0.11948196589946747,0.054414231330156326,0.046300001442432404,0.11620000004768372,0.3000999987125397,0.15319733321666718,0.06681735068559647,0.057349998503923416,0.1467999964952469,0.3033500015735626,0.15761320292949677,0.06020662933588028,0.05324999988079071,0.15584999322891235,0.3481000065803528,0.1348186582326889,0.0620599091053009,0.03460000082850456,0.13179999589920044,0.334850013256073
924,GeoVision_Delhi_tile_27.tif,Delhi,65536,2772,0.04229736328125,0.12988115847110748,0.028407232835888863,0.03621666505932808,0.1264970600605011,0.366100013256073,0.1734306663274765,0.030280889943242073,0.04684166610240936,0.17268571257591248,0.40084999799728394,0.21475999057292938,0.03786509111523628,0.05274999886751175,0.21691666543483734,0.4406000077724457,0.26942718029022217,0.04304977133870125,0.07490000128746033,0.27570000290870667,0.48185834288597107,0.3119070529937744,0.0473124198615551,0.09425000101327896,0.31894999742507935,0.44600000977516174,0.28678098320961,0.04788757860660553,0.08022499829530716,0.2921333312988281,0.42085000872612
925,GeoVision_Jaipur_tile_164.tif,Jaipur,65536,228,0.00347900390625,0.15287522971630096,0.0367501936852932,0.06539999693632126,0.14954999089241028,0.2727000117301941,0.20406819880008698,0.043681610375642776,0.08569999784231186,0.20430000126361847,0.3199999928474426,0.25773727893829346,0.05975225195288658,0.08619999885559082,0.26452499628067017,0.40630000829696655,0.3274451792240143,0.06137402728199959,0.11964999884366989,0.33662497997283936,0.47824999690055847,0.36758509278297424,0.0682891309261322,0.2167000025510788,0.37450000643730164,0.4981499910354614,0.3102644681930542,0.07653991878032684,0.16175000369548798,0.2962999939918518,0.45820000767707825
926,GeoVision_Chennai_tile_82.tif,Chennai,65536,139,0.0021209716796875,0.0874820128083229,0.0242751631885767,0.05139999836683273,0.0771000012755394,0.15780000388622284,0.11598489433526993,0.02442917786538601,0.07320000231266022,0.1143999993801117,0.1891999989748001,0.11684387177228928,0.03791385143995285,0.05249999836087227,0.1096000000834465,0.2160000056028366,0.13792230188846588,0.06609266996383667,0.04490000009536743,0.10999999940395355,0.2985999882221222,0.1614776998758316,0.08276688307523727,0.04659999907016754,0.12330000102519989,0.3711000084877014,0.12833166122436523,0.07686389982700348,0.028200000524520874,0.08969999849796295,0.3271999955177307
927,GeoVision_Bengaluru_tile_32.tif,Bengaluru,65536,121,0.0018463134765625,0.1217830628156662,0.03804239630699158,0.04735000059008598,0.11640000343322754,0.2214999943971634,0.16586777567863464,0.04408758506178856,0.06464999914169312,0.1680999994277954,0.2556999921798706,0.2124483436346054,0.06970564275979996,0.05665000155568123,0.2057500034570694,0.321399986743927,0.2728574573993683,0.07805482298135757,0.11994999647140503,0.2621000111103058,0.40985000133514404,0.3127533197402954,0.10087320953607559,0.12800000607967377,0.29789999127388,0.5178499817848206,0.278018593788147,0.08864133059978485,0.10840000212192535,0.2646999955177307,0.4700999855995178
928,GeoVision_Ahmedabad_tile_176.tif,Ahmedabad,65536,53,0.0008087158203125,0.09511911869049072,0.039130765944719315,0.02851666510105133,0.10745000094175339,0.16930000483989716,0.13186150789260864,0.04440314322710037,0.05480832979083061,0.1445000022649765,0.19910000264644623,0.16116325557231903,0.07203828543424606,0.03894999995827675,0.1881999969482422,0.2511250078678131,0.22992253303527832,0.10187672823667526,0.04399999976158142,0.2697666883468628,0.34619998931884766,0.27791085839271545,0.11007631570100784,0.061766669154167175,0.328249990940094,0.4054499864578247,0.24024678766727448,0.10373180359601974,0.043299999088048935,0.2793999910354614,0.36044999957084656
929,GeoVision_Delhi_tile_50.tif,Delhi,65536,700,0.01068115234375,0.12934717535972595,0.036397892981767654,0.04123333469033241,0.12356354296207428,0.3675999939441681,0.16693662106990814,0.037888579070568085,0.052799999713897705,0.16660000383853912,0.4018000066280365,0.19911961257457733,0.044037122279405594,0.06129999831318855,0.20568333566188812,0.42399999499320984,0.2567517161369324,0.05220116302371025,0.07352499663829803,0.26448333263397217,0.42986249923706055,0.2820451259613037,0.0566120408475399,0.09440000355243683,0.29260000586509705,0.3750999867916107,0.25445201992988586,0.05594887211918831,0.08089999854564667,0.2626041769981384,0.3580000102519989
930,GeoVision_Ahmedabad_tile_91.tif,Ahmedabad,65536,526,0.008026123046875,0.13471300899982452,0.06063898280262947,0.027049999684095383,0.13072499632835388,0.34244999289512634,0.16925156116485596,0.06080076843500137,0.0494999997317791,0.16383333504199982,0.3643999993801117,0.1944343000650406,0.07176327705383301,0.03141874819993973,0.19817499816417694,0.39011332392692566,0.24638070166110992,0.08103282749652863,0.043433334678411484,0.26042497158050537,0.4032500088214874,0.30038565397262573,0.09251437336206436,0.049150001257658005,0.32330000400543213,0.5152249932289124,0.26481756567955017,0.09233057498931885,0.03355555236339569,0.2803000211715698,0.5204874873161316
931,GeoVision_Hyderabad_tile_120.tif,Hyderabad,65536,3910,0.059661865234375,0.16921232640743256,0.03396068513393402,0.05195000022649765,0.17299999296665192,0.30820000171661377,0.2118968814611435,0.041399188339710236,0.062199998646974564,0.2169666588306427,0.3560999929904938,0.2540287375450134,0.053561676293611526,0.05050000175833702,0.26019999384880066,0.3986000120639801,0.30276310443878174,0.05830898508429527,0.039400000125169754,0.3097749948501587,0.4352000057697296,0.3823646605014801,0.07220679521560669,0.041600000113248825,0.3957250118255615,0.5263000130653381,0.34846624732017517,0.07322102785110474,0.029200000688433647,0.3578000068664551,0.49480000138282776
932,GeoVision_Hyderabad_tile_177.tif,Hyderabad,65536,1495,0.0228118896484375,0.1381007730960846,0.04950682446360588,0.04560000076889992,0.14259999990463257,0.2777999937534332,0.16944880783557892,0.05409979820251465,0.058720000088214874,0.1762000024318695,0.30979999899864197,0.19604475796222687,0.06874430924654007,0.046799998730421066,0.21253332495689392,0.34540000557899475,0.2401227504014969,0.08833769708871841,0.035599999129772186,0.2687999904155731,0.39160001277923584,0.27698639035224915,0.10644836723804474,0.022138461470603943,0.30889999866485596,0.49720001220703125,0.24127069115638733,0.09641098976135254,0.01940000057220459,0.27070000767707825,0.4518600106239319
933,GeoVision_Jaipur_tile_109.tif,Jaipur,65536,2153,0.0328521728515625,0.12712505459785461,0.025429990142583847,0.04800000041723251,0.12600000202655792,0.25040000677108765,0.17483188211917877,0.027693020179867744,0.06265000253915787,0.17430000007152557,0.37059998512268066,0.22600235044956207,0.03301035240292549,0.06504999846220016,0.2280000001192093,0.4147999882698059,0.29274868965148926,0.034429289400577545,0.07349999994039536,0.29295000433921814,0.46459999680519104,0.3550373315811157,0.037421923130750656,0.0710500031709671,0.3522999882698059,0.460750013589859,0.3224681615829468,0.04223357141017914,0.05220000073313713,0.31905001401901245,0.44725000858306885
934,GeoVision_Hyderabad_tile_174.tif,Hyderabad,65536,559,0.0085296630859375,0.11224164813756943,0.026448963209986687,0.04179999977350235,0.11079999804496765,0.21979999542236328,0.14487731456756592,0.032870955765247345,0.05398571118712425,0.14900000393390656,0.2587999999523163,0.189162477850914,0.0562567375600338,0.03920000046491623,0.20559999346733093,0.33823999762535095,0.24226701259613037,0.07526277005672455,0.04520000144839287,0.2678000032901764,0.3776000142097473,0.3002283573150635,0.09289275109767914,0.039766665548086166,0.33230000734329224,0.4788666367530823,0.2658570408821106,0.08221431821584702,0.028300000354647636,0.2901749908924103,0.4793333411216736
935,GeoVision_Jaipur_tile_72.tif,Jaipur,65536,507,0.0077362060546875,0.166205033659935,0.04711189493536949,0.07594999670982361,0.16529999673366547,0.2621000111103058,0.21415840089321136,0.047634001821279526,0.11420000344514847,0.2160000056028366,0.3109999895095825,0.25551390647888184,0.04459492489695549,0.1446000039577484,0.26715001463890076,0.3416000008583069,0.31123077869415283,0.029875600710511208,0.2287999987602234,0.321399986743927,0.3860499858856201,0.36296209692955017,0.026161881163716316,0.2797499895095825,0.3675999939441681,0.4362500011920929,0.34261372685432434,0.03598444163799286,0.21960000693798065,0.3555000126361847,0.41929998993873596
936,GeoVision_Jaipur_tile_29.tif,Jaipur,65536,984,0.0150146484375,0.15044130384922028,0.04242735356092453,0.06424999982118607,0.13905000686645508,0.35749998688697815,0.18314163386821747,0.03614785149693489,0.07199999690055847,0.17919999361038208,0.35359999537467957,0.21544501185417175,0.037641555070877075,0.08389999717473984,0.21837499737739563,0.35359999537467957,0.29084980487823486,0.03671767935156822,0.09960000216960907,0.2914249897003174,0.3808000087738037,0.33984994888305664,0.04435545578598976,0.14589999616146088,0.3379499912261963,0.510699987411499,0.30659157037734985,0.0470566563308239,0.11114999651908875,0.30614998936653137,0.49129998683929443
937,GeoVision_Bengaluru_tile_130.tif,Bengaluru,65536,443,0.0067596435546875,0.1560942381620407,0.08518678694963455,0.05835000053048134,0.12060000002384186,0.4453999996185303,0.197068989276886,0.08162549883127213,0.07249999791383743,0.16979999840259552,0.48399999737739563,0.24534964561462402,0.07099185138940811,0.06655000150203705,0.22759999334812164,0.5139999985694885,0.2956317067146301,0.05899781361222267,0.0917000025510788,0.2851000130176544,0.5265499949455261,0.38062089681625366,0.05773996189236641,0.14145000278949738,0.37040001153945923,0.6352499723434448,0.32889944314956665,0.07313480228185654,0.11304999887943268,0.3122499883174896,0.6510499715805054
938,GeoVision_Delhi_tile_66.tif,Delhi,65536,465,0.0070953369140625,0.12942737340927124,0.02415044605731964,0.06407500058412552,0.12559999525547028,0.22360000014305115,0.16278581321239471,0.027833696454763412,0.08576666563749313,0.1581999957561493,0.28040000796318054,0.19226177036762238,0.033393681049346924,0.08986999839544296,0.19099999964237213,0.3107999861240387,0.23651549220085144,0.03889281675219536,0.10750000178813934,0.23250000178813934,0.37312498688697815,0.25986963510513306,0.039820700883865356,0.12314999848604202,0.26339998841285706,0.34790000319480896,0.24005255103111267,0.04065524786710739,0.10090000182390213,0.24570000171661377,0.3294000029563904
939,GeoVision_Mumbai_tile_56.tif,Mumbai,65536,0,0.0,,,,,,,,,,,,,,,,,,,,,,,,,,,,,,
940,GeoVision_Chennai_tile_178.tif,Chennai,65536,2514,0.038360595703125,0.1463988870382309,0.06823093444108963,0.039500001817941666,0.11999999731779099,0.42640000581741333,0.1834501177072525,0.0673154816031456,0.05169999971985817,0.15880000591278076,0.4352000057697296,0.22203132510185242,0.06113108992576599,0.03750000149011612,0.20499999821186066,0.44600000977516174,0.28047770261764526,0.050696153193712234,0.03610000014305115,0.2720000147819519,0.4503999948501587,0.354589581489563,0.0656634271144867,0.032999999821186066,0.3520500063896179,0.5695000290870667,0.3332516551017761,0.07270414382219315,0.01979999989271164,0.32625001668930054,0.5629000067710876
941,GeoVision_Mumbai_tile_4.tif,Mumbai,65536,0,0.0,,,,,,,,,,,,,,,,,,,,,,,,,,,,,,
942,GeoVision_Bengaluru_tile_68.tif,Bengaluru,65536,156,0.00238037109375,0.11613333225250244,0.04755337908864021,0.05050000175833702,0.11254999786615372,0.3734999895095825,0.1578955054283142,0.0669964998960495,0.061000000685453415,0.15399999916553497,0.37959998846054077,0.19895993173122406,0.09795689582824707,0.0640999972820282,0.1774750053882599,0.4251999855041504,0.2559984028339386,0.11042645573616028,0.09655000269412994,0.25437498092651367,0.5087500214576721,0.30076345801353455,0.11788511276245117,0.1469999998807907,0.2730250060558319,0.5687500238418579,0.2650718092918396,0.10893373936414719,0.12030000239610672,0.24457499384880066,0.5125499963760376
943,GeoVision_Delhi_tile_47.tif,Delhi,65536,618,0.009429931640625,0.12974190711975098,0.02082553319633007,0.0637633353471756,0.12931546568870544,0.22374999523162842,0.17120401561260223,0.023791059851646423,0.10390999913215637,0.17111501097679138,0.27160000801086426,0.20909659564495087,0.031038470566272736,0.12398000806570053,0.2089499980211258,0.30799999833106995,0.2744504511356354,0.03099796362221241,0.17419999837875366,0.27605000138282776,0.3609749972820282,0.30829623341560364,0.03422296419739723,0.19480000436306,0.30877500772476196,0.39227500557899475,0.278389036655426,0.03632014989852905,0.16144999861717224,0.27730000019073486,0.37244999408721924
944,GeoVision_Delhi_tile_166.tif,Delhi,65536,122,0.001861572265625,0.13251517713069916,0.022294670343399048,0.06859999895095825,0.13570000231266022,0.20360000431537628,0.17970122396945953,0.028989696875214577,0.09279999881982803,0.18610000610351562,0.24040000140666962,0.21663936972618103,0.04322414472699165,0.10620000213384628,0.2274250090122223,0.299699991941452,0.2931704819202423,0.04273945465683937,0.1459999978542328,0.3077250123023987,0.3639500141143799,0.3193020820617676,0.05601119622588158,0.18520000576972961,0.3136500120162964,0.3932499885559082,0.2823745906352997,0.06078397110104561,0.1404000073671341,0.28610000014305115,0.36855000257492065
945,GeoVision_Delhi_tile_140.tif,Delhi,65536,119,0.0018157958984375,0.14129327237606049,0.029441479593515396,0.07500000298023224,0.14419999718666077,0.18639999628067017,0.18907181918621063,0.033033810555934906,0.10175000131130219,0.20149999856948853,0.23600000143051147,0.22200965881347656,0.039413608610630035,0.10395000129938126,0.23420000076293945,0.2782999873161316,0.29391470551490784,0.03332601115107536,0.18369999527931213,0.30059999227523804,0.3440999984741211,0.33109498023986816,0.049754537642002106,0.19715000689029694,0.3483999967575073,0.4022499918937683,0.30030542612075806,0.05292816460132599,0.14174999296665192,0.3174000084400177,0.3687500059604645
946,GeoVision_Hyderabad_tile_167.tif,Hyderabad,65536,1347,0.0205535888671875,0.12797433137893677,0.03668074309825897,0.054999999701976776,0.13019999861717224,0.2702000141143799,0.16260629892349243,0.039698779582977295,0.0737999975681305,0.1671999990940094,0.3160000145435333,0.18590277433395386,0.06448409706354141,0.050200000405311584,0.20333333313465118,0.3628000020980835,0.23011241853237152,0.08186937123537064,0.06506666541099548,0.25780001282691956,0.39320001006126404,0.27536138892173767,0.12121934443712234,0.02604999952018261,0.3153666853904724,0.43459999561309814,0.2441156804561615,0.11125678569078445,0.02319999970495701,0.28119999170303345,0.44405001401901245
947,GeoVision_Mumbai_tile_66.tif,Mumbai,65536,6551,0.0999603271484375,0.09895897656679153,0.019466832280158997,0.042899999767541885,0.0967399999499321,0.25360000133514404,0.12249349057674408,0.023362280800938606,0.0578249990940094,0.12080000340938568,0.3041999936103821,0.14418379962444305,0.030469350516796112,0.050200000405311584,0.14319999516010284,0.34279999136924744,0.17181506752967834,0.027418261393904686,0.06164000183343887,0.17059999704360962,0.359333336353302,0.187638521194458,0.03489787131547928,0.07575000077486038,0.18934999406337738,0.39570000767707825,0.16775605082511902,0.03688814863562584,0.045899998396635056,0.16920000314712524,0.40959998965263367
948,GeoVision_Bengaluru_tile_128.tif,Bengaluru,65536,1251,0.0190887451171875,0.1424071192741394,0.06305426359176636,0.037300001829862595,0.13099999725818634,0.46959999203681946,0.1933024376630783,0.06057567894458771,0.06360000371932983,0.18559999763965607,0.4781999886035919,0.2532241642475128,0.06277349591255188,0.06610000133514404,0.2515000104904175,0.4846000075340271,0.3112095296382904,0.054506368935108185,0.18365000188350677,0.3109999895095825,0.47304999828338623,0.3961196839809418,0.07604432851076126,0.18535000085830688,0.38679999113082886,0.6323500275611877,0.31366467475891113,0.08253295719623566,0.12849999964237213,0.29954999685287476,0.6784499883651733
949,GeoVision_Bengaluru_tile_35.tif,Bengaluru,65536,957,0.0146026611328125,0.12922711670398712,0.03977854549884796,0.02604999952018261,0.12720000743865967,0.353300005197525,0.18696197867393494,0.05313299968838692,0.03914999961853027,0.1834000051021576,0.39959999918937683,0.24893327057361603,0.06891210377216339,0.0284000001847744,0.2462500035762787,0.44179999828338623,0.312026709318161,0.07191774249076843,0.029200000688433647,0.3096500039100647,0.5213500261306763,0.3950130343437195,0.09644712507724762,0.02914999984204769,0.4027000069618225,0.6559000015258789,0.324667751789093,0.08930590748786926,0.02264999970793724,0.3162499964237213,0.6032000184059143
950,GeoVision_Bengaluru_tile_51.tif,Bengaluru,65536,1315,0.0200653076171875,0.13574464619159698,0.05433164909482002,0.032349999994039536,0.1306000053882599,0.4790000021457672,0.17594337463378906,0.055357325822114944,0.03954999893903732,0.1720999926328659,0.48159998655319214,0.2183651328086853,0.06078218296170235,0.040150001645088196,0.2155500054359436,0.4805999994277954,0.26146888732910156,0.06909807026386261,0.04904999956488609,0.2656500041484833,0.4918000102043152,0.33623799681663513,0.0784829631447792,0.13729999959468842,0.3456000089645386,0.5379999876022339,0.2909460961818695,0.06223396584391594,0.10665000230073929,0.2964499890804291,0.5446500182151794
951,GeoVision_Ahmedabad_tile_0.tif,Ahmedabad,65536,144,0.002197265625,0.12850704789161682,0.04890179634094238,0.04574999958276749,0.13050000369548798,0.22871999442577362,0.1672568917274475,0.047671593725681305,0.07136666774749756,0.17870000004768372,0.25870001316070557,0.19476068019866943,0.06861551851034164,0.06517999619245529,0.22302499413490295,0.2924000024795532,0.2509227991104126,0.08143381029367447,0.09096667170524597,0.2863500118255615,0.359250009059906,0.2938617467880249,0.11443876475095749,0.06373250484466553,0.343416690826416,0.43105000257492065,0.26570039987564087,0.12073297798633575,0.04307499900460243,0.30771249532699585,0.42483335733413696
952,GeoVision_Hyderabad_tile_48.tif,Hyderabad,65536,4316,0.06585693359375,0.10393314063549042,0.04078178480267525,0.04259999841451645,0.11140000075101852,0.2433999925851822,0.13195200264453888,0.05261068418622017,0.052149999886751175,0.14339999854564667,0.2840000092983246,0.15282399952411652,0.07656893134117126,0.039500001817941666,0.17579999566078186,0.3176000118255615,0.18804924190044403,0.09848111122846603,0.03294285759329796,0.22540000081062317,0.35386666655540466,0.23373466730117798,0.12541989982128143,0.022600000724196434,0.2913999855518341,0.44040000438690186,0.20412257313728333,0.11563260853290558,0.015144444070756435,0.2583000063896179,0.40799999237060547
953,GeoVision_Delhi_tile_111.tif,Delhi,65536,231,0.0035247802734375,0.14790453016757965,0.046126604080200195,0.06984999775886536,0.13699999451637268,0.329800009727478,0.1822054088115692,0.048858657479286194,0.09364999830722809,0.1712999939918518,0.38199999928474426,0.20970197021961212,0.05522346869111061,0.10559999942779541,0.20469999313354492,0.41760000586509705,0.2649644911289215,0.0559341125190258,0.14470000565052032,0.25609999895095825,0.4702000021934509,0.285076379776001,0.05631972476840019,0.15174999833106995,0.28540000319480896,0.48339998722076416,0.25900086760520935,0.06405744701623917,0.1234000027179718,0.2549999952316284,0.4652000069618225
954,GeoVision_Chennai_tile_144.tif,Chennai,65536,145,0.0022125244140625,0.10299242287874222,0.033998146653175354,0.03779999911785126,0.10559999942779541,0.24060000479221344,0.14701242744922638,0.04480784386396408,0.04270000010728836,0.15539999306201935,0.2924000024795532,0.16801655292510986,0.05826592072844505,0.037300001829862595,0.18379999697208405,0.30640000104904175,0.19014689326286316,0.07477136701345444,0.04039999842643738,0.18940000236034393,0.3465999960899353,0.21908897161483765,0.09159170836210251,0.06589999794960022,0.2387000024318695,0.36169999837875366,0.1721765398979187,0.08245740085840225,0.03889999911189079,0.19550000131130219,0.3003999888896942
955,GeoVision_Bengaluru_tile_49.tif,Bengaluru,65536,1269,0.0193634033203125,0.15669624507427216,0.04721474647521973,0.031199999153614044,0.15469999611377716,0.4253999888896942,0.21494095027446747,0.057398367673158646,0.04800000041723251,0.22190000116825104,0.4731999933719635,0.26784440875053406,0.07683786004781723,0.040300000458955765,0.2745000123977661,0.5001500248908997,0.31895509362220764,0.08500374853610992,0.05914999917149544,0.3192499876022339,0.5153999924659729,0.38832542300224304,0.11057637631893158,0.02655000053346157,0.3828999996185303,0.6368499994277954,0.3127214014530182,0.08467508107423782,0.024700000882148743,0.320250004529953,0.48809999227523804
956,GeoVision_Delhi_tile_130.tif,Delhi,65536,134,0.002044677734375,0.13839121162891388,0.020207559689879417,0.0580499991774559,0.13979999721050262,0.19300000369548798,0.17893646657466888,0.0234514307230711,0.08839999884366989,0.179299995303154,0.24175000190734863,0.2175666242837906,0.0346071831882,0.08500000089406967,0.2208000123500824,0.3001999855041504,0.28918468952178955,0.034525346010923386,0.18674999475479126,0.2847999930381775,0.3700000047683716,0.3105720579624176,0.04071655869483948,0.18569999933242798,0.30557501316070557,0.39969998598098755,0.2721877098083496,0.04448431357741356,0.14945000410079956,0.265562504529953,0.3779999911785126
957,GeoVision_Delhi_tile_174.tif,Delhi,65536,302,0.004608154296875,0.11407683044672012,0.02762710303068161,0.05590000003576279,0.11330000311136246,0.20659999549388885,0.1424819678068161,0.03177370876073837,0.07519999891519547,0.1433500051498413,0.2476000040769577,0.16544023156166077,0.038564980030059814,0.08659999817609787,0.16657499969005585,0.2736999988555908,0.21047085523605347,0.046517543494701385,0.10660000145435333,0.21359999477863312,0.298799991607666,0.231181800365448,0.04776707664132118,0.12139999866485596,0.23890000581741333,0.3314499855041504,0.20322400331497192,0.04710378497838974,0.10294999927282333,0.20909999310970306,0.3041999936103821
958,GeoVision_Mumbai_tile_9.tif,Mumbai,65536,45,0.0006866455078125,0.09399333596229553,0.01129976101219654,0.07919999957084656,0.09130000323057175,0.13179999589920044,0.11150333285331726,0.013325423002243042,0.09359999746084213,0.10859999805688858,0.15240000188350677,0.12316221743822098,0.017817113548517227,0.09730000048875809,0.1216999962925911,0.16030000150203705,0.16071777045726776,0.02504989132285118,0.11739999800920486,0.15539999306201935,0.2101999968290329,0.17225444316864014,0.029987845569849014,0.1132500022649765,0.17149999737739563,0.2363000065088272,0.14252445101737976,0.024679724127054214,0.09194999933242798,0.14055000245571136,0.19820000231266022
959,GeoVision_Kolkata_tile_81.tif,Kolkata,65536,68,0.00103759765625,0.05500587821006775,0.021085219457745552,0.03709999844431877,0.04610000178217888,0.12680000066757202,0.06769410520792007,0.02517944946885109,0.04569999873638153,0.0596500001847744,0.1565999984741211,0.06799264252185822,0.03121177852153778,0.04270000010728836,0.05480000004172325,0.1656000018119812,0.08418676257133484,0.04927908256649971,0.04500000178813934,0.06000000238418579,0.21819999814033508,0.10185736417770386,0.049638837575912476,0.040300000458955765,0.09099999815225601,0.2605000138282776,0.0798882320523262,0.045782461762428284,0.029600000008940697,0.06785000115633011,0.23639999330043793
960,GeoVision_Hyderabad_tile_132.tif,Hyderabad,65536,2024,0.0308837890625,0.13214756548404694,0.029322654008865356,0.042100001126527786,0.13142916560173035,0.2961199879646301,0.1667368859052658,0.032388947904109955,0.04399999976158142,0.1694900095462799,0.3240000009536743,0.20586863160133362,0.04109378904104233,0.03849999979138374,0.2101999968290329,0.3375999927520752,0.2636615037918091,0.05010802298784256,0.03779999911785126,0.26922500133514404,0.3874000012874603,0.32587581872940063,0.06087815761566162,0.03240000084042549,0.33338332176208496,0.447050005197525,0.28617799282073975,0.056278813630342484,0.02616666629910469,0.29249998927116394,0.39430001378059387
961,GeoVision_Delhi_tile_68.tif,Delhi,65536,206,0.003143310546875,0.10973513126373291,0.02694476582109928,0.03974999859929085,0.1049799919128418,0.22075000405311584,0.14592690765857697,0.034238915890455246,0.059425000101327896,0.1475750058889389,0.2878499925136566,0.17419150471687317,0.04956484213471413,0.06235000118613243,0.18301665782928467,0.3269999921321869,0.22563400864601135,0.06168069690465927,0.08113332837820053,0.23803333938121796,0.39274999499320984,0.24834389984607697,0.06726834177970886,0.0823500007390976,0.26190000772476196,0.3736000061035156,0.2188355177640915,0.06696870177984238,0.06080000102519989,0.2327333241701126,0.34779998660087585
962,GeoVision_Kolkata_tile_168.tif,Kolkata,65536,534,0.008148193359375,0.08788785338401794,0.04451259598135948,0.03200000151991844,0.08160000294446945,0.2264000028371811,0.10663586109876633,0.05023946240544319,0.03840000182390213,0.10379999876022339,0.2639999985694885,0.11779755353927612,0.061795711517333984,0.03375000134110451,0.11874999850988388,0.2980000078678131,0.14960892498493195,0.07188968360424042,0.03916666656732559,0.15870000422000885,0.32600000500679016,0.1702544242143631,0.08068090677261353,0.03398571535944939,0.18502500653266907,0.3787333369255066,0.15019594132900238,0.08687054365873337,0.023250000551342964,0.156374990940094,0.40549999475479126
963,GeoVision_Kolkata_tile_17.tif,Kolkata,65536,4,6.103515625e-05,0.15219999849796295,0.0058343783020973206,0.14560000598430634,0.15240000188350677,0.15839999914169312,0.17135000228881836,0.0064503890462219715,0.1607999950647354,0.17339999973773956,0.1777999997138977,0.1749500036239624,0.007879558950662613,0.16500000655651093,0.17509999871253967,0.18459999561309814,0.22630000114440918,0.004566177725791931,0.21860000491142273,0.22830000519752502,0.23000000417232513,0.27742499113082886,0.01242746226489544,0.25589999556541443,0.28459998965263367,0.28459998965263367,0.2643750011920929,0.015458550304174423,0.23759999871253967,0.2732999920845032,0.2732999920845032
964,GeoVision_Jaipur_tile_169.tif,Jaipur,65536,66,0.001007080078125,0.13676516711711884,0.026719830930233,0.09165000170469284,0.13339999318122864,0.2531999945640564,0.1907886266708374,0.029827989637851715,0.13689999282360077,0.19095000624656677,0.28610000014305115,0.24318408966064453,0.031221523880958557,0.18434999883174896,0.24095000326633453,0.3268499970436096,0.3201553225517273,0.02848256565630436,0.24819999933242798,0.32099997997283936,0.39285001158714294,0.3713529706001282,0.024139994755387306,0.30720001459121704,0.37575000524520874,0.4077000021934509,0.33740299940109253,0.0301563311368227,0.28119999170303345,0.3393999934196472,0.39184999465942383
965,GeoVision_Jaipur_tile_78.tif,Jaipur,65536,360,0.0054931640625,0.1714233160018921,0.07271844893693924,0.07214999943971634,0.15549999475479126,0.4699999988079071,0.21393528580665588,0.06554517149925232,0.1031000018119812,0.20340000092983246,0.48840001225471497,0.25436875224113464,0.060437433421611786,0.11020000278949738,0.24535000324249268,0.48785001039505005,0.31879305839538574,0.046249356120824814,0.16484999656677246,0.3169749975204468,0.49665001034736633,0.38417306542396545,0.0608491487801075,0.23389999568462372,0.3824250102043152,0.5921499729156494,0.35616540908813477,0.07261482626199722,0.19059999287128448,0.350849986076355,0.6155499815940857
966,GeoVision_Bengaluru_tile_110.tif,Bengaluru,65536,310,0.004730224609375,0.14062903821468353,0.032080430537462234,0.037950001657009125,0.1440500020980835,0.20559999346733093,0.2074107974767685,0.04858460649847984,0.04969999939203262,0.2053000032901764,0.3034000098705292,0.2804919481277466,0.06869327276945114,0.05909999832510948,0.29269999265670776,0.40005001425743103,0.3440636992454529,0.07062666863203049,0.07530000060796738,0.3615500032901764,0.4539499878883362,0.41576921939849854,0.09172464162111282,0.1080000028014183,0.43514999747276306,0.5622000098228455,0.36111533641815186,0.0800776332616806,0.08969999849796295,0.38394999504089355,0.4712499976158142
967,GeoVision_Mumbai_tile_141.tif,Mumbai,65536,6427,0.0980682373046875,0.07968626171350479,0.008952363394200802,0.041999999433755875,0.08020000159740448,0.14820000529289246,0.09819208085536957,0.012176177464425564,0.0551999993622303,0.09780000150203705,0.16539999842643738,0.11327990889549255,0.018582390621304512,0.04899999871850014,0.11240000277757645,0.19979999959468842,0.13587608933448792,0.02069052867591381,0.06199999898672104,0.12960000336170197,0.22339999675750732,0.13801346719264984,0.024558357894420624,0.05209999904036522,0.13220000267028809,0.2538999915122986,0.11793709546327591,0.02608654275536537,0.03750000149011612,0.11389999836683273,0.21879999339580536
968,GeoVision_Delhi_tile_117.tif,Delhi,65536,2342,0.035736083984375,0.12701493501663208,0.01865471340715885,0.06340000033378601,0.12697499990463257,0.2240000069141388,0.15375371277332306,0.021218543872237206,0.07845000177621841,0.15320000052452087,0.262800008058548,0.17430594563484192,0.026854855939745903,0.08649999648332596,0.17069999873638153,0.2925499975681305,0.2136707901954651,0.03600049763917923,0.10785000026226044,0.21604999899864197,0.3240000009536743,0.2291930615901947,0.04149632528424263,0.14020000398159027,0.22789999842643738,0.36024999618530273,0.20655392110347748,0.04081117734313011,0.10899999737739563,0.20387500524520874,0.354449987411499
969,GeoVision_Bengaluru_tile_43.tif,Bengaluru,65536,231,0.0035247802734375,0.12094415724277496,0.0607018917798996,0.047850001603364944,0.09860000014305115,0.43700000643730164,0.16845279932022095,0.0566616952419281,0.060600001364946365,0.15530000627040863,0.4787999987602234,0.23132337629795074,0.0664457231760025,0.0632999986410141,0.24809999763965607,0.4892500042915344,0.2902880907058716,0.0653345063328743,0.07689999788999557,0.30720001459121704,0.5095999836921692,0.3582456409931183,0.09151913970708847,0.14474999904632568,0.34619998931884766,0.5589500069618225,0.3272222876548767,0.08909016847610474,0.12309999763965607,0.3149000108242035,0.4969500005245209
970,GeoVision_Delhi_tile_86.tif,Delhi,65536,413,0.0063018798828125,0.13921546936035156,0.02482481487095356,0.06769999861717224,0.13580000400543213,0.2565999925136566,0.1758916825056076,0.025080982595682144,0.09377142786979675,0.17299999296665192,0.29580000042915344,0.20965351164340973,0.02917568013072014,0.10517500340938568,0.20980000495910645,0.3199999928474426,0.26077035069465637,0.031827084720134735,0.16823333501815796,0.26080000400543213,0.3407999873161316,0.30130672454833984,0.03881080448627472,0.16551999747753143,0.29760000109672546,0.39590001106262207,0.2800847589969635,0.038528282195329666,0.1504874974489212,0.28040000796318054,0.3776000142097473
971,GeoVision_Chennai_tile_141.tif,Chennai,65536,0,0.0,,,,,,,,,,,,,,,,,,,,,,,,,,,,,,
972,GeoVision_Mumbai_tile_21.tif,Mumbai,65536,0,0.0,,,,,,,,,,,,,,,,,,,,,,,,,,,,,,
973,GeoVision_Kolkata_tile_141.tif,Kolkata,65536,174,0.002655029296875,0.06996884942054749,0.02800912782549858,0.028618182986974716,0.05940856784582138,0.1873999983072281,0.08573682606220245,0.030855674296617508,0.043457143008708954,0.074713334441185,0.23295000195503235,0.08499572426080704,0.0409899540245533,0.036524999886751175,0.07489285618066788,0.2451999932527542,0.11312197893857956,0.058848556131124496,0.04309999942779541,0.10790000110864639,0.33079999685287476,0.12220621854066849,0.06021222099661827,0.03229999914765358,0.12307142466306686,0.3264999985694885,0.09610147774219513,0.055723100900650024,0.023274999111890793,0.09761666506528854,0.312375009059906
974,GeoVision_Delhi_tile_58.tif,Delhi,65536,4120,0.0628662109375,0.1340152621269226,0.02616811916232109,0.04605000093579292,0.1335499882698059,0.2840000092983246,0.17067953944206238,0.030186377465724945,0.06539999693632126,0.17239999771118164,0.32600000500679016,0.2013280987739563,0.036813728511333466,0.05624999850988388,0.20559999346733093,0.3531999886035919,0.24789941310882568,0.046100106090307236,0.0828000009059906,0.25859999656677246,0.40070000290870667,0.2792806029319763,0.050430793315172195,0.05014999955892563,0.28769999742507935,0.39340001344680786,0.25743305683135986,0.05220025032758713,0.03370000049471855,0.26460000872612,0.3977999985218048
975,GeoVision_Jaipur_tile_73.tif,Jaipur,65536,863,0.0131683349609375,0.11086500436067581,0.012986816465854645,0.07765000313520432,0.10760000348091125,0.20730000734329224,0.161662295460701,0.014703000895678997,0.11490000039339066,0.1599999964237213,0.2565999925136566,0.2251271903514862,0.02202157862484455,0.15080000460147858,0.22419999539852142,0.29600000381469727,0.29898929595947266,0.028018470853567123,0.19840000569820404,0.2950499951839447,0.3889999985694885,0.36923375725746155,0.026056302711367607,0.2941499948501587,0.366349995136261,0.43140000104904175,0.3359375,0.02735075354576111,0.2558000087738037,0.3356499969959259,0.4009999930858612
976,GeoVision_Chennai_tile_75.tif,Chennai,65536,1329,0.0202789306640625,0.14137065410614014,0.0224633626639843,0.05400000140070915,0.1462000012397766,0.40139999985694885,0.17928533256053925,0.029610224068164825,0.06080000102519989,0.18539999425411224,0.4440000057220459,0.20361001789569855,0.0393863283097744,0.050599999725818634,0.2134000062942505,0.46959999203681946,0.24507088959217072,0.05322784557938576,0.06689999997615814,0.25699999928474426,0.5271999835968018,0.26883989572525024,0.09160303324460983,0.05270000174641609,0.27250000834465027,0.5339000225067139,0.2440425306558609,0.09715524315834045,0.03480000048875809,0.2395000010728836,0.48669999837875366
977,GeoVision_Bengaluru_tile_48.tif,Bengaluru,65536,630,0.009613037109375,0.13061198592185974,0.049648623913526535,0.029850000515580177,0.12395000457763672,0.3224000036716461,0.18029199540615082,0.05190443992614746,0.043949998915195465,0.1768999993801117,0.3580000102519989,0.2341097891330719,0.056707318872213364,0.02879999950528145,0.24215000867843628,0.39890000224113464,0.2898005545139313,0.07051340490579605,0.0348999984562397,0.2951500117778778,0.4607999920845032,0.37264713644981384,0.10455452650785446,0.02005000039935112,0.3677999973297119,0.5860999822616577,0.31356021761894226,0.0781184583902359,0.016300000250339508,0.31470000743865967,0.4993000030517578
978,GeoVision_Mumbai_tile_78.tif,Mumbai,65536,1870,0.028533935546875,0.09758256375789642,0.021433429792523384,0.05282500013709068,0.0926777720451355,0.22130000591278076,0.10965432226657867,0.02403322421014309,0.058954548090696335,0.10404444485902786,0.2488500028848648,0.12016363441944122,0.027874842286109924,0.05251818150281906,0.11339999735355377,0.2837333381175995,0.13470955193042755,0.03062254749238491,0.05883333086967468,0.12644198536872864,0.30790001153945923,0.14991188049316406,0.035473112016916275,0.06862000375986099,0.14157167077064514,0.34923332929611206,0.13589169085025787,0.034589532762765884,0.05556666851043701,0.1264333426952362,0.37059998512268066
979,GeoVision_Hyderabad_tile_106.tif,Hyderabad,65536,11008,0.16796875,0.14774328470230103,0.037610385566949844,0.027799999341368675,0.14893333613872528,0.3407999873161316,0.1836332231760025,0.044755809009075165,0.03290000185370445,0.18960000574588776,0.3564000129699707,0.2222897708415985,0.0572299100458622,0.025100000202655792,0.2325333207845688,0.38679999113082886,0.26343539357185364,0.06557364016771317,0.026599999517202377,0.2791000008583069,0.4163999855518341,0.33085405826568604,0.0839017927646637,0.02321000024676323,0.34964999556541443,0.5526999831199646,0.2975485026836395,0.08262425661087036,0.017007142305374146,0.3125999867916107,0.5925666689872742
980,GeoVision_Ahmedabad_tile_5.tif,Ahmedabad,65536,136,0.0020751953125,0.14588725566864014,0.0723983570933342,0.07831666618585587,0.12790000438690186,0.3677000105381012,0.18139764666557312,0.06341633200645447,0.0989999994635582,0.16670000553131104,0.3914499878883362,0.20873507857322693,0.08224507421255112,0.09611999988555908,0.21114999055862427,0.42893335223197937,0.26120156049728394,0.10154292732477188,0.10347499698400497,0.2712000012397766,0.4519749879837036,0.2809130549430847,0.13142044842243195,0.0434500016272068,0.2893249988555908,0.503600001335144,0.25307518243789673,0.1334347426891327,0.03156666457653046,0.26109999418258667,0.5299500226974487
981,GeoVision_Hyderabad_tile_61.tif,Hyderabad,65536,855,0.0130462646484375,0.13014286756515503,0.05806742236018181,0.042733334004879,0.12800000607967377,0.3619999885559082,0.16179779171943665,0.06758375465869904,0.05000000074505806,0.1653333306312561,0.4075999855995178,0.19673393666744232,0.08489763736724854,0.03655000030994415,0.21549999713897705,0.42820000648498535,0.24960081279277802,0.10206200927495956,0.03286666423082352,0.2768000066280365,0.4322499930858612,0.3052438199520111,0.13149969279766083,0.026342855766415596,0.3467000126838684,0.49219998717308044,0.26800721883773804,0.1211722195148468,0.018149999901652336,0.30489999055862427,0.4805999994277954
982,GeoVision_Delhi_tile_55.tif,Delhi,65536,332,0.00506591796875,0.14673133194446564,0.038496531546115875,0.07819999754428864,0.13009999692440033,0.2996000051498413,0.18613795936107635,0.03788573667407036,0.1005999967455864,0.17829999327659607,0.3181999921798706,0.22392557561397552,0.04073885828256607,0.0966000035405159,0.22789999842643738,0.34200000762939453,0.28170692920684814,0.04150187224149704,0.11020000278949738,0.2885500192642212,0.3790999948978424,0.3163704574108124,0.04357093945145607,0.16509999334812164,0.3190999925136566,0.3885999917984009,0.2858532965183258,0.04613505303859711,0.12720000743865967,0.28679999709129333,0.3650999963283539
983,GeoVision_Jaipur_tile_32.tif,Jaipur,65536,444,0.00677490234375,0.1636451631784439,0.059216227382421494,0.07514999806880951,0.14790000021457672,0.420199990272522,0.20182004570960999,0.055247895419597626,0.08640000224113464,0.19169999659061432,0.42800000309944153,0.2377779334783554,0.055999718606472015,0.1035500019788742,0.23355001211166382,0.44064998626708984,0.29699379205703735,0.051433004438877106,0.13124999403953552,0.30237501859664917,0.4387499988079071,0.3438360393047333,0.06465708464384079,0.11289999634027481,0.34025001525878906,0.5734000205993652,0.31413206458091736,0.06858289986848831,0.07545000314712524,0.3091999888420105,0.581849992275238
984,GeoVision_Kolkata_tile_86.tif,Kolkata,65536,41,0.0006256103515625,0.06458780169487,0.008426647633314133,0.052299998700618744,0.06310000270605087,0.08560000360012054,0.08978293091058731,0.008092752657830715,0.07660000026226044,0.09030000120401382,0.10899999737739563,0.07607560604810715,0.013893176801502705,0.061900001019239426,0.07479999959468842,0.13740000128746033,0.091490238904953,0.024626605212688446,0.07180000096559525,0.0835999995470047,0.21150000393390656,0.07197317481040955,0.04036885127425194,0.022299999371170998,0.060499999672174454,0.26919999718666077,0.049626827239990234,0.031294193118810654,0.013899999670684338,0.03819999843835831,0.20329999923706055
985,GeoVision_Mumbai_tile_49.tif,Mumbai,65536,3658,0.055816650390625,0.09384579211473465,0.018246935680508614,0.04988333582878113,0.09133541584014893,0.19949999451637268,0.11227423697710037,0.022923115640878677,0.062049999833106995,0.10740000009536743,0.24445000290870667,0.1308136135339737,0.029191605746746063,0.05504000186920166,0.12280000001192093,0.2874000072479248,0.15347404778003693,0.031154051423072815,0.06843750178813934,0.14480000734329224,0.3075999915599823,0.16969676315784454,0.031250517815351486,0.06129999831318855,0.16516999900341034,0.2784999907016754,0.15148694813251495,0.029386324808001518,0.04944999888539314,0.149399995803833,0.242575004696846
986,GeoVision_Jaipur_tile_57.tif,Jaipur,65536,1576,0.0240478515625,0.17204996943473816,0.0695348009467125,0.05245000123977661,0.15070000290870667,0.4546000063419342,0.21335497498512268,0.06358826160430908,0.08110000193119049,0.1975499987602234,0.4636000096797943,0.2535226047039032,0.05899159610271454,0.08959999680519104,0.24619999527931213,0.4772999882698059,0.3140193819999695,0.052524443715810776,0.08250000327825546,0.31314998865127563,0.47940000891685486,0.3853205144405365,0.06398183852434158,0.06475000083446503,0.37994998693466187,0.621749997138977,0.3629399538040161,0.07490960508584976,0.057500001043081284,0.35589998960494995,0.6722999811172485
987,GeoVision_Jaipur_tile_67.tif,Jaipur,65536,970,0.014801025390625,0.13223020732402802,0.03911786898970604,0.034049998968839645,0.1362999975681305,0.26089999079704285,0.16863201558589935,0.04744093865156174,0.04334999993443489,0.17634999752044678,0.299699991941452,0.20208856463432312,0.06188555434346199,0.04475000128149986,0.21505001187324524,0.3468500077724457,0.2609134912490845,0.07564590871334076,0.05745000019669533,0.28049999475479126,0.4283500015735626,0.30158570408821106,0.08783596754074097,0.08269999921321869,0.3209500014781952,0.4471000134944916,0.2780458629131317,0.08838354796171188,0.06624999642372131,0.2915000021457672,0.44624999165534973
988,GeoVision_Jaipur_tile_154.tif,Jaipur,65536,10,0.000152587890625,0.12795500457286835,0.017698481678962708,0.10014999657869339,0.12459999322891235,0.1565999984741211,0.17586001753807068,0.016702165827155113,0.14970000088214874,0.17794999480247498,0.20919999480247498,0.23085999488830566,0.018972834572196007,0.19744999706745148,0.22807499766349792,0.257099986076355,0.33077502250671387,0.019381267949938774,0.29649999737739563,0.334075003862381,0.36489999294281006,0.38046497106552124,0.015139901079237461,0.36579999327659607,0.37982499599456787,0.4125500023365021,0.34899502992630005,0.025200940668582916,0.32199999690055847,0.3508250117301941,0.4007500112056732
989,GeoVision_Ahmedabad_tile_162.tif,Ahmedabad,65536,207,0.0031585693359375,0.10124856978654861,0.046157144010066986,0.03139999881386757,0.1046999990940094,0.31976667046546936,0.14530359208583832,0.057861827313899994,0.05363333225250244,0.1515199989080429,0.3749000132083893,0.16209758818149567,0.08921419829130173,0.040150001645088196,0.15880000591278076,0.42085000872612,0.20354339480400085,0.12182631343603134,0.039314284920692444,0.21254999935626984,0.4761333465576172,0.23531541228294373,0.13110899925231934,0.04170000180602074,0.24979999661445618,0.4327666461467743,0.20140591263771057,0.12352608889341354,0.03242500126361847,0.20880000293254852,0.4079749882221222
990,GeoVision_Chennai_tile_168.tif,Chennai,65536,1044,0.01593017578125,0.13907988369464874,0.027424095198512077,0.08869999647140503,0.13379999995231628,0.3903999924659729,0.16403985023498535,0.028412001207470894,0.10779999941587448,0.15889999270439148,0.4203999936580658,0.1879134178161621,0.03168914094567299,0.10459999740123749,0.1842000037431717,0.45680001378059387,0.2408428192138672,0.03423333168029785,0.13019999861717224,0.2386000007390976,0.48159998655319214,0.30030012130737305,0.04057377576828003,0.16519999504089355,0.29589998722076416,0.4788999855518341,0.2663172483444214,0.03880862519145012,0.1274999976158142,0.2644500136375427,0.4325999915599823
991,GeoVision_Chennai_tile_105.tif,Chennai,65536,180,0.00274658203125,0.10759667307138443,0.04268382117152214,0.05550000071525574,0.1062999963760376,0.3384000062942505,0.12487444281578064,0.04570065066218376,0.0658000037074089,0.12020000070333481,0.3531999886035919,0.12678778171539307,0.05606461316347122,0.05290000140666962,0.11999999731779099,0.3675999939441681,0.16517388820648193,0.07244085520505905,0.05310000106692314,0.1622999906539917,0.4052000045776367,0.1933455616235733,0.074649877846241,0.04830000177025795,0.195700004696846,0.35519999265670776,0.1666083186864853,0.07076622545719147,0.03420000150799751,0.1753000020980835,0.3280999958515167
992,GeoVision_Kolkata_tile_43.tif,Kolkata,65536,115,0.0017547607421875,0.07002000510692596,0.023146187886595726,0.03880000114440918,0.06239999830722809,0.1469999998807907,0.09737738966941833,0.027589954435825348,0.05339999869465828,0.09080000221729279,0.17020000517368317,0.09374694526195526,0.03987981006503105,0.04390000179409981,0.08259999752044678,0.19099999964237213,0.11862955242395401,0.06464658677577972,0.04830000177025795,0.08380000293254852,0.251800000667572,0.1347469538450241,0.08954363316297531,0.03610000014305115,0.10209999978542328,0.35260000824928284,0.10496173799037933,0.08435611426830292,0.02410000003874302,0.0723000019788742,0.3402000069618225
993,GeoVision_Delhi_tile_61.tif,Delhi,65536,738,0.011260986328125,0.1798318326473236,0.10552208125591278,0.06719999760389328,0.14030000567436218,0.44679999351501465,0.21857371926307678,0.09644414484500885,0.10440000146627426,0.17589999735355377,0.4675999879837036,0.253147691488266,0.0879167839884758,0.12290000170469284,0.22220000624656677,0.48080000281333923,0.30968308448791504,0.06084286421537399,0.17919999361038208,0.2953000068664551,0.47200000286102295,0.37448716163635254,0.10330019146203995,0.23549999296665192,0.34950000047683716,0.661300003528595,0.3558712601661682,0.12264730781316757,0.19429999589920044,0.32284998893737793,0.7042999863624573
994,GeoVision_Hyderabad_tile_121.tif,Hyderabad,65536,2241,0.0341949462890625,0.14944706857204437,0.049273982644081116,0.038750000298023224,0.14563333988189697,0.36719998717308044,0.18196825683116913,0.054094910621643066,0.04755000025033951,0.1800999939441681,0.4185599982738495,0.21278998255729675,0.06399451941251755,0.036240000277757645,0.21873332560062408,0.44200000166893005,0.2575599253177643,0.07285767793655396,0.0361500009894371,0.27309998869895935,0.44440001249313354,0.3205460011959076,0.08693799376487732,0.02954999916255474,0.33614999055862427,0.5210000276565552,0.28656700253486633,0.08267141133546829,0.024900000542402267,0.2976999878883362,0.51910001039505
995,GeoVision_Hyderabad_tile_126.tif,Hyderabad,65536,156,0.00238037109375,0.11423511803150177,0.03454773500561714,0.045499999076128006,0.12096667289733887,0.21719999611377716,0.14360271394252777,0.05013817176222801,0.055799998342990875,0.15760000050067902,0.24959999322891235,0.1757539063692093,0.07418246567249298,0.04859999939799309,0.19242000579833984,0.30640000104904175,0.22635890543460846,0.0932362824678421,0.0568000003695488,0.24492499232292175,0.375900000333786,0.2615634799003601,0.10418444126844406,0.07850000262260437,0.29538750648498535,0.4465000033378601,0.23339416086673737,0.10234533995389938,0.058800000697374344,0.2515999972820282,0.42890000343322754
996,GeoVision_Jaipur_tile_146.tif,Jaipur,65536,922,0.014068603515625,0.13749180734157562,0.02785813808441162,0.07064999639987946,0.13234999775886536,0.3158000111579895,0.18116101622581482,0.028204498812556267,0.08969999849796295,0.1790499985218048,0.3612000048160553,0.2271376997232437,0.02980460412800312,0.11084999889135361,0.22750000655651093,0.3796499967575073,0.2940218150615692,0.03523240610957146,0.1420000046491623,0.29487499594688416,0.4611999988555908,0.35569414496421814,0.033824529498815536,0.1598999947309494,0.3582499921321869,0.4345499873161316,0.3259040117263794,0.03543786704540253,0.1310500055551529,0.329800009727478,0.40584999322891235
997,GeoVision_Hyderabad_tile_105.tif,Hyderabad,65536,7502,0.114471435546875,0.15555831789970398,0.02952469140291214,0.04340000078082085,0.15440000593662262,0.3670666813850403,0.19661810994148254,0.03327617049217224,0.05245000123977661,0.19633212685585022,0.414000004529953,0.2413836270570755,0.04168263450264931,0.04179999977350235,0.24480000138282776,0.43320000171661377,0.29098066687583923,0.04213628172874451,0.035999998450279236,0.29343748092651367,0.4706000089645386,0.3768051266670227,0.050739504396915436,0.023918181657791138,0.38036251068115234,0.5367500185966492,0.3396020829677582,0.0523175410926342,0.019600000232458115,0.3441999852657318,0.5726000070571899
998,GeoVision_Delhi_tile_77.tif,Delhi,65536,946,0.014434814453125,0.12258351594209671,0.02908308617770672,0.033799998462200165,0.12470000237226486,0.22930000722408295,0.1550731509923935,0.03473072499036789,0.04610000178217888,0.15724998712539673,0.272599995136261,0.1821122169494629,0.045124296098947525,0.05025000125169754,0.18524999916553497,0.31200000643730164,0.23908451199531555,0.053880587220191956,0.06584999710321426,0.24832499027252197,0.3424000144004822,0.2618265151977539,0.06153677776455879,0.08380000293254852,0.2642500102519989,0.38040000200271606,0.23520830273628235,0.06384629756212234,0.05350000038743019,0.23442499339580536,0.36765000224113464
999,GeoVision_Delhi_tile_102.tif,Delhi,65536,49,0.0007476806640625,0.09387551248073578,0.01538892462849617,0.041600000113248825,0.09740000218153,0.12759999930858612,0.11617142707109451,0.01860327087342739,0.050999999046325684,0.12139999866485596,0.14499999582767487,0.12648774683475494,0.021522343158721924,0.0471000000834465,0.13220000267028809,0.14980000257492065,0.15832753479480743,0.030426019802689552,0.04879999905824661,0.16660000383853912,0.19449999928474426,0.19031226634979248,0.04587605968117714,0.03310000151395798,0.20649999380111694,0.23080000281333923,0.1453959196805954,0.03673127293586731,0.02410000003874302,0.15770000219345093,0.18629999458789825
1000,GeoVision_Hyderabad_tile_22.tif,Hyderabad,65536,2524,0.03851318359375,0.130703404545784,0.024458160623908043,0.052299998700618744,0.12763333320617676,0.2696000039577484,0.17656409740447998,0.030303802341222763,0.06824000179767609,0.17800000309944153,0.3046000003814697,0.2383733093738556,0.042066626250743866,0.07236666977405548,0.24379999935626984,0.34060001373291016,0.29906705021858215,0.04599546268582344,0.08250000327825546,0.3061999976634979,0.4016999900341034,0.4016159772872925,0.06032901629805565,0.10809999704360962,0.4174000024795532,0.5109999775886536,0.35231637954711914,0.0534985177218914,0.07975000143051147,0.36579999327659607,0.451366662979126
1001,GeoVision_Mumbai_tile_157.tif,Mumbai,65536,356,0.00543212890625,0.09205730259418488,0.018264885991811752,0.051899999380111694,0.09189999848604202,0.16200000047683716,0.10879523307085037,0.02292470633983612,0.05640000104904175,0.11060000211000443,0.18780000507831573,0.1238342672586441,0.032999102026224136,0.05130000039935112,0.1265999972820282,0.21960000693798065,0.15580646693706512,0.0427531898021698,0.055799998342990875,0.1542000025510788,0.24379999935626984,0.1734960675239563,0.04960011690855026,0.04540000110864639,0.1717499941587448,0.3352999985218048,0.15026657283306122,0.046540118753910065,0.0340999998152256,0.14800000190734863,0.28110000491142273
1002,GeoVision_Chennai_tile_87.tif,Chennai,65536,745,0.0113677978515625,0.13740235567092896,0.03627276420593262,0.07485000044107437,0.1273999959230423,0.3871999979019165,0.16055141389369965,0.035815268754959106,0.08715000003576279,0.15330000221729279,0.4334000051021576,0.17744341492652893,0.03950658068060875,0.07169999927282333,0.1720000058412552,0.4560000002384186,0.2226850539445877,0.041855376213788986,0.08820000290870667,0.21979999542236328,0.4729999899864197,0.26058268547058105,0.045014604926109314,0.09324999898672104,0.2563999891281128,0.44304999709129333,0.2352047562599182,0.04376441240310669,0.07315000146627426,0.2316499948501587,0.36559998989105225
1003,GeoVision_Mumbai_tile_5.tif,Mumbai,65536,0,0.0,,,,,,,,,,,,,,,,,,,,,,,,,,,,,,
1004,GeoVision_Jaipur_tile_31.tif,Jaipur,65536,935,0.0142669677734375,0.1503078043460846,0.04970333352684975,0.05824999883770943,0.1404999941587448,0.42820000648498535,0.18874025344848633,0.04987448826432228,0.05510000139474869,0.18449999392032623,0.4697999954223633,0.22334374487400055,0.05107959732413292,0.06040000170469284,0.2220499962568283,0.4885999858379364,0.2783338129520416,0.05145414173603058,0.08474999666213989,0.2766999900341034,0.49399998784065247,0.31893599033355713,0.05765131115913391,0.16580000519752502,0.3140999972820282,0.5353000164031982,0.29532647132873535,0.05946257710456848,0.147599995136261,0.2964499890804291,0.5392500162124634
1005,GeoVision_Kolkata_tile_48.tif,Kolkata,65536,803,0.0122528076171875,0.1054077222943306,0.04047597944736481,0.038600001484155655,0.09769999980926514,0.2802000045776367,0.12551432847976685,0.045297473669052124,0.04639999940991402,0.11760000139474869,0.3312000036239624,0.13980013132095337,0.05232832208275795,0.0406000018119812,0.13199999928474426,0.36399999260902405,0.17407198250293732,0.06023871526122093,0.04320000112056732,0.16300000250339508,0.3944999873638153,0.19493861496448517,0.06677019596099854,0.03889999911189079,0.17839999496936798,0.48339998722076416,0.1734485775232315,0.0691457986831665,0.02239999920129776,0.1589999943971634,0.5389000177383423
1006,GeoVision_Ahmedabad_tile_139.tif,Ahmedabad,65536,249,0.0037994384765625,0.12403959780931473,0.06013140082359314,0.04148999974131584,0.10199999809265137,0.3314499855041504,0.1511034071445465,0.06351777166128159,0.07639999687671661,0.1272333413362503,0.37450000643730164,0.16822127997875214,0.07747630774974823,0.05192499980330467,0.14169999957084656,0.4108999967575073,0.2173633873462677,0.09471302479505539,0.06864999979734421,0.18574999272823334,0.4452333450317383,0.2262110859155655,0.08646215498447418,0.04919999837875366,0.21556667983531952,0.39454999566078186,0.199393630027771,0.07620006799697876,0.03642499819397926,0.18424999713897705,0.3637250065803528
1007,GeoVision_Bengaluru_tile_169.tif,Bengaluru,65536,383,0.0058441162109375,0.12422636151313782,0.04223471134901047,0.039400000125169754,0.11969999969005585,0.23549999296665192,0.16607114672660828,0.046164561063051224,0.06345000118017197,0.16030000150203705,0.32120001316070557,0.21524791419506073,0.05244351178407669,0.08134999871253967,0.20935000479221344,0.3947499990463257,0.2699545621871948,0.054840534925460815,0.11140000075101852,0.2623499929904938,0.445250004529953,0.34810131788253784,0.07175476104021072,0.12575000524520874,0.34700000286102295,0.5691999793052673,0.28021031618118286,0.063470758497715,0.08844999969005585,0.2845500111579895,0.43985000252723694
1008,GeoVision_Bengaluru_tile_109.tif,Bengaluru,65536,140,0.00213623046875,0.1411074995994568,0.07764556258916855,0.06864999979734421,0.11209999769926071,0.43320000171661377,0.1862364262342453,0.07522423565387726,0.07935000211000443,0.1737000048160553,0.49219998717308044,0.2399303913116455,0.08499618619680405,0.06154999881982803,0.23602500557899475,0.5388000011444092,0.29958322644233704,0.08893662691116333,0.05869999900460243,0.28665000200271606,0.5679000020027161,0.35606178641319275,0.11575599759817123,0.1457500010728836,0.3244999945163727,0.5462499856948853,0.3165068030357361,0.11932513862848282,0.12385000288486481,0.29695001244544983,0.5128999948501587
1009,GeoVision_Delhi_tile_138.tif,Delhi,65536,663,0.0101165771484375,0.11077768355607986,0.038511864840984344,0.037050001323223114,0.1225999966263771,0.1809999942779541,0.1377299427986145,0.04349598288536072,0.04490000009536743,0.14910000562667847,0.22939999401569366,0.15362420678138733,0.056151166558265686,0.0502999983727932,0.1679999977350235,0.26809999346733093,0.1984695941209793,0.06702131032943726,0.06360000371932983,0.21774999797344208,0.32100000977516174,0.22239215672016144,0.07288842648267746,0.06610000133514404,0.24140000343322754,0.37940001487731934,0.19436222314834595,0.07686502486467361,0.04270000010728836,0.21205000579357147,0.3675000071525574
1010,GeoVision_Jaipur_tile_108.tif,Jaipur,65536,961,0.0146636962890625,0.12728621065616608,0.021893559023737907,0.0771000012755394,0.12890000641345978,0.2150000035762787,0.1761353760957718,0.023463591933250427,0.11309999972581863,0.17669999599456787,0.25600001215934753,0.2299007922410965,0.02797413244843483,0.1500999927520752,0.22875000536441803,0.3222000002861023,0.3015824258327484,0.030387109145522118,0.21025000512599945,0.299699991941452,0.38960000872612,0.36595892906188965,0.032588131725788116,0.2750999927520752,0.3640500009059906,0.4720500111579895,0.33251985907554626,0.03450417518615723,0.2261500060558319,0.3306500017642975,0.44940000772476196
1011,GeoVision_Chennai_tile_125.tif,Chennai,65536,0,0.0,,,,,,,,,,,,,,,,,,,,,,,,,,,,,,
1012,GeoVision_Mumbai_tile_102.tif,Mumbai,65536,156,0.00238037109375,0.0808565616607666,0.01363837905228138,0.05946666747331619,0.07868094742298126,0.11446665972471237,0.10366016626358032,0.019439829513430595,0.07000000029802322,0.1001800000667572,0.14650000631809235,0.12662316858768463,0.029978029429912567,0.0691400021314621,0.11980000138282776,0.1926400065422058,0.16928847134113312,0.03577351197600365,0.0710500031709671,0.16077999770641327,0.24420000612735748,0.20813706517219543,0.036956507712602615,0.12439999729394913,0.1990666687488556,0.28290000557899475,0.17758242785930634,0.03281267732381821,0.09839999675750732,0.1736000031232834,0.2492000013589859
1013,GeoVision_Chennai_tile_79.tif,Chennai,65536,0,0.0,,,,,,,,,,,,,,,,,,,,,,,,,,,,,,
1014,GeoVision_Jaipur_tile_23.tif,Jaipur,65536,79,0.0012054443359375,0.13732405006885529,0.05613599345088005,0.05460000038146973,0.11879999935626984,0.33320000767707825,0.18343544006347656,0.05643652379512787,0.08420000225305557,0.16859999299049377,0.3808000087738037,0.2270202338695526,0.058660101145505905,0.09109999984502792,0.2232999950647354,0.3919999897480011,0.30125948786735535,0.05557374656200409,0.10679999738931656,0.3111000061035156,0.3961000144481659,0.3580455183982849,0.043783437460660934,0.24490000307559967,0.3718999922275543,0.4101000130176544,0.3194481432437897,0.04392652213573456,0.22200000286102295,0.33480000495910645,0.3725999891757965
1015,GeoVision_Delhi_tile_165.tif,Delhi,65536,199,0.0030364990234375,0.15801532566547394,0.033187270164489746,0.07355000078678131,0.15119999647140503,0.21699999272823334,0.19235126674175262,0.03824036568403244,0.09905000030994415,0.1867000013589859,0.2574999928474426,0.22126784920692444,0.042260125279426575,0.10740000009536743,0.22139999270439148,0.287200003862381,0.26042085886001587,0.04304724559187889,0.17870000004768372,0.2736999988555908,0.33355000615119934,0.2936711013317108,0.04440595582127571,0.22894999384880066,0.30265000462532043,0.40575000643730164,0.28472235798835754,0.04400397092103958,0.19984999299049377,0.2851000130176544,0.3752000033855438
1016,GeoVision_Chennai_tile_172.tif,Chennai,65536,873,0.0133209228515625,0.12267410755157471,0.03597703203558922,0.042500000447034836,0.1242000013589859,0.43880000710487366,0.1579035371541977,0.047901708632707596,0.050700001418590546,0.1599999964237213,0.49959999322891235,0.1913972645998001,0.0661374107003212,0.037700001150369644,0.20080000162124634,0.5171999931335449,0.2322167158126831,0.07724954187870026,0.05119999870657921,0.24860000610351562,0.5667999982833862,0.29819175601005554,0.1079476848244667,0.05889999866485596,0.3158000111579895,0.5005999803543091,0.2823363244533539,0.11824687570333481,0.03739999979734421,0.28940001130104065,0.46470001339912415
1017,GeoVision_Bengaluru_tile_60.tif,Bengaluru,65536,536,0.0081787109375,0.11383367329835892,0.04114054888486862,0.03685000166296959,0.11634999513626099,0.39410001039505005,0.1661859154701233,0.05187646672129631,0.04475000128149986,0.16580000519752502,0.4447999894618988,0.2147017866373062,0.08298906683921814,0.04230000078678131,0.22767500579357147,0.46239998936653137,0.2776448726654053,0.10665968060493469,0.034299999475479126,0.30219998955726624,0.47279998660087585,0.34153029322624207,0.13549745082855225,0.03215000033378601,0.3575499951839447,0.5819500088691711,0.29084402322769165,0.12461879104375839,0.02215000055730343,0.3071749806404114,0.5198000073432922
